soc,state,tot_emp,loc_quotient,a_mean,a_pct10,a_pct25,a_median,a_pct75,a_pct90
11-1011,AK,640,1.51,220770,75870,121990,166710,262750,428990
11-1011,AL,810,0.29,201200,101670,134650,166420,222490,317400
11-1011,AR,3550,2.07,164930,49830,72580,119990,196800,330480
11-1011,CA,34700,1.45,272920,85790,133610,218600,351090,486830
11-1011,CO,,**,240440,88400,134380,213370,302380,402230
11-1011,CT,1660,0.74,376840,156680,203990,295120,456890,680080
11-1011,DE,390,0.61,277630,119990,148830,199990,360810,523940
11-1011,GA,4080,0.63,275840,57290,109290,208180,378450,517910
11-1011,HI,470,0.57,302620,100030,169240,281640,394780,493870
11-1011,IA,3050,1.49,237270,86090,136440,211190,331660,365320
11-1011,ID,2920,2.59,221580,103360,133310,177210,296580,403230
11-1011,IL,4620,0.58,347550,133170,186440,331920,428710,589720
11-1011,IN,1820,0.43,284910,97340,134000,254180,377760,494080
11-1011,KS,1960,1.04,222710,51120,111660,158100,283880,453350
11-1011,KY,2070,0.79,238100,72800,119990,179530,298750,466660
11-1011,MA,6590,1.38,,,,,,
11-1011,MD,3180,0.88,299580,139990,188890,248660,396650,486860
11-1011,ME,1580,1.88,191480,73680,92240,138770,233540,401950
11-1011,MI,4950,0.86,298740,104010,160010,255560,405120,547090
11-1011,MN,6740,1.74,246240,92540,138060,195670,313510,449270
11-1011,MO,2550,0.66,222200,75040,111070,172320,275660,416060
11-1011,MS,310,0.2,173720,101930,119580,139250,185680,304040
11-1011,MT,670,1,223550,73970,104490,182340,312050,432240
11-1011,NC,1930,0.3,347690,114210,182980,314290,442080,624990
11-1011,ND,380,0.67,225920,104590,129610,164560,240090,464030
11-1011,NE,2510,1.87,264120,107200,150160,214680,335760,515360
11-1011,NH,,**,221460,103990,139360,168590,232570,397850
11-1011,NJ,2430,0.43,372910,173560,207160,310440,448910,666030
11-1011,NM,100,0.09,152720,43710,43710,123500,195970,302440
11-1011,NV,1370,0.67,235840,58670,99340,149770,279600,517310
11-1011,NY,8430,0.66,351160,140410,178980,257980,419730,657630
11-1011,OH,4470,0.61,254170,79390,123200,176440,350670,484820
11-1011,OK,2390,1.07,200930,68630,104740,163790,240480,387310
11-1011,OR,910,0.35,403380,179550,217050,341630,520980,772840
11-1011,PA,8850,1.11,302990,118810,162920,232560,397100,528200
11-1011,RI,460,0.7,341100,113970,181270,235360,414180,561080
11-1011,SC,1740,0.57,211720,49760,109000,168840,258950,393490
11-1011,SD,510,0.84,336560,175590,211870,280900,428840,546760
11-1011,TN,4700,1.09,239970,64520,113110,198830,307390,474740
11-1011,TX,8780,0.47,310660,121130,172490,257850,399880,558550
11-1011,UT,3140,1.38,225320,72480,109240,171880,299040,424690
11-1011,VA,4870,0.9,340580,130000,193700,310740,434580,604090
11-1011,VT,360,0.89,250520,108300,138160,175070,303920,428080
11-1011,WA,3170,0.68,360290,160110,216230,339810,442180,607100
11-1011,WI,,**,252660,103560,152760,208350,318910,426290
11-1011,WV,1700,1.84,192840,72160,97550,151950,253870,403020
11-1011,WY,60,0.17,162830,34690,123790,147940,205620,276940
11-1021,AK,6020,0.82,134410,63320,85770,116630,160810,219350
11-1021,AL,30170,0.63,137760,55160,76840,111790,169510,243600
11-1021,AR,34570,1.18,94780,36200,48760,74050,117510,173080
11-1021,AZ,110480,1.51,125200,47990,63040,94800,149550,220280
11-1021,CA,300840,0.73,152250,60370,81620,124390,186230,293810
11-1021,CO,41870,0.65,161970,65310,91180,131840,195190,305040
11-1021,CT,39070,1.02,167400,68010,95300,137220,207860,312890
11-1021,DC,36150,2.29,179130,88590,127110,168000,204890,312070
11-1021,DE,5000,0.46,163820,73430,97920,137220,200010,310700
11-1021,FL,236290,1.06,126940,48670,68400,101580,158340,226080
11-1021,GA,111060,1.01,132660,47440,68000,103730,165100,237460
11-1021,HI,13380,0.95,128130,53230,75050,108180,157490,217160
11-1021,IA,30760,0.88,106800,42850,60200,87690,129990,191990
11-1021,ID,24880,1.29,97980,41920,57470,80390,121050,170990
11-1021,IL,171300,1.25,135540,53240,72300,103570,167980,269320
11-1021,IN,47180,0.65,135100,53820,75690,108170,167830,248610
11-1021,KS,24660,0.76,114720,51780,65350,92840,139410,212700
11-1021,KY,52100,1.16,99990,40500,53820,79370,124710,176820
11-1021,LA,43220,0.99,127120,50470,68750,101790,156040,219240
11-1021,MA,95880,1.17,155020,60700,82190,127220,199540,314780
11-1021,MD,96740,1.55,136570,58190,78760,117930,172410,235850
11-1021,ME,14770,1.02,112650,52560,71090,98860,135210,190050
11-1021,MI,85860,0.87,123610,49380,65000,99530,155330,222810
11-1021,MN,72860,1.1,117330,46960,64650,99340,150530,209970
11-1021,MO,109020,1.65,102610,42460,54850,79300,123340,188820
11-1021,MS,10630,0.41,129910,48620,68920,106680,158890,238230
11-1021,MT,11840,1.03,107490,48890,64990,91380,128650,187260
11-1021,NC,63740,0.57,128520,48340,66800,101950,162170,238230
11-1021,ND,11150,1.15,115830,52000,68950,98170,135180,184720
11-1021,NE,24030,1.04,106770,48010,61870,85090,131370,193080
11-1021,NH,22110,1.44,146910,61100,79830,124680,175660,264270
11-1021,NJ,53000,0.55,205250,77350,111580,173690,284250,372770
11-1021,NM,16330,0.83,118750,47710,64090,98630,142650,214590
11-1021,NV,38920,1.11,133390,47950,64220,99390,157340,255060
11-1021,NY,206740,0.95,167820,62340,85770,130860,209110,336070
11-1021,OH,153160,1.22,120420,47400,62880,97700,153310,216360
11-1021,OK,43890,1.14,111630,45840,60130,90430,135600,202740
11-1021,OR,36190,0.82,131710,54350,74670,103490,160590,237090
11-1021,PA,172010,1.26,126200,49990,72580,103130,158800,220530
11-1021,RI,9150,0.81,143370,64990,85700,117380,171220,243520
11-1021,SC,32230,0.62,127450,56520,75480,106080,158250,219350
11-1021,SD,4280,0.42,153020,85990,105210,137400,185100,232000
11-1021,TN,63720,0.86,132520,50820,72500,106970,163820,230660
11-1021,TX,431310,1.36,133280,46190,64470,103230,168510,264620
11-1021,UT,42580,1.09,118950,44100,62140,97850,152310,213270
11-1021,VA,103590,1.12,141370,56400,78240,122080,178490,261060
11-1021,VT,8000,1.17,121610,59500,75460,98640,148620,218550
11-1021,WA,50630,0.63,158920,77680,101030,133750,188290,269320
11-1021,WI,36910,0.56,140350,59540,79360,118730,171130,247560
11-1021,WV,15300,0.97,101610,45500,59550,82500,125180,175070
11-1021,WY,7470,1.18,117580,50740,64090,99700,144250,214810
11-2021,AK,240,0.29,130600,79640,99430,116270,152910,196800
11-2021,AL,1540,0.29,135310,70790,89950,120160,164800,225300
11-2021,AR,1860,0.56,148230,67340,97280,136520,178310,223680
11-2021,AZ,4870,0.59,152080,86010,119000,132220,172000,225150
11-2021,CA,54660,1.18,207860,104370,139950,193620,271360,326400
11-2021,CO,6010,0.82,196210,121560,149100,182730,223470,289870
11-2021,CT,5800,1.34,179330,101330,130400,169240,219830,283930
11-2021,DC,3470,1.95,194070,107400,139510,177170,231330,291740
11-2021,DE,1060,0.86,,,,,,
11-2021,FL,24820,0.98,159010,78250,104010,142620,203490,261310
11-2021,GA,8510,0.69,168940,94390,122320,160760,205400,277180
11-2021,HI,570,0.36,132170,68610,92510,117770,164810,218210
11-2021,IA,2210,0.56,139870,80160,103550,131120,166830,203180
11-2021,ID,1320,0.61,150750,76690,102630,142090,197240,251590
11-2021,IL,21140,1.36,170370,95990,124300,162860,212040,276340
11-2021,IN,3350,0.41,150830,82380,104070,136260,178210,233460
11-2021,KS,1570,0.43,163980,97870,116620,154510,202580,243790
11-2021,KY,1930,0.38,138310,77340,93780,128930,170720,204550
11-2021,LA,940,0.19,136210,72800,85770,120650,155140,208180
11-2021,MA,14270,1.54,213230,122350,167290,212020,261420,310510
11-2021,MD,6510,0.93,160240,82830,107010,154160,200080,256260
11-2021,ME,1320,0.81,157080,92710,112760,135380,186160,232310
11-2021,MI,6620,0.59,150850,80260,104320,138510,181720,222910
11-2021,MN,8500,1.13,191820,103160,130610,173300,219250,303350
11-2021,MO,6550,0.88,144840,76160,100120,130550,173580,226700
11-2021,MS,770,0.26,120770,61790,75170,100940,156020,209090
11-2021,MT,,**,170770,90670,114430,165580,207160,212760
11-2021,NC,10790,0.86,173660,96760,127120,165480,210580,274100
11-2021,ND,180,0.16,136760,78340,103980,125580,157830,198340
11-2021,NE,1910,0.73,127360,74510,93950,110570,145660,194650
11-2021,NH,1460,0.84,161610,96990,132740,143280,187870,229920
11-2021,NJ,13510,1.24,198400,126760,153650,180040,228520,298870
11-2021,NM,800,0.36,130660,77540,85770,122980,161550,204770
11-2021,NV,3430,0.87,134410,66660,83270,107550,167660,221890
11-2021,NY,54000,2.19,202480,104140,140140,181200,233730,324310
11-2021,OH,10620,0.75,147400,77490,102000,132330,175750,224990
11-2021,OK,1420,0.33,136560,69990,96940,126920,162480,210760
11-2021,OR,4960,0.99,171930,93220,119790,161560,215250,280020
11-2021,PA,13840,0.9,159270,76990,104680,150810,207490,246320
11-2021,SC,3760,0.64,162650,79870,105170,143290,192520,275430
11-2021,SD,220,0.19,172390,101350,121070,167750,233820,233820
11-2021,TN,7730,0.93,145590,78790,98810,131990,173180,222680
11-2021,TX,44680,1.25,159810,81820,106110,147880,200430,259200
11-2021,UT,6100,1.38,152090,79400,104720,139830,179180,229240
11-2021,VA,6890,0.66,195940,107710,142820,187820,246900,292430
11-2021,WA,8880,0.98,185590,98220,127660,172270,224170,293590
11-2021,WI,4890,0.65,145300,83990,104980,133600,176080,211990
11-2021,WV,300,0.17,121140,70970,80200,98750,150170,194200
11-2021,WY,100,0.14,155840,96690,117470,161580,193100,220380
11-2022,AK,850,0.64,113120,70370,81990,98860,136660,171700
11-2022,AL,4670,0.54,136400,66050,87490,124040,167200,218270
11-2022,AR,3710,0.69,135820,53860,67600,108330,176480,245640
11-2022,AZ,13870,1.04,158700,74510,101720,145690,196010,255220
11-2022,CA,112440,1.51,160260,64430,91210,134910,206710,300580
11-2022,CO,8780,0.75,200720,105270,140990,180850,237710,316830
11-2022,CT,8560,1.23,175420,92530,120500,162110,214590,281490
11-2022,DC,1930,0.67,162050,83560,103750,141800,198140,270340
11-2022,FL,46480,1.14,150120,71650,94770,131900,183170,263160
11-2022,GA,17690,0.88,170360,79560,106500,159890,210260,292490
11-2022,HI,1710,0.67,133140,71290,86740,116340,162850,218870
11-2022,IA,3260,0.51,147720,72130,99780,134010,172810,220770
11-2022,ID,2490,0.71,146270,70730,102320,135350,175160,224890
11-2022,IL,32240,1.29,167030,78760,108420,155280,208670,282890
11-2022,IN,9700,0.74,148420,69570,96470,131470,178500,231350
11-2022,KS,6820,1.16,168320,91530,122110,159990,206810,249990
11-2022,KY,6650,0.81,147860,67690,94410,128650,181770,236990
11-2022,LA,4360,0.55,131110,61040,77410,110700,161490,217600
11-2022,MA,15010,1.01,201180,100510,141040,191200,235420,321000
11-2022,MD,,**,152450,67270,93610,137150,180000,257350
11-2022,ME,,**,146900,66280,93610,158660,174990,213950
11-2022,MI,17950,1,151230,69790,96790,136870,184960,230070
11-2022,MN,11240,0.93,160560,79900,103440,151670,200740,258460
11-2022,MO,7630,0.63,133530,60920,81410,115370,165930,223340
11-2022,MS,1870,0.39,129830,58350,79150,108750,155920,217460
11-2022,MT,1200,0.57,133700,81030,91980,117390,167610,205760
11-2022,NC,16920,0.84,168100,69350,100480,150470,211950,297760
11-2022,ND,550,0.31,128800,79610,93280,119990,159710,197290
11-2022,NE,3000,0.72,141810,72410,88410,126990,174990,227870
11-2022,NH,2820,1.01,162680,88550,111050,141900,192830,265620
11-2022,NJ,20090,1.14,190770,103580,132620,173020,225790,308630
11-2022,NM,1750,0.49,127850,65190,91990,114080,153880,204790
11-2022,NV,5770,0.91,139420,66320,79350,109790,170900,221030
11-2022,NY,38510,0.97,239740,107670,163090,217640,316030,378910
11-2022,OH,22840,1,152010,74190,98850,135510,184450,251110
11-2022,OK,3250,0.46,150650,63070,93670,128920,182500,275440
11-2022,OR,5260,0.65,170570,86490,114390,155810,212110,274490
11-2022,PA,20460,0.82,147200,71500,95640,130610,175600,239470
11-2022,RI,1120,0.54,162160,90910,111000,154970,199310,258950
11-2022,SC,9340,0.99,143660,62060,86700,131080,177950,223760
11-2022,SD,450,0.24,141590,72510,89700,136360,175350,219050
11-2022,TN,12270,0.91,144040,67220,90920,128040,173500,231830
11-2022,TX,76010,1.32,154120,68750,96450,136020,193630,268450
11-2022,UT,8990,1.26,152820,72800,97850,136520,193440,253390
11-2022,VA,9670,0.57,195390,94710,134490,191130,236690,302900
11-2022,VT,930,0.74,156180,87170,102490,138650,189100,261730
11-2022,WA,10030,0.69,187460,104000,130610,174000,226150,291620
11-2022,WI,10480,0.87,149600,76330,101710,134870,178660,222110
11-2022,WV,1110,0.39,111170,57150,68410,94830,134320,188170
11-2022,WY,300,0.26,137630,67260,91350,129840,197010,209490
11-3013,AK,870,2.66,120810,78410,96560,113510,138540,172780
11-3013,AL,940,0.44,126100,82450,99440,121010,144990,174990
11-3013,AR,880,0.67,102290,53750,69180,89810,123970,168000
11-3013,AZ,3430,1.05,106070,62160,77200,99880,128030,160050
11-3013,CA,20550,1.12,127420,70690,85870,118620,157810,203400
11-3013,CO,2150,0.75,131060,79030,98560,122510,151930,195360
11-3013,CT,2650,1.56,119250,70420,88340,110990,138350,170650
11-3013,DC,930,1.32,122990,77680,86970,115770,144990,176990
11-3013,DE,240,0.49,139400,90540,107620,129260,166000,192290
11-3013,FL,8620,0.86,103890,52300,71840,98780,125650,164870
11-3013,GA,2670,0.54,125630,73240,90910,114360,147830,191200
11-3013,HI,760,1.21,115940,66810,86200,108750,139890,174010
11-3013,IA,2340,1.5,101380,60030,76480,99010,122570,141010
11-3013,ID,610,0.71,110460,66560,80460,99870,132860,172330
11-3013,IL,9180,1.5,113070,62700,82800,106980,133460,165400
11-3013,IN,4110,1.28,113860,58860,80800,104560,135800,180440
11-3013,KS,1080,0.75,125580,77180,94380,117270,141620,177780
11-3013,KY,1070,0.53,109780,59990,77370,100720,133650,168150
11-3013,LA,1160,0.6,102760,62370,71610,97120,113520,163170
11-3013,MA,6070,1.66,131200,77430,99100,124100,159980,196150
11-3013,MD,5210,1.88,108020,62620,73860,97700,133610,168900
11-3013,ME,670,1.04,103320,64440,78700,98310,118290,144040
11-3013,MI,4920,1.11,104030,60550,75370,98150,125460,159160
11-3013,MN,3000,1.01,116290,74220,87790,109720,134540,168500
11-3013,MO,1920,0.65,105950,60140,74280,100380,125450,160410
11-3013,MS,930,0.79,99260,51030,69680,93640,124900,156590
11-3013,MT,340,0.66,99820,59700,76570,96100,121610,142060
11-3013,NC,4810,0.97,115410,62680,83290,108130,134120,171950
11-3013,ND,270,0.63,101610,62120,81910,92040,122100,144050
11-3013,NE,1430,1.39,107920,64480,83200,102150,127520,159830
11-3013,NH,550,0.81,111970,60310,82650,106690,130480,172830
11-3013,NJ,5690,1.32,130980,79680,98480,124110,158500,192910
11-3013,NM,390,0.45,121350,67330,89070,108110,137310,187750
11-3013,NV,1250,0.8,113120,66070,81370,101850,133050,175620
11-3013,NY,9580,0.98,143630,80160,100510,131350,170100,215730
11-3013,OH,6030,1.08,101900,57540,73970,97740,124750,151320
11-3013,OK,1040,0.61,101280,53860,69720,90390,123560,166370
11-3013,OR,1830,0.93,117760,71840,89010,110710,139560,171130
11-3013,PA,6870,1.13,102230,62140,77190,95290,121760,151190
11-3013,RI,470,0.94,119200,76130,89900,106510,134690,176550
11-3013,SC,1750,0.76,113950,68610,83910,103940,137950,169950
11-3013,SD,370,0.8,104360,75630,86090,101280,118700,134560
11-3013,TN,2580,0.78,114830,70010,85100,106730,134130,167990
11-3013,TX,13140,0.93,109930,56960,74360,99430,133730,173460
11-3013,UT,1770,1.02,103860,63620,78870,99320,125160,147440
11-3013,VA,2950,0.71,125760,76920,91820,116540,153570,191310
11-3013,VT,500,1.65,92060,60880,65870,88710,106190,133180
11-3013,WA,2790,0.78,143770,89200,111550,139990,164560,207120
11-3013,WI,2010,0.68,113340,73650,92290,103620,128650,158720
11-3013,WV,610,0.87,97850,53050,70010,95050,118680,154320
11-3013,WY,190,0.67,113790,79680,87840,106330,135030,159940
11-3021,AK,970,0.69,138190,92290,109210,133490,163520,197510
11-3021,AL,7670,0.84,148000,83260,105780,138670,174470,213460
11-3021,AR,3420,0.61,138910,78630,97300,127220,165720,219250
11-3021,AZ,14270,1.02,170050,102320,129630,166430,200060,228200
11-3021,CA,94720,1.21,238440,129970,170240,218290,293470,325970
11-3021,CO,11510,0.93,202500,130570,162070,199420,229350,293250
11-3021,CT,10570,1.45,184030,105920,137200,171750,215950,290600
11-3021,DC,5690,1.88,200760,126520,167590,195190,223160,286280
11-3021,DE,2140,1.03,190950,124290,141450,168500,225110,310250
11-3021,FL,35040,0.82,175140,100390,131630,168470,209720,264460
11-3021,GA,18560,0.88,187100,119110,142520,173940,216100,279640
11-3021,HI,1200,0.44,155230,103200,121600,141640,169510,229880
11-3021,IA,3920,0.58,154640,101340,121640,143780,173860,213730
11-3021,ID,1950,0.53,156520,92680,116540,162240,176200,219380
11-3021,IL,31680,1.2,179190,105350,133220,171730,212040,273500
11-3021,IN,8060,0.58,153520,94780,117150,142040,175220,214590
11-3021,KS,4050,0.65,171190,102690,131120,164830,206820,253010
11-3021,KY,3130,0.36,150620,85770,109560,140360,175150,217000
11-3021,LA,2860,0.34,136670,80390,98830,127500,165060,200870
11-3021,MA,24910,1.59,218740,134390,173350,214960,260040,308250
11-3021,MD,14620,1.23,176850,106620,137240,171490,209060,245830
11-3021,ME,1450,0.52,163470,99030,126450,160260,201410,218290
11-3021,MI,16010,0.84,166790,99270,128050,163760,196800,232870
11-3021,MN,10970,0.86,186520,110830,143970,176380,215000,277490
11-3021,MO,11130,0.88,158620,95690,125130,159460,182370,216330
11-3021,MS,1710,0.34,131880,79570,99390,124280,158810,186730
11-3021,MT,1180,0.53,146100,92820,107410,132860,174770,215800
11-3021,NC,25650,1.2,184680,108280,137690,172860,217280,287840
11-3021,ND,850,0.46,146840,94820,114990,149130,171470,192560
11-3021,NE,5070,1.15,147830,97360,112140,135780,170180,211500
11-3021,NH,3810,1.29,186790,112090,145970,176540,213620,263960
11-3021,NJ,34470,1.87,206650,137070,168250,203460,227650,294110
11-3021,NM,1500,0.4,154800,89870,116810,137730,183000,234780
11-3021,NV,3610,0.54,177200,99090,129260,165000,207860,294150
11-3021,NY,48050,1.15,223590,134870,169720,214300,288230,323670
11-3021,OH,19500,0.81,169360,100900,129570,163640,205860,233510
11-3021,OK,3790,0.51,146050,82970,104990,137280,171350,214590
11-3021,OR,7440,0.88,180880,109370,138590,175270,217160,264440
11-3021,PA,27060,1.03,169100,101520,127440,163910,206150,246580
11-3021,RI,1210,0.56,174020,103410,127830,167270,210800,252140
11-3021,SC,4930,0.5,166190,95990,121560,160860,200480,233500
11-3021,SD,380,0.19,168550,119670,140390,162240,195840,221420
11-3021,TN,12040,0.85,167270,98380,126310,158700,193030,237640
11-3021,TX,73060,1.2,181500,106390,136870,171530,213550,277160
11-3021,UT,8810,1.18,169960,107580,125550,163610,201980,237970
11-3021,VA,17550,0.99,206920,133320,166430,201490,234310,300720
11-3021,VT,1100,0.84,152390,99180,101540,138460,179740,226960
11-3021,WA,16960,1.11,222510,130010,165670,209370,287690,327300
11-3021,WI,8880,0.7,165150,99260,127160,160140,198760,230980
11-3021,WV,1100,0.36,141510,78440,98780,139820,174580,205040
11-3021,WY,330,0.27,135610,83740,100100,120850,144620,197960
11-3031,AK,2020,1.14,139740,85440,102560,127030,163560,205080
11-3031,AL,7200,0.63,160120,86340,108390,140500,191080,256750
11-3031,AR,7120,1.01,136680,62780,82140,116570,168060,225010
11-3031,AZ,14900,0.85,158550,80690,104250,139830,183860,254840
11-3031,CA,93310,0.95,210490,101820,136030,180770,269990,341670
11-3031,CO,10640,0.68,209360,123900,149120,182690,238380,339290
11-3031,CT,20040,2.18,201260,98540,135540,174830,233210,333370
11-3031,DC,8930,2.35,210420,130880,161470,188880,231000,349420
11-3031,DE,2810,1.07,203890,129930,156330,181580,226040,321620
11-3031,FL,48910,0.91,169990,79450,105440,153280,207150,303790
11-3031,GA,21390,0.81,182920,94040,126560,166790,215910,315890
11-3031,HI,3790,1.12,146850,79060,103090,134210,167910,220190
11-3031,IA,9130,1.08,149730,80020,102130,133320,173660,225920
11-3031,ID,3120,0.67,142420,76890,96210,127210,165780,213230
11-3031,IL,52720,1.6,183920,100070,128370,165880,216800,313110
11-3031,IN,12560,0.73,153260,80610,101970,135840,183130,234710
11-3031,KS,5190,0.67,171510,97510,122290,159380,200970,273640
11-3031,KY,6630,0.61,145780,82110,100190,130650,169680,223290
11-3031,LA,7070,0.68,142670,78040,99200,126800,168340,220870
11-3031,MA,26150,1.33,218230,120850,161870,206760,287520,332490
11-3031,MD,19770,1.32,170350,84030,117640,158750,209550,290190
11-3031,ME,3120,0.9,151450,81700,104150,133610,172110,231620
11-3031,MI,22490,0.94,158110,80280,105490,139370,182120,258480
11-3031,MN,16680,1.04,176560,99250,126580,163410,212250,277680
11-3031,MO,13330,0.84,163820,86950,112650,143460,198110,273420
11-3031,MS,3470,0.55,128380,58250,79640,111390,155580,210520
11-3031,MT,1510,0.55,150850,81430,100770,131060,181260,234370
11-3031,NC,22460,0.84,196240,100950,129780,166780,223540,322090
11-3031,ND,2140,0.92,153130,87610,106490,135890,176440,229150
11-3031,NE,5630,1.02,155410,89990,108040,140360,177000,227640
11-3031,NH,4330,1.17,160920,87270,115390,144730,187240,243350
11-3031,NJ,32510,1.4,216740,130630,162800,199110,279330,337130
11-3031,NM,2530,0.54,147820,90750,107920,133700,176620,216360
11-3031,NV,8090,0.96,154570,75240,95990,132490,174550,282460
11-3031,NY,80810,1.54,246560,124670,166410,219880,328210,370780
11-3031,OH,27360,0.91,162780,82190,107000,140870,192560,273760
11-3031,OK,6670,0.72,151850,69910,96610,132460,179750,238250
11-3031,OR,7610,0.71,173790,100890,124190,156460,202730,277820
11-3031,PA,32180,0.98,164650,83180,109470,145610,200530,286240
11-3031,RI,2570,0.95,181400,97180,131000,166940,218390,304310
11-3031,SC,9020,0.72,160800,78930,102610,136160,193090,277850
11-3031,SD,1000,0.4,172430,113930,134980,159700,192530,232240
11-3031,TN,17630,0.99,164480,83080,107450,141010,194620,288750
11-3031,TX,71870,0.94,180170,98250,127480,164860,214070,309290
11-3031,UT,8860,0.94,168050,87550,116940,150450,190780,282980
11-3031,VA,20850,0.94,199320,108760,146320,185220,224130,323300
11-3031,VT,1790,1.09,146120,81230,100480,128690,172530,220750
11-3031,WA,12930,0.67,195430,115250,138450,174840,222240,318450
11-3031,WI,15530,0.98,155800,83100,106820,139720,178160,236620
11-3031,WV,2610,0.69,127910,73260,82280,113140,153370,199920
11-3031,WY,730,0.48,134710,64140,90270,124910,161590,203230
11-3051,AK,410,0.79,121290,70640,94140,113280,146990,175600
11-3051,AL,3620,1.08,129300,69560,92350,122520,160380,204050
11-3051,AR,2560,1.24,129370,74970,96860,118120,163210,201560
11-3051,AZ,3630,0.71,137500,79410,100720,124810,154870,199440
11-3051,CA,25130,0.87,146860,80950,102490,132620,173660,222020
11-3051,CO,1730,0.38,153040,86460,108170,141020,189300,230410
11-3051,CT,3360,1.25,139480,91360,106140,134780,163270,202560
11-3051,DC,50,0.05,150610,97220,107990,124420,165860,202030
11-3051,DE,370,0.48,156570,99770,129290,153000,178190,214960
11-3051,FL,9480,0.6,131000,66250,86090,119870,161970,212910
11-3051,GA,5510,0.71,132340,75720,99110,127820,161270,194480
11-3051,HI,130,0.13,132200,74880,83380,124650,169680,199670
11-3051,IA,3620,1.47,118060,74830,90990,106510,133140,171910
11-3051,ID,1210,0.89,116970,69100,85720,107340,135640,175140
11-3051,IL,11570,1.2,135560,82900,101990,127270,162070,205310
11-3051,IN,9400,1.85,130480,78410,98740,121500,157830,207820
11-3051,KS,2420,1.07,134560,82340,100360,125750,159660,203680
11-3051,KY,6430,2.03,124010,73530,91490,112250,145070,187950
11-3051,LA,2680,0.87,143040,79350,103880,133210,168560,213350
11-3051,MA,4470,0.78,162230,99920,125390,148050,184050,227080
11-3051,MD,2480,0.57,139400,78760,102550,132540,167110,213100
11-3051,ME,800,0.79,131090,83540,105340,124810,158410,188710
11-3051,MI,14320,2.05,126420,77110,97090,120660,148360,182060
11-3051,MN,5080,1.09,136480,79020,98400,123580,160810,218510
11-3051,MO,4110,0.88,124090,71840,91120,117660,146110,183200
11-3051,MS,2290,1.24,125490,70810,95220,118660,151780,187620
11-3051,MT,270,0.34,129160,79990,96530,120690,155260,182400
11-3051,NC,9640,1.23,135050,77130,97460,125940,161330,206310
11-3051,ND,490,0.72,125190,76180,97360,116050,146710,181530
11-3051,NE,2160,1.33,118390,75110,87550,107200,133840,171240
11-3051,NH,1540,1.42,156150,92570,120660,146590,191620,218800
11-3051,NJ,6780,1,153000,91410,114490,147260,177870,218150
11-3051,NM,670,0.49,138740,74910,99170,124670,173540,216390
11-3051,NV,1620,0.66,121720,75650,87170,112270,141570,187220
11-3051,NY,6630,0.43,139540,81960,101260,130470,167080,206450
11-3051,OH,14290,1.63,119910,73180,88500,109340,138560,171100
11-3051,OK,2140,0.79,124500,69990,90760,120570,145610,185730
11-3051,OR,3150,1.01,125890,75190,95460,119420,145900,182270
11-3051,PA,10200,1.06,121380,71950,87170,109140,143480,180750
11-3051,RI,940,1.19,132610,79660,102830,124120,161210,192120
11-3051,SC,6390,1.75,136170,80510,100490,126880,161270,204910
11-3051,SD,720,0.99,117070,82620,96530,107490,132470,162240
11-3051,TN,6310,1.21,128350,74980,92090,119430,155240,198520
11-3051,TX,21200,0.95,138210,79780,98260,130890,165980,207880
11-3051,UT,2590,0.94,124640,73740,94150,115290,145430,189080
11-3051,VA,2570,0.4,139740,83390,101550,128230,167180,206820
11-3051,VT,480,1,123620,78710,92820,114150,140260,175390
11-3051,WA,4760,0.85,158510,112970,135210,145210,172140,213930
11-3051,WV,1000,0.9,123440,79500,95480,111760,141750,175070
11-3051,WY,390,0.88,152790,99980,125420,151490,170900,201180
11-3061,AK,140,0.8,116560,80420,91360,114650,139560,160650
11-3061,AL,1520,1.32,132260,77990,98100,130710,158110,188140
11-3061,AR,930,1.32,159840,74290,96560,156450,214710,273100
11-3061,AZ,1630,0.93,150180,97810,113510,138940,171080,211510
11-3061,CA,7470,0.76,165780,99560,125000,159830,196620,241340
11-3061,CO,1320,0.85,183310,122790,141190,171250,209740,247610
11-3061,CT,1420,1.54,154900,99440,119510,138680,175680,218460
11-3061,DC,1110,2.92,175130,147220,161470,175720,189950,195190
11-3061,DE,150,0.59,,,,,,
11-3061,FL,3960,0.74,141140,76460,98810,133410,168720,211410
11-3061,GA,3430,1.29,163270,91560,119360,155360,205100,250120
11-3061,HI,220,0.66,124000,82200,89610,113490,147330,173310
11-3061,IA,610,0.72,130130,81500,98270,121580,154400,197010
11-3061,ID,270,0.59,145250,79790,108690,136970,193240,207010
11-3061,IL,4160,1.26,161930,100990,127070,153370,183930,225450
11-3061,IN,1190,0.69,135080,80270,100670,126880,161920,192260
11-3061,KS,920,1.19,163580,101890,125900,159850,200650,221670
11-3061,KY,920,0.85,127000,76770,96470,124350,144720,174690
11-3061,LA,470,0.45,122110,77870,89660,109630,145270,179000
11-3061,MA,2160,1.1,179070,105500,135340,170750,215850,266990
11-3061,MD,2380,1.59,157990,102900,130510,161470,180480,199950
11-3061,ME,170,0.48,139990,88400,111180,135970,161350,189970
11-3061,MI,2780,1.16,153680,96530,117990,142120,174850,214780
11-3061,MN,1340,0.84,152010,95200,118190,144810,175470,216480
11-3061,MO,960,0.6,136330,80080,98600,132100,163650,205880
11-3061,MS,320,0.51,122820,68690,89990,122940,147700,174820
11-3061,MT,160,0.59,134420,78800,107130,123480,172210,186280
11-3061,NC,2670,1,151090,94240,110290,138710,177500,219150
11-3061,ND,50,0.22,138010,85770,104290,130110,166710,191620
11-3061,NE,440,0.79,129590,77690,99800,124010,155340,183930
11-3061,NH,540,1.46,165550,104010,126540,162900,183000,214710
11-3061,NJ,3430,1.47,186350,117660,140610,174520,218770,285280
11-3061,NM,240,0.5,138720,94710,108280,134790,160680,192480
11-3061,NV,450,0.53,129210,76680,95390,120270,151450,184850
11-3061,NY,6930,1.32,177260,102800,128350,166300,208320,282360
11-3061,OH,3490,1.16,147350,93780,109280,134580,169060,216800
11-3061,OK,480,0.52,124030,78560,94160,119310,144890,173930
11-3061,OR,980,0.92,146090,92560,110450,137190,171620,213110
11-3061,PA,2530,0.77,146520,84480,106020,141790,170190,213390
11-3061,RI,220,0.82,144730,98410,105340,134560,162710,206980
11-3061,SC,830,0.66,138410,83210,102770,131720,165070,201790
11-3061,SD,70,0.26,135990,95100,114390,128670,152530,187190
11-3061,TN,1460,0.82,153620,90340,113930,137060,171760,228230
11-3061,TX,9640,1.26,145520,86340,105990,134670,169930,212340
11-3061,UT,510,0.54,130820,83620,98880,125940,159470,186710
11-3061,VA,3540,1.59,170830,109270,138250,166230,195190,222230
11-3061,VT,90,0.56,141750,94240,116230,135720,164400,179360
11-3061,WA,1770,0.92,167790,112120,134000,162730,192430,220350
11-3061,WI,1610,1.01,134870,81510,101080,124990,156270,201990
11-3061,WV,180,0.47,147100,89080,122650,147220,167830,194410
11-3061,WY,40,0.26,128990,87530,96540,123380,149430,170820
11-3071,AK,,**,114410,76310,92040,103080,130620,157100
11-3071,AL,1250,0.41,124700,63710,91120,118320,149540,198970
11-3071,AR,1440,0.78,108830,52620,72180,89200,124970,174990
11-3071,AZ,3390,0.74,111650,68780,81650,98750,129680,166680
11-3071,CA,30540,1.18,133520,71260,86290,123780,166100,208420
11-3071,CO,2310,0.57,140330,80160,102490,132610,167200,213580
11-3071,CT,2410,1,122760,68760,82870,114210,149660,179230
11-3071,DC,610,0.61,143760,79910,105750,132180,189950,195190
11-3071,DE,310,0.45,153200,101250,124290,145000,176010,210080
11-3071,FL,,**,113060,54490,70990,101570,149310,173950
11-3071,GA,6700,0.96,133650,74920,94240,123330,164650,207890
11-3071,HI,830,0.93,115630,70350,82940,101480,130800,173630
11-3071,IA,1850,0.83,107740,61340,79630,99010,128180,164980
11-3071,ID,1040,0.85,103630,56510,71980,93920,114680,171940
11-3071,IL,11030,1.27,129630,68310,91940,120250,156020,207570
11-3071,IN,4190,0.92,118260,70690,86670,108720,137510,174220
11-3071,KS,1150,0.56,116580,79300,92160,106130,133170,164790
11-3071,KY,2340,0.82,109950,58250,73900,100340,131510,175390
11-3071,LA,2840,1.03,99290,54220,71420,93650,120010,154240
11-3071,MA,4310,0.83,139330,75400,94990,123830,169740,223700
11-3071,MD,3550,0.9,117050,71450,84990,105180,137470,169680
11-3071,ME,370,0.4,112210,65010,85500,102110,130340,169370
11-3071,MI,8180,1.31,108510,61720,77100,99100,128990,169020
11-3071,MN,4030,0.96,128660,71610,91420,118180,156030,200450
11-3071,MO,3650,0.87,116740,58240,76750,102870,142420,186040
11-3071,MS,2410,1.46,96480,51780,64810,85770,114280,154470
11-3071,MT,300,0.41,110830,66300,88440,108180,130510,146570
11-3071,NC,6650,0.95,120690,66090,82870,106100,143490,191650
11-3071,ND,390,0.63,108810,70420,89560,100720,126960,151430
11-3071,NE,1420,0.97,102100,64320,76930,97380,117250,147110
11-3071,NH,530,0.55,135530,80550,102230,129470,161660,198700
11-3071,NJ,9120,1.5,145200,87330,105080,130610,169390,216840
11-3071,NM,660,0.53,106320,65610,82320,101420,120890,155370
11-3071,NV,2250,1.02,107800,62780,80370,99860,122990,162720
11-3071,NY,6740,0.49,137620,80430,99080,127180,163210,204600
11-3071,OH,9480,1.2,112410,62160,77830,101550,130860,175190
11-3071,OK,1660,0.68,104740,53930,68250,96830,127590,168180
11-3071,OR,2860,1.02,117430,66260,83200,103520,135330,186460
11-3071,PA,8540,0.99,121070,65560,81600,105240,139110,182390
11-3071,RI,450,0.63,125860,71760,88840,117600,153220,207580
11-3071,SC,3460,1.06,121290,68150,83780,106860,145310,199970
11-3071,SD,370,0.57,107970,70090,88250,107410,123670,147230
11-3071,TN,4910,1.05,113090,55420,70640,100740,139740,181680
11-3071,TX,28710,1.43,114870,63380,79390,100700,135960,177340
11-3071,UT,3010,1.22,111480,65090,80580,102180,131200,169180
11-3071,VA,3380,0.58,130290,77010,93570,119140,157250,205640
11-3071,VT,390,0.9,115170,70090,88910,101850,131510,167530
11-3071,WA,2490,0.49,143410,84870,106090,136500,166730,202070
11-3071,WI,5410,1.29,108370,57410,74660,95900,128390,176090
11-3071,WV,530,0.53,101620,56970,62520,98230,120010,157540
11-3071,WY,130,0.33,114210,77960,92270,112310,134960,145960
11-9013,AR,50,0.86,81450,36760,38730,63920,123570,136730
11-9013,CA,1650,2.17,122560,73790,96630,109140,142180,174810
11-9013,FL,320,0.77,111910,53720,74770,87080,141370,186940
11-9013,GA,50,0.24,97620,56270,66790,95900,103570,158480
11-9013,HI,80,3.12,78170,36410,55750,68750,87910,127970
11-9013,IA,180,2.77,83670,52200,62270,77930,104470,112600
11-9013,ID,250,6.93,92600,68120,74090,81010,103540,130160
11-9013,IL,120,0.47,106410,64810,72860,99440,144910,147020
11-9013,IN,90,0.67,92790,49700,65330,83100,104140,154080
11-9013,KS,40,0.59,109870,60340,65800,102490,137640,199990
11-9013,KY,110,1.35,89300,58350,67140,74640,98910,129460
11-9013,MD,140,1.17,76940,46610,47840,67600,104670,127860
11-9013,MI,270,1.49,80910,40140,57400,82620,105000,125550
11-9013,MN,160,1.33,73720,60940,64930,65900,78000,104530
11-9013,MO,60,0.51,89440,58950,66780,77650,95410,145490
11-9013,MS,80,1.61,84880,26000,61110,95210,112930,124800
11-9013,MT,30,1.51,102640,61760,62780,110250,121960,155440
11-9013,NC,250,1.19,108780,38150,49990,80540,118990,252100
11-9013,NE,200,4.65,111970,71630,75950,111460,134950,144780
11-9013,NJ,,**,104220,73440,73440,86380,112520,165770
11-9013,NY,130,0.32,95510,51020,57130,89370,128480,156210
11-9013,OH,100,0.43,70000,39520,58830,65990,85990,92760
11-9013,OK,80,1.08,72090,51000,51000,69050,79420,104580
11-9013,OR,190,2.28,88180,65770,69820,81560,93730,127490
11-9013,PA,80,0.33,79760,49310,58540,76040,91410,116920
11-9013,SC,40,0.39,,,,,,
11-9013,TX,610,1.04,87030,43240,62750,85990,108540,129560
11-9013,VA,50,0.27,73590,51610,57410,66780,83630,97290
11-9013,WA,140,0.94,109820,66900,82740,103240,131750,165720
11-9013,WI,30,0.28,96880,76850,80790,86320,107360,127410
11-9013,WV,50,1.57,73620,54540,54830,62740,87890,99270
11-9021,AK,1720,2.16,153030,98810,121290,139190,171370,213710
11-9021,AL,8560,1.66,102970,61970,77190,96960,121330,157460
11-9021,AR,2280,0.71,88920,52570,70040,86310,101550,128320
11-9021,AZ,9910,1.25,120460,77990,95200,114680,136350,168560
11-9021,CA,34750,0.78,141670,82100,102780,133160,168070,211970
11-9021,CO,12550,1.79,128440,78160,98890,124830,153420,191450
11-9021,CT,3620,0.87,133180,79990,99370,125190,155990,195100
11-9021,DC,1250,0.73,140780,80620,103660,126430,161240,209680
11-9021,DE,610,0.51,140850,95730,105320,132150,168950,209400
11-9021,FL,34010,1.4,128210,65200,85930,113130,162170,209450
11-9021,GA,10740,0.9,122830,71300,85540,110810,138850,180750
11-9021,HI,2890,1.89,129760,70230,101450,128910,159440,191980
11-9021,IA,3070,0.8,112130,65260,78890,99280,130920,167250
11-9021,ID,2280,1.09,110300,56220,83410,104600,131630,162390
11-9021,IL,19160,1.28,117010,58170,80010,109160,140000,172410
11-9021,IN,5450,0.7,116730,63270,84930,106390,134350,172000
11-9021,KS,2960,0.84,120510,77310,97940,120810,133910,163130
11-9021,KY,2990,0.61,111410,53850,74380,97020,134230,195530
11-9021,LA,5530,1.17,119740,66790,90450,110010,137710,173910
11-9021,MA,9870,1.11,155900,104100,127020,145010,173520,216920
11-9021,MD,5770,0.85,136590,79860,97490,128330,161450,206370
11-9021,ME,1460,0.93,117740,66640,81700,110070,143670,172790
11-9021,MI,9620,0.89,113660,61830,79830,103230,133400,171340
11-9021,MN,5800,0.8,128650,75130,96300,123400,155740,184260
11-9021,MO,3680,0.51,120590,75490,92750,112230,136580,172570
11-9021,MS,1640,0.58,108110,63610,80880,99520,124290,161580
11-9021,MT,2140,1.71,117710,71930,90810,104480,137450,173630
11-9021,NC,16310,1.35,119310,68960,83990,106640,137510,176690
11-9021,ND,1450,1.38,110550,63470,78120,102070,130980,168570
11-9021,NE,3430,1.37,107500,63840,79780,100820,127930,158140
11-9021,NH,660,0.39,138040,92300,101340,129260,157400,202820
11-9021,NJ,6910,0.66,151170,93130,110230,138230,177150,222580
11-9021,NM,2480,1.17,115100,71830,83470,104550,131350,167440
11-9021,NV,4460,1.18,124280,81010,93550,115250,139890,175640
11-9021,NY,10280,0.43,159510,86250,108890,155360,197010,244590
11-9021,OH,16130,1.19,109120,65800,80500,101980,128120,161410
11-9021,OK,1980,0.47,115420,60310,81130,100690,133560,176080
11-9021,OR,4300,0.89,137040,72800,97270,131420,165350,209550
11-9021,PA,6840,0.46,121000,78100,93500,108250,138490,173160
11-9021,RI,450,0.37,115280,61300,84280,103990,135210,177360
11-9021,SC,5620,1,123420,71490,86440,108110,139570,192000
11-9021,SD,1070,0.95,123320,90210,99830,118380,132330,161440
11-9021,TN,5860,0.73,122250,65780,82720,110200,147900,183270
11-9021,TX,59060,1.72,112680,64040,79390,101470,131570,166800
11-9021,UT,,**,111080,64200,85260,105200,128870,159220
11-9021,VA,7290,0.73,127200,79940,96390,119110,153220,183980
11-9021,VT,930,1.26,109090,76790,83200,103450,126150,143670
11-9021,WA,6010,0.69,158890,105770,130010,155070,177990,217920
11-9021,WI,6080,0.84,121360,76990,96970,114190,138590,169700
11-9021,WV,600,0.35,102040,57490,69440,95740,129500,152180
11-9021,WY,,**,104420,62480,64990,92320,132370,160480
11-9031,AK,60,0.39,78830,44440,66610,75540,93350,107010
11-9031,AL,940,0.94,47370,27290,34900,41780,58370,77530
11-9031,AR,1090,1.76,49050,28780,35910,44990,57670,77850
11-9031,AZ,1210,0.79,53310,36680,43260,48160,60730,75770
11-9031,CA,9810,1.14,73830,47590,54020,67100,80640,100800
11-9031,CO,1150,0.85,69590,48970,56030,64620,77210,96490
11-9031,CT,1290,1.61,66380,40290,48010,59760,78040,102810
11-9031,DC,410,1.25,89180,48410,56020,77850,104390,135360
11-9031,DE,420,1.84,61380,43910,46320,58230,69790,92630
11-9031,FL,5980,1.27,59440,38910,45790,56750,63930,78700
11-9031,GA,1550,0.67,59280,38580,41200,60300,69470,76830
11-9031,HI,260,0.89,69240,51720,58240,65080,76420,93210
11-9031,IA,1020,1.38,51980,36080,40140,47480,59630,73290
11-9031,ID,200,0.5,52100,38230,40040,48530,61990,69630
11-9031,IL,3090,1.07,60160,43700,45720,58550,71650,78500
11-9031,IN,750,0.5,60250,36840,48000,58740,64370,91250
11-9031,KS,600,0.88,58440,41080,46600,56970,62210,82480
11-9031,KY,1000,1.06,48370,31200,37290,44530,58030,71300
11-9031,LA,690,0.75,50690,30190,36950,46030,61990,70750
11-9031,MA,2260,1.31,72890,47530,57090,70320,79490,102570
11-9031,MD,1270,0.97,69070,49730,52030,62520,75750,99470
11-9031,ME,240,0.8,60990,42870,51710,60090,64960,77000
11-9031,MI,1890,0.91,58870,38670,46990,56870,65600,82630
11-9031,MN,1010,0.73,64380,43990,49650,62020,72620,88030
11-9031,MO,1060,0.77,55500,29950,38880,47940,59600,85770
11-9031,MS,580,1.06,50700,29100,33700,49740,59380,74880
11-9031,MT,180,0.73,51750,33280,41600,48140,57960,63230
11-9031,NC,2410,1.03,60880,38480,46110,57200,69950,89120
11-9031,ND,290,1.41,56640,35580,39530,51390,62340,91650
11-9031,NE,550,1.13,64310,43570,46660,56160,74500,97570
11-9031,NH,410,1.26,57140,36780,47680,55120,63990,74740
11-9031,NJ,2900,1.43,87680,49710,59800,78770,104570,144870
11-9031,NV,,**,65530,36060,48200,60120,80940,103100
11-9031,NY,3950,0.86,98290,57770,73190,96810,103570,156440
11-9031,OH,3030,1.15,56880,36790,45030,49580,61410,77830
11-9031,OK,830,1.03,53560,34630,38220,46690,62400,82580
11-9031,OR,1230,1.32,63900,43680,47270,60250,75370,87800
11-9031,PA,4100,1.43,55700,37860,46500,56380,61790,73520
11-9031,RI,390,1.65,58770,49590,50830,55290,59580,69780
11-9031,SC,700,0.64,58290,33960,43780,51200,65710,83730
11-9031,SD,150,0.67,61330,41800,52520,63240,66000,77690
11-9031,TN,710,0.46,56150,39670,45900,49200,60270,79290
11-9031,TX,5480,0.82,55050,35130,42200,50840,61040,75310
11-9031,UT,400,0.49,67970,40190,45030,60980,92280,102230
11-9031,VA,1590,0.82,57630,41470,46410,53320,62700,78230
11-9031,VT,190,1.29,68160,48540,58020,63220,79490,88780
11-9031,WA,1560,0.93,79600,49060,54530,70470,87560,107980
11-9031,WI,1320,0.95,58530,39420,45540,59930,69220,76430
11-9031,WV,290,0.87,52060,33500,37900,45660,60790,75600
11-9031,WY,160,1.19,62100,34700,44530,56170,74960,104000
11-9041,AK,900,1.95,174190,113790,134570,164260,211190,236490
11-9041,AL,3790,1.27,167150,106100,131290,162350,201190,236230
11-9041,AR,1220,0.66,148470,98520,110310,140600,174650,209320
11-9041,AZ,4680,1.02,180870,121500,135110,167480,207880,249990
11-9041,CA,29630,1.15,213110,137900,169140,210280,251890,296130
11-9041,CO,4900,1.2,197840,135380,165420,183810,225100,272950
11-9041,CT,4970,2.07,180190,122200,141220,175490,213450,245970
11-9041,DC,1290,1.3,185230,138470,161470,185220,195190,225080
11-9041,DE,560,0.81,180960,131490,161890,181190,197590,222050
11-9041,FL,8710,0.62,178010,116900,138760,170740,208370,251590
11-9041,GA,3590,0.52,163150,107170,129470,161470,189990,221750
11-9041,HI,1220,1.37,153240,99920,125730,151670,173160,216650
11-9041,IA,1520,0.69,153060,103470,127540,147320,170280,210220
11-9041,ID,850,0.7,164770,103130,128200,162970,187600,219970
11-9041,IL,8900,1.03,170480,112090,133070,163610,200190,231880
11-9041,IN,4610,1.02,158930,102030,127360,155810,178280,214470
11-9041,KS,2010,0.99,166850,113990,131600,160150,191020,235170
11-9041,KY,1800,0.63,151880,114220,127880,147680,170650,201730
11-9041,LA,1840,0.67,166850,119600,130740,162850,193840,218970
11-9041,MA,7690,1.49,203040,137750,166430,201430,226680,286410
11-9041,MD,5240,1.34,175740,114080,139990,172670,197160,231460
11-9041,ME,820,0.9,154620,111490,133140,145720,171020,208140
11-9041,MI,14820,2.38,167660,117490,135210,166930,188610,218050
11-9041,MN,4580,1.1,180050,128430,149190,172130,210070,223540
11-9041,MO,2250,0.54,161140,105170,129270,157800,202380,213050
11-9041,MS,860,0.52,147070,99210,118430,142790,171930,205560
11-9041,MT,560,0.78,153170,105270,122110,146030,176400,204300
11-9041,NC,6960,0.99,173390,121900,137210,167840,201230,231350
11-9041,ND,270,0.44,156360,112130,132150,147400,175280,215100
11-9041,NE,1510,1.04,154310,103070,122740,141020,175380,222240
11-9041,NH,2160,2.24,185980,120350,139870,172240,218440,266950
11-9041,NJ,4540,0.75,193220,129690,154970,180640,221960,275950
11-9041,NM,2270,1.84,215540,163530,208290,215120,259680,268190
11-9041,NV,780,0.36,170190,108300,135080,161560,208090,228590
11-9041,NY,8250,0.6,188270,128500,149070,175710,215140,274870
11-9041,OH,9690,1.23,170090,117640,134090,166870,202580,220990
11-9041,OK,2070,0.85,163900,108990,130290,157330,174990,234620
11-9041,OR,,**,185070,129470,154700,177190,209820,239080
11-9041,PA,9640,1.12,167960,118170,133960,164690,187270,221940
11-9041,RI,370,0.53,183910,124410,137540,175910,213520,257780
11-9041,SC,3200,0.98,173140,115280,137180,169040,208070,226970
11-9041,SD,310,0.48,166030,116320,134150,164330,196800,209210
11-9041,TN,3600,0.77,167280,105980,130170,161430,193380,239240
11-9041,TX,19030,0.95,187520,120460,144340,171370,216670,277790
11-9041,UT,2290,0.93,165940,113080,134650,161120,180310,221400
11-9041,VA,4390,0.75,184530,124830,147770,176160,213180,253060
11-9041,VT,350,0.81,163210,110930,136440,157710,179290,214980
11-9041,WA,6060,1.21,200030,148930,166270,189680,217070,263550
11-9041,WI,4550,1.09,152620,103720,126500,142060,170520,207680
11-9041,WV,420,0.42,154690,103690,122760,149430,177740,211550
11-9041,WY,,**,166490,116010,124950,163560,224140,224990
11-9051,AK,380,0.75,86640,58180,63390,82030,105530,119440
11-9051,AL,4330,1.33,69200,45770,57080,63010,79000,97450
11-9051,AR,2720,1.36,57860,37690,45590,55120,63160,79300
11-9051,AZ,3400,0.68,74680,52060,60500,70180,85770,105520
11-9051,CA,33180,1.19,84300,47690,60040,78260,100190,127340
11-9051,CO,2440,0.55,89350,66140,68750,79870,99480,123060
11-9051,CT,1520,0.58,80660,52020,62400,77990,92100,108460
11-9051,DC,1000,0.93,95280,74000,74250,81680,105760,134630
11-9051,DE,770,1.03,78440,57820,65560,74430,80990,107200
11-9051,FL,18500,1.21,77360,45800,59010,72790,91480,113940
11-9051,GA,9230,1.23,69610,39990,55240,65280,79730,97860
11-9051,HI,1230,1.27,90860,47390,61660,87800,104570,127740
11-9051,IA,1760,0.73,69950,45610,52850,66700,77860,100170
11-9051,ID,670,0.51,73850,43110,55000,70140,92630,105160
11-9051,IL,11270,1.2,69290,36390,52250,63930,79850,101960
11-9051,IN,4990,1.02,72890,43580,55640,71430,88020,100480
11-9051,KS,1540,0.7,74490,46190,56260,70320,86190,103340
11-9051,KY,1680,0.55,71620,41070,58890,70410,81440,102780
11-9051,LA,1950,0.66,67160,40140,46960,61400,77990,103660
11-9051,MA,4310,0.77,91810,58290,73430,92240,102920,129990
11-9051,MD,,**,77860,52240,61430,72850,82280,113560
11-9051,ME,1210,1.23,69420,46290,54010,70510,78140,89470
11-9051,MI,9240,1.37,65450,41600,51450,60790,75740,93180
11-9051,MN,730,0.16,82300,58000,64320,79820,95190,105340
11-9051,MO,1600,0.36,71440,51680,60010,65520,79020,98400
11-9051,MS,1920,1.08,64440,36400,47110,59540,71650,89700
11-9051,MT,950,1.21,76660,50730,59460,72140,95720,105000
11-9051,NC,9420,1.24,76550,51780,59790,74080,91080,104060
11-9051,ND,950,1.45,71180,37050,50210,72210,88110,101660
11-9051,NE,2050,1.3,65990,46690,57050,60450,70300,92450
11-9051,NH,590,0.56,83520,60850,67640,77360,93550,107660
11-9051,NJ,6360,0.97,85050,55240,62810,78020,101070,122510
11-9051,NM,1410,1.06,76610,48730,58240,65210,93620,108300
11-9051,NV,4310,1.81,77540,47750,60640,65320,81720,127320
11-9051,NY,8000,0.54,94250,62420,72420,84200,104800,143180
11-9051,OH,8570,1.01,67400,43680,54990,62980,76400,95670
11-9051,OK,2020,0.77,74030,43680,55120,63840,90230,112720
11-9051,OR,4420,1.46,70460,48050,54990,62110,77210,101180
11-9051,PA,10530,1.13,69090,43900,55690,64750,78220,94660
11-9051,RI,760,0.99,84340,61690,63470,82850,95260,118150
11-9051,SC,5080,1.44,72690,47130,54910,66190,83830,103680
11-9051,SD,1270,1.82,63920,50880,56920,60640,73210,79010
11-9051,TN,4550,0.91,71740,43080,57200,64410,80060,101150
11-9051,TX,25990,1.2,66260,43310,48750,60770,75800,98570
11-9051,UT,2400,0.9,73880,46800,56700,69480,93000,99860
11-9051,VA,3820,0.61,76060,50970,60610,71230,83110,103470
11-9051,VT,500,1.08,83710,43100,64850,77910,98940,134010
11-9051,WA,1180,0.22,101600,68240,79410,95190,111050,138210
11-9051,WI,6000,1.33,68600,40900,48260,61810,79270,99850
11-9051,WV,1230,1.14,56320,36770,46140,54800,64320,75090
11-9051,WY,590,1.37,65300,42090,48690,62610,76150,95990
11-9071,AR,50,1.25,93270,67320,77470,77860,103440,133570
11-9071,AZ,220,2.09,94590,49660,58120,82840,117930,187880
11-9071,CA,620,1.05,121870,72630,79810,99230,135480,185670
11-9071,FL,230,0.7,103730,60510,72960,96180,128760,169990
11-9071,IA,100,1.97,79800,58000,60790,76350,82210,108170
11-9071,IL,310,1.57,86420,58740,67320,79610,100740,129280
11-9071,IN,110,1.07,107130,76690,85650,98920,109480,149500
11-9071,KY,30,0.51,107860,43720,58170,105340,158660,164760
11-9071,LA,240,3.91,88220,59220,64330,82140,103990,125320
11-9071,MA,40,0.34,112820,100460,100460,100460,103850,181580
11-9071,MD,180,2.05,99440,64570,65720,77320,105500,169780
11-9071,MI,190,1.35,106070,64530,79880,101860,124590,156500
11-9071,MN,,**,91600,44600,48890,77360,112300,158050
11-9071,MO,70,0.7,95570,64490,74870,85630,100950,143010
11-9071,MS,160,4.18,112530,49280,67840,97170,128350,189610
11-9071,ND,30,2.32,82650,39970,62460,79300,94050,137890
11-9071,NE,40,1.07,80870,44600,57500,61360,77050,122660
11-9071,NJ,130,0.92,111510,78430,83230,101470,124930,168960
11-9071,NM,70,2.32,104710,67330,77410,101260,125540,138220
11-9071,NV,790,15.74,103590,46090,61040,91250,126790,180430
11-9071,NY,180,0.57,112230,78520,88820,102350,123440,151500
11-9071,OH,110,0.61,105250,65090,77090,99650,128270,163140
11-9071,OK,220,3.99,80830,48570,56470,77380,99370,113810
11-9071,PA,170,0.89,96220,64170,78070,94800,103220,148080
11-9071,TX,60,0.13,110900,60680,74120,106670,132090,171770
11-9071,WA,130,1.17,120570,81010,97700,106450,137500,171650
11-9071,WV,50,2.16,72260,31910,31910,74270,95330,125650
11-9081,AK,,**,79250,47070,58700,80060,99950,99950
11-9081,AL,570,0.98,76570,45750,59740,69420,88340,104370
11-9081,AR,480,1.35,57230,34590,37910,45870,62840,96010
11-9081,AZ,680,0.77,80820,43770,58350,77670,97890,125150
11-9081,CA,5070,1.02,89170,46150,62690,76950,99670,143430
11-9081,CO,1100,1.4,107460,56990,70980,91750,127840,190420
11-9081,CT,210,0.46,82560,52150,61750,76940,98130,107430
11-9081,DC,260,1.33,88850,62300,65530,75610,93990,135720
11-9081,DE,130,0.97,79110,52000,60480,73850,90680,104890
11-9081,FL,4790,1.76,82920,38560,48490,69120,100490,153310
11-9081,GA,1580,1.18,72240,41600,41840,61060,90460,125360
11-9081,HI,200,1.16,121190,77240,91930,114070,134060,176240
11-9081,IA,410,0.96,63600,43000,50790,59680,67300,91050
11-9081,ID,70,0.29,73200,57940,62190,65390,84840,108750
11-9081,IL,740,0.44,67290,37320,47640,61530,77680,101980
11-9081,IN,570,0.64,70940,43680,51850,67070,81250,102720
11-9081,KS,300,0.77,82230,49090,57150,64220,104580,144730
11-9081,KY,,**,63990,37150,49940,59440,80600,94360
11-9081,LA,380,0.72,68290,38850,49730,63000,72540,91030
11-9081,MA,,**,107720,64030,75350,97350,125180,166600
11-9081,MD,440,0.58,81500,42430,60160,73260,99020,125160
11-9081,ME,740,4.19,71440,38640,53210,62400,83430,105380
11-9081,MI,,**,65580,33920,46230,58970,77100,102610
11-9081,MN,250,0.31,83850,47990,63840,78890,101710,113920
11-9081,MO,170,0.21,64110,41890,42660,46880,74520,105330
11-9081,MS,290,0.9,86800,36730,48430,62550,82880,107040
11-9081,MT,670,4.8,71060,44690,57910,66580,79000,95980
11-9081,NC,1460,1.08,68330,27030,43720,63860,85040,100520
11-9081,ND,270,2.31,59820,18710,45050,62770,72900,93730
11-9081,NE,330,1.18,72390,49990,58430,67990,76680,96250
11-9081,NH,90,0.48,85540,41880,62180,79210,98680,124120
11-9081,NJ,450,0.38,106460,50380,75680,107720,120860,146030
11-9081,NM,370,1.55,71270,43740,50200,67320,90110,93590
11-9081,NV,490,1.14,95770,45390,58820,78110,114400,175580
11-9081,NY,2880,1.09,87810,44450,61460,79460,100220,129800
11-9081,OH,1490,0.98,59990,36530,42890,48690,72670,97300
11-9081,OK,440,0.93,52270,25960,38430,50740,58000,76770
11-9081,OR,1170,2.18,70580,44260,50970,63220,80060,99880
11-9081,PA,,**,63370,37790,47840,60980,72720,86200
11-9081,RI,110,0.78,97970,66000,78110,106630,117860,120990
11-9081,SC,640,1.01,74630,37950,45690,62990,88370,113110
11-9081,SD,310,2.45,63540,48690,53590,61920,74480,81160
11-9081,TN,610,0.67,74960,43040,47840,63050,82510,125710
11-9081,TX,3900,1.01,72150,31670,43420,62000,80700,126610
11-9081,UT,,**,84370,48720,59800,67060,101560,135050
11-9081,VA,,**,78840,38640,46150,66990,93120,166500
11-9081,VT,210,2.5,86450,48860,66160,81440,102210,121230
11-9081,WA,450,0.46,119330,69530,77610,101350,174990,190480
11-9081,WI,1130,1.4,76840,39070,45570,73590,96640,125960
11-9081,WV,180,0.93,72420,44200,55640,72800,88580,99990
11-9081,WY,420,5.43,71140,45800,47990,61190,87260,106790
11-9111,AK,1640,1.31,159080,81940,105430,132240,173840,292300
11-9111,AL,10360,1.28,105940,64640,79500,97790,118440,159450
11-9111,AR,6440,1.29,101500,55390,76140,94340,114990,155210
11-9111,AZ,11840,0.95,144130,75490,100640,128850,166190,228340
11-9111,CA,75090,1.07,159170,72800,98470,141480,205390,274660
11-9111,CO,8400,0.76,150380,82680,103600,134910,171810,227940
11-9111,CT,8020,1.23,148630,82890,103490,130790,167620,219010
11-9111,DC,2010,0.75,162210,95860,122820,155140,189950,227270
11-9111,DE,1560,0.84,166210,89000,105430,134820,187120,298180
11-9111,FL,42700,1.12,135410,69910,92540,120360,160440,213260
11-9111,GA,11130,0.59,152220,74060,99060,131910,171180,248660
11-9111,HI,2650,1.1,156310,80020,106550,147630,173430,219760
11-9111,IA,6200,1.04,116020,75080,84180,101940,129430,171760
11-9111,ID,3920,1.19,125550,66950,86900,117770,139260,175780
11-9111,IL,22460,0.96,139160,75920,94530,117850,164440,227180
11-9111,IN,12340,1,124860,67820,82940,104140,134950,194980
11-9111,KS,5120,0.93,125580,68980,90490,111030,143450,192970
11-9111,KY,8600,1.12,123590,58560,79250,103450,135630,216940
11-9111,LA,7470,1.01,125410,66980,83440,104550,138520,205780
11-9111,MA,17600,1.26,161150,84330,104630,134360,178540,296030
11-9111,MD,17030,1.6,148720,77560,101200,131810,170900,242610
11-9111,ME,2450,1,140150,70000,94950,120320,159170,246080
11-9111,MI,16060,0.95,127430,66140,84090,107570,139450,192440
11-9111,MN,11350,1,134720,80080,99440,122700,151740,196830
11-9111,MO,10800,0.96,121880,64620,82490,104370,135780,186430
11-9111,MS,4280,0.96,109680,62140,77010,98160,126000,166640
11-9111,MT,1870,0.95,124400,65300,86460,105840,137370,193410
11-9111,NC,14820,0.78,135710,70680,88510,114410,159870,217420
11-9111,ND,1220,0.74,124000,78150,89460,105170,133470,179740
11-9111,NE,3770,0.96,126560,78790,93610,107700,134650,180840
11-9111,NH,2460,0.94,155100,83290,101570,130410,170390,290880
11-9111,NJ,16900,1.03,178050,98390,117760,145650,208030,328500
11-9111,NM,3150,0.94,134280,78520,97740,124300,157780,204420
11-9111,NV,5360,0.9,129560,75070,97000,119990,151910,183890
11-9111,NY,33200,0.89,184960,95660,123170,164120,215770,340990
11-9111,OH,24390,1.14,127900,66430,82940,106140,136220,199470
11-9111,OK,6030,0.92,115820,64170,82060,101270,131040,172640
11-9111,OR,5550,0.73,167090,92640,115620,141690,184780,295630
11-9111,PA,30480,1.31,117690,64820,81130,103670,130640,171400
11-9111,RI,3370,1.75,131360,77630,94050,119260,141950,196810
11-9111,SC,9350,1.06,129160,66520,82850,105620,149430,211890
11-9111,SD,1140,0.65,130720,84310,102550,122050,149880,178630
11-9111,TN,14160,1.12,128340,71820,84200,107120,144560,202060
11-9111,TX,58420,1.08,128860,65520,86080,114150,150390,205600
11-9111,UT,4860,0.73,134450,67020,94050,114980,160910,215570
11-9111,VA,10210,0.65,142340,80250,101640,129270,164600,213810
11-9111,VT,860,0.74,152120,84230,99470,128690,162740,276360
11-9111,WA,7490,0.55,162380,88970,110720,145290,178610,282250
11-9111,WI,7230,0.64,152150,90440,104940,128320,166430,274310
11-9111,WV,2080,0.77,136050,77810,94040,112010,161450,209090
11-9111,WY,1180,1.09,117280,68490,84380,108030,136380,171540
11-9121,AK,710,3.14,131800,79040,105110,130590,150920,177430
11-9121,AL,370,0.25,149190,81770,102860,133470,168680,292940
11-9121,AR,340,0.38,137590,72080,87540,119430,170890,226370
11-9121,AZ,900,0.4,132900,65780,87660,124920,161890,209130
11-9121,CA,14950,1.17,223850,130730,167630,210230,304380,330050
11-9121,CO,1640,0.82,172180,89900,121090,152730,210340,289970
11-9121,CT,1190,1,217800,136750,170560,210670,259720,315560
11-9121,DC,1540,3.14,153450,79390,126730,156730,185220,195190
11-9121,DE,440,1.31,,,,,,
11-9121,FL,4370,0.63,136770,62660,77150,112220,165110,216330
11-9121,HI,510,1.16,111710,64410,79640,107810,136940,169680
11-9121,IA,610,0.56,125750,74320,82550,109760,157260,200580
11-9121,ID,610,1.01,138690,80790,101880,124800,176570,204550
11-9121,IL,2810,0.66,167700,85210,115190,159670,208440,281660
11-9121,IN,1670,0.74,119950,56530,66850,108250,164640,203340
11-9121,KS,240,0.24,161130,110660,121590,153820,190420,224310
11-9121,KY,400,0.29,132550,55180,86560,126440,173620,197760
11-9121,LA,,**,125760,81890,93610,115950,146990,212130
11-9121,MA,10590,4.16,257010,153490,214550,267290,321770,329820
11-9121,MD,4820,2.49,180280,127920,141530,168620,200510,268240
11-9121,ME,430,0.97,156560,81950,103600,141360,186560,220730
11-9121,MI,2220,0.72,141380,68380,98300,129070,169290,222030
11-9121,MN,1530,0.74,158980,78050,104430,136450,185540,289790
11-9121,MO,1230,0.6,139190,65650,86600,129410,173260,229950
11-9121,MS,210,0.26,126990,75920,99990,119430,153570,185540
11-9121,MT,370,1.05,141130,91560,104110,119430,145270,281640
11-9121,NC,6010,1.74,186890,101810,134460,173870,216510,305970
11-9121,ND,140,0.45,143370,98490,110020,131370,166000,216630
11-9121,NE,550,0.76,122280,65140,82640,120620,145610,189000
11-9121,NH,240,0.5,150330,92600,108940,134010,172400,220150
11-9121,NJ,10040,3.35,217190,136840,169560,207030,281510,317420
11-9121,NM,400,0.65,,,,,,
11-9121,NV,320,0.3,118090,64240,82020,112260,141670,182160
11-9121,NY,5690,0.84,153570,65440,80480,134680,193690,291780
11-9121,OH,1560,0.4,148730,78720,105020,137170,168600,217760
11-9121,OK,310,0.26,121420,62400,79680,112260,145270,193770
11-9121,OR,1700,1.24,165300,102760,124190,143120,202460,225560
11-9121,PA,7980,1.88,161580,59040,83960,137900,219230,312510
11-9121,RI,200,0.58,141270,64210,79810,130480,165080,268500
11-9121,SC,780,0.48,143720,71790,96700,131140,178900,225160
11-9121,SD,180,0.55,137210,94520,106470,128140,151830,213210
11-9121,TN,880,0.38,147790,66280,96630,124530,180570,223370
11-9121,TX,7470,0.76,136780,74200,91950,129960,165800,213280
11-9121,UT,,**,132290,63500,82880,119430,160260,218340
11-9121,VA,1470,0.51,150440,84080,110300,150570,185220,212620
11-9121,VT,290,1.37,136720,78940,97620,131290,173170,203120
11-9121,WA,2490,1,200200,117590,142130,182480,223260,324740
11-9121,WI,1070,0.52,144440,89580,107660,128890,163320,213290
11-9121,WV,160,0.32,143790,100140,115920,138010,161120,185220
11-9121,WY,150,0.74,113810,97470,106330,109300,119430,134040
11-9141,AK,450,0.68,86260,45980,55240,76800,107040,143010
11-9141,AL,3510,0.83,65270,39910,48060,58240,73620,98740
11-9141,AR,2310,0.88,64900,26640,37200,47760,70870,125860
11-9141,AZ,9970,1.54,75800,42890,49770,63740,79610,122860
11-9141,CA,50040,1.37,89320,41540,53840,77030,101230,158050
11-9141,CO,2230,0.39,125310,72870,80790,100080,155460,217240
11-9141,CT,2760,0.81,85790,47170,59570,73940,100570,130950
11-9141,DC,2040,1.45,103760,62570,76580,94080,127530,160330
11-9141,DE,790,0.82,74170,45720,59280,67600,81140,110690
11-9141,FL,30160,1.52,83340,45810,52460,70810,95190,132770
11-9141,GA,8690,0.89,84530,39750,52000,75380,98490,142500
11-9141,HI,1930,1.54,78140,47990,53440,70190,90990,122980
11-9141,IA,2290,0.73,66020,39510,48110,57980,71500,106640
11-9141,ID,1680,0.98,58850,30400,43280,51370,70040,88730
11-9141,IL,11180,0.92,87060,44570,56380,74980,104320,143200
11-9141,IN,4670,0.73,71310,39020,47410,60600,79320,110140
11-9141,KS,2810,0.98,66970,36730,45550,58510,77210,100420
11-9141,KY,2670,0.67,59420,36490,46930,52790,62940,85700
11-9141,LA,3060,0.79,60940,31060,37430,49990,71330,105900
11-9141,MA,7320,1.01,112940,62070,77190,103410,130000,181430
11-9141,MD,6060,1.1,101230,58590,69260,81900,121440,163390
11-9141,ME,960,0.75,70800,45550,49920,60930,83630,102430
11-9141,MI,5840,0.66,72200,36960,49800,60350,78860,117180
11-9141,MN,4480,0.76,73460,48730,59320,64890,79570,96980
11-9141,MO,4740,0.81,69680,39100,47640,61640,82390,97390
11-9141,MS,1300,0.56,62050,29210,42710,53620,73780,104010
11-9141,MT,1130,1.1,60160,40520,47550,58050,64460,87020
11-9141,NC,10690,1.08,72460,38470,48840,61430,77950,111430
11-9141,ND,590,0.69,64710,46180,48960,58500,73960,92950
11-9141,NE,1530,0.74,69420,43380,45440,61610,78940,111880
11-9141,NH,730,0.53,78910,44830,60530,75500,95580,121570
11-9141,NJ,7110,0.83,100440,46220,67320,82850,110430,170900
11-9141,NM,1410,0.81,68760,40720,47290,62230,81380,100120
11-9141,NV,5630,1.81,64060,35370,46030,55670,76270,101490
11-9141,NY,11390,0.59,123250,57510,71120,99390,153740,208740
11-9141,OH,9960,0.9,71390,37350,48550,59050,80380,119450
11-9141,OK,2520,0.74,82520,38310,46800,64640,108550,153700
11-9141,OR,3190,0.81,91510,59220,64340,78060,104990,139690
11-9141,PA,9370,0.77,83210,46290,57560,65680,98450,143280
11-9141,RI,730,0.73,87910,58900,62890,80260,101720,125000
11-9141,SC,4900,1.06,81360,42280,49660,62810,87690,140540
11-9141,SD,1280,1.4,53970,37550,44080,49490,59020,72500
11-9141,TN,4310,0.66,75440,40680,48760,64870,81700,119900
11-9141,TX,45350,1.61,77580,35080,46780,61320,88600,139750
11-9141,UT,3020,0.87,77910,45610,49460,64290,83290,126730
11-9141,VA,5570,0.68,105250,45340,61540,79810,119880,169040
11-9141,VT,560,0.92,79080,47640,54800,62810,93220,124000
11-9141,WA,2950,0.42,123200,73370,99490,119320,137610,172050
11-9141,WI,1560,0.27,85390,52880,62140,77730,102490,123570
11-9141,WV,1130,0.8,63690,34570,43580,54860,79420,99990
11-9141,WY,640,1.14,64140,24150,40120,60060,79380,106970
11-9151,AK,830,1.89,101050,64540,78000,98370,119230,137260
11-9151,AL,2350,0.83,77910,46010,56960,72310,96280,121090
11-9151,AR,2850,1.62,61330,36530,44970,56100,69200,91920
11-9151,AZ,3010,0.69,81440,49950,61820,77550,95000,121560
11-9151,CA,33510,1.37,95910,56510,70810,83210,114090,149280
11-9151,CO,2800,0.72,105880,64870,77350,97440,127840,163400
11-9151,CT,4350,1.9,80910,51110,61660,75520,95920,119990
11-9151,DC,640,0.68,114420,67380,87990,106700,135000,162000
11-9151,DE,930,1.43,80910,56870,65200,75950,93120,113700
11-9151,FL,8600,0.64,83870,48080,60530,76050,97830,132510
11-9151,GA,4460,0.68,83950,51880,60250,73290,97240,132990
11-9151,HI,980,1.16,81090,55750,61520,76370,92700,117640
11-9151,IA,2790,1.33,71470,46000,56240,65940,81020,102740
11-9151,ID,820,0.71,81080,52000,67750,79120,91350,111550
11-9151,IL,7520,0.92,82480,50840,63730,78380,95900,118170
11-9151,IN,2950,0.68,78610,47900,59210,73940,93060,116110
11-9151,KS,1570,0.81,86540,55690,63540,79260,99800,129070
11-9151,KY,2280,0.85,79460,47390,59000,76960,91120,119210
11-9151,LA,2680,1.03,87430,56010,67020,82090,100970,126320
11-9151,MA,8800,1.8,90020,60520,66700,81380,102910,130060
11-9151,MD,4300,1.16,97210,58050,71720,87450,115680,151610
11-9151,ME,1620,1.87,77270,51840,61880,76160,90440,100410
11-9151,MI,6320,1.07,87900,53100,64190,85500,102090,127910
11-9151,MN,5430,1.37,94520,61130,72810,84220,110860,136140
11-9151,MO,3060,0.77,75650,48410,58010,71970,84990,108020
11-9151,MS,1120,0.72,73530,40570,51810,67330,89690,108900
11-9151,MT,820,1.19,74740,47590,61240,73640,86720,104010
11-9151,NC,4970,0.75,85690,52390,62760,79590,99770,126640
11-9151,ND,510,0.88,87990,62380,75990,86630,98200,116030
11-9151,NE,1320,0.96,78660,50740,58770,73790,90650,111840
11-9151,NH,1180,1.28,87820,59250,67930,82290,99650,122680
11-9151,NJ,5530,0.96,101660,62510,76900,95290,122220,154370
11-9151,NM,1150,0.98,88700,61810,70720,81290,99790,124460
11-9151,NV,1200,0.58,76270,43260,55000,65570,89340,123230
11-9151,NY,19340,1.48,102500,64120,77200,95980,122840,149550
11-9151,OH,,**,77630,47970,59850,73890,92750,108830
11-9151,OK,1640,0.72,71490,38310,51900,73720,81760,99730
11-9151,OR,3390,1.28,96090,61610,72130,87010,118380,136990
11-9151,PA,10220,1.25,80870,49470,60690,75280,95390,116990
11-9151,RI,1370,2.04,87660,56190,63150,77570,100460,129230
11-9151,SC,1990,0.64,82160,50390,59700,73410,95910,126270
11-9151,SD,450,0.74,90180,65660,75200,86870,104610,117590
11-9151,TN,2770,0.63,93430,58990,71770,88240,106260,137510
11-9151,TX,13460,0.71,82030,49300,61490,76520,98080,123580
11-9151,UT,2140,0.92,87870,49760,63700,83200,104820,126010
11-9151,VA,3300,0.6,99690,59810,74080,94970,120180,142420
11-9151,VT,1200,2.94,85650,61450,68770,80760,97140,117460
11-9151,WA,3650,0.76,110330,71270,84250,103000,128650,156990
11-9151,WI,3580,0.9,85950,61090,70540,82130,98490,115520
11-9151,WV,820,0.86,70320,46400,52990,62060,81730,108170
11-9151,WY,350,0.93,70320,37130,45460,66330,88790,107020
13-1031,AK,220,0.33,92930,62200,74800,87670,108660,132200
13-1031,AL,4040,0.92,80130,49190,62260,79710,97070,106370
13-1031,AR,2660,0.98,74530,46490,57050,73920,93240,103420
13-1031,AZ,13830,2.05,72290,47990,59030,65110,80230,100590
13-1031,CA,24290,0.64,91860,60020,72280,91790,106400,124990
13-1031,CO,5680,0.95,84250,59550,64460,77620,100640,123360
13-1031,CT,3190,0.9,94410,63090,76740,88330,110140,129740
13-1031,DC,360,0.24,103060,70240,82410,101150,118560,144680
13-1031,DE,,**,77570,51430,59060,72370,96220,116710
13-1031,FL,28100,1.36,76760,47030,59240,76920,93860,105150
13-1031,GA,,**,75700,51000,60980,73320,85190,103080
13-1031,HI,900,0.69,80650,51830,62570,79080,98250,106690
13-1031,IA,3930,1.21,74300,50360,60830,72640,81960,102900
13-1031,ID,1320,0.74,81140,49940,59150,77340,102400,117100
13-1031,IL,14210,1.12,79680,48620,60570,77010,97770,118810
13-1031,IN,4340,0.65,74310,48660,59370,73560,91560,101270
13-1031,KS,4570,1.53,79750,48980,63250,77290,97100,112710
13-1031,KY,3670,0.88,76120,52600,62020,73840,89850,100400
13-1031,LA,3340,0.83,70790,42160,49790,65220,88710,102240
13-1031,MA,5070,0.67,88750,58650,72690,83740,103520,123260
13-1031,MD,,**,94280,53190,72240,95560,114920,135040
13-1031,ME,1650,1.23,80390,60180,62180,78590,95730,104490
13-1031,MI,6640,0.72,79640,48210,62850,78850,96260,109000
13-1031,MN,5530,0.9,81340,58110,65200,78350,97840,106270
13-1031,MO,6200,1.01,77490,48900,59820,75840,94520,111070
13-1031,MS,,**,76190,48680,58910,77100,93230,100850
13-1031,MT,1230,1.15,70660,46080,54380,63860,81080,101390
13-1031,NC,9880,0.96,76300,48200,57990,75310,95100,108630
13-1031,ND,750,0.84,69540,47960,58120,65460,79400,97470
13-1031,NE,3160,1.48,76730,50170,61700,75830,94680,102250
13-1031,NH,880,0.62,87810,59580,68080,83890,103710,120430
13-1031,NJ,9650,1.08,94120,61780,76170,95690,107450,129720
13-1031,NM,1280,0.71,70890,40620,48830,67930,91170,101520
13-1031,NV,,**,69730,43800,51090,62730,81020,98920
13-1031,NY,17330,0.86,89860,51560,66770,87130,105160,130370
13-1031,OH,13650,1.18,74520,47950,55590,67990,92620,104870
13-1031,OK,4140,1.16,72820,47440,60040,71260,86260,100240
13-1031,OR,2950,0.72,84720,56320,63700,81640,99650,117380
13-1031,PA,13270,1.05,79780,46360,58870,77290,99020,119980
13-1031,RI,1150,1.1,91320,60290,69200,86520,107060,130480
13-1031,SC,4130,0.86,76190,46640,61110,75370,91560,104050
13-1031,SD,1030,1.08,81510,58160,65640,78900,96400,104190
13-1031,TN,6390,0.93,78840,47310,60940,78010,97560,108890
13-1031,TX,29220,1,79560,46560,59780,78800,97990,116610
13-1031,UT,2440,0.67,72710,46120,56880,69000,88290,100970
13-1031,VA,7860,0.92,78220,49140,60930,74240,94420,109970
13-1031,VT,280,0.44,90250,62360,75440,83970,108510,118500
13-1031,WA,6180,0.83,85270,50080,64750,80700,100610,122840
13-1031,WI,8760,1.43,77930,50570,61480,78160,92750,103620
13-1031,WV,1340,0.92,73400,45650,56570,67290,88710,106330
13-1031,WY,180,0.3,80430,48790,62250,76400,93920,126440
13-1041,AK,920,1.05,83430,47290,50460,76430,106870,126920
13-1041,AL,3770,0.67,78330,41620,51300,72990,98470,126870
13-1041,AR,3120,0.89,75510,43160,49500,64680,83410,132760
13-1041,AZ,12430,1.43,82240,47630,58160,74920,100230,132620
13-1041,CA,49880,1.02,102490,57530,71240,96980,127380,158280
13-1041,CO,7740,1,92360,57990,68120,82450,109980,133520
13-1041,CT,3610,0.79,96120,60050,71810,91810,109990,137690
13-1041,DC,4380,2.33,113410,69140,84590,111030,132960,156750
13-1041,DE,2150,1.65,92020,51930,65520,91050,105800,137540
13-1041,FL,29680,1.11,81070,44130,51850,74920,102740,127420
13-1041,GA,14390,1.1,79860,42500,51810,70200,103380,131210
13-1041,HI,1270,0.75,84920,53270,65650,82590,101750,117350
13-1041,IA,3660,0.88,79990,49940,62930,75620,91720,114460
13-1041,ID,1660,0.72,82690,42080,52850,75450,104620,128750
13-1041,IL,10650,0.65,87900,50040,62850,80550,108360,132290
13-1041,IN,5120,0.6,85720,47650,60820,78770,104750,134820
13-1041,KS,3560,0.92,76420,42620,53370,69740,92490,121370
13-1041,KY,4360,0.81,72580,43120,52630,69240,83460,109300
13-1041,LA,3970,0.77,75450,39850,49080,70290,95840,119990
13-1041,MA,13190,1.35,108310,63340,78390,102060,130230,161920
13-1041,MD,10100,1.36,91660,56310,66370,84720,111530,132620
13-1041,ME,1790,1.04,86600,50480,62620,83740,109300,118060
13-1041,MI,9720,0.82,85810,46290,59760,77390,101000,120560
13-1041,MN,6140,0.78,91820,55830,68200,85920,109010,134040
13-1041,MO,7000,0.89,74910,44060,49750,67270,93890,118850
13-1041,MS,1720,0.55,71430,37040,49090,67450,85220,109300
13-1041,MT,1480,1.08,75270,50350,61910,66660,88420,109300
13-1041,NC,11320,0.85,84660,45690,59600,78500,103810,131180
13-1041,ND,990,0.86,83830,56260,63730,79440,102400,116370
13-1041,NE,3470,1.26,77850,48060,58210,73920,95210,115920
13-1041,NH,1730,0.95,86540,54980,65170,82800,106060,123020
13-1041,NJ,13310,1.16,103950,58860,76180,100000,128790,158540
13-1041,NM,2400,1.03,76920,44550,50190,67990,97160,120760
13-1041,NV,4400,1.06,82690,43120,60010,78290,100530,124280
13-1041,NY,23500,0.9,96120,53330,66670,90080,119430,142370
13-1041,OH,11240,0.76,80320,47230,59130,75030,98130,124230
13-1041,OK,4230,0.92,70410,42340,51660,63000,81410,105360
13-1041,OR,5360,1.02,86570,55200,64130,82990,102960,120950
13-1041,PA,19810,1.22,93230,49910,63280,85580,130990,130990
13-1041,RI,970,0.72,93810,60000,74550,87620,110090,135260
13-1041,SC,4760,0.77,83140,44990,56060,75460,101560,133820
13-1041,SD,1130,0.92,80090,57140,64020,72630,85760,115920
13-1041,TN,7990,0.91,73980,41460,51970,63960,92180,117250
13-1041,TX,42900,1.14,81400,45170,54700,75370,103730,126920
13-1041,UT,3760,0.81,75160,41230,50840,67370,95620,120520
13-1041,VA,15190,1.38,87230,48640,61570,80380,104970,133620
13-1041,VT,1960,2.4,88490,53570,68220,90420,108510,118270
13-1041,WA,11130,1.17,96870,60650,74770,88790,116210,142350
13-1041,WI,5710,0.72,84320,56010,63790,78800,98640,125160
13-1041,WV,1720,0.91,74330,44420,50520,64270,95870,115210
13-1041,WY,580,0.77,85940,51110,62510,79890,103380,132360
13-1051,AK,220,0.46,101890,52020,64460,97020,141420,163740
13-1051,AL,3000,0.98,77050,42400,53890,74990,92970,118160
13-1051,AR,1400,0.75,69300,38480,45850,61470,88760,110040
13-1051,AZ,5760,1.23,81990,37440,58710,77010,99110,127880
13-1051,CA,26020,0.99,94780,51750,65690,85460,118060,150790
13-1051,CO,6100,1.47,95040,58890,73400,86940,109990,137520
13-1051,CT,2350,0.96,88170,50020,63800,81030,104360,136830
13-1051,DC,270,0.27,92030,66720,82220,82730,101420,127520
13-1051,DE,730,1.05,79200,49580,62850,79290,91520,108280
13-1051,FL,13720,0.96,81130,44200,56810,74990,98370,128050
13-1051,GA,6010,0.85,81220,46600,57410,76800,97680,128420
13-1051,HI,1040,1.15,87120,46030,61280,80360,106220,139380
13-1051,IA,1870,0.83,78310,48740,58450,76040,93380,118410
13-1051,ID,1600,1.3,87770,48200,61110,79700,103660,137530
13-1051,IL,5990,0.68,88880,49200,61710,82750,108240,136590
13-1051,IN,4810,1.04,76200,50630,59590,73430,91410,106640
13-1051,KS,2250,1.09,80750,48860,62190,76250,96980,118310
13-1051,KY,1960,0.68,78920,46410,57990,74880,98450,119530
13-1051,LA,2680,0.96,80280,43840,58290,77030,98680,125050
13-1051,MA,4520,0.86,104770,58870,75420,100840,127400,151780
13-1051,MD,4580,1.15,87770,50660,63080,81190,106360,130970
13-1051,ME,760,0.83,77020,41450,56660,74080,90340,123040
13-1051,MI,6960,1.1,82600,46660,62060,77990,100660,125520
13-1051,MN,4310,1.01,85290,56640,65330,80810,99510,125370
13-1051,MO,6580,1.55,81220,44840,56880,76020,98600,128270
13-1051,MS,1280,0.76,74850,41600,52060,71230,91570,118040
13-1051,MT,1230,1.67,78490,50120,62130,77320,91990,106740
13-1051,NC,8030,1.13,78060,43580,57680,74730,94320,123240
13-1051,ND,730,1.18,77540,52730,61010,73280,85940,104050
13-1051,NE,1330,0.9,75840,50040,58030,73100,86770,105640
13-1051,NH,980,0.99,85650,51640,62190,79560,102640,129030
13-1051,NJ,5240,0.85,89600,50390,62530,80570,109060,137080
13-1051,NM,900,0.72,71890,38960,49000,67590,82990,109610
13-1051,NV,2240,1,88930,49200,62890,82200,104360,132350
13-1051,NY,11980,0.86,89450,52000,60290,80430,106820,139690
13-1051,OH,8100,1.01,82740,48750,61150,77730,99070,124990
13-1051,OK,1860,0.76,72680,42700,50750,67800,94270,104750
13-1051,OR,2940,1.04,88810,49970,62010,80460,112130,133460
13-1051,PA,9420,1.08,83890,49570,62610,78480,99580,126620
13-1051,RI,590,0.82,88260,60180,69470,81990,98100,130740
13-1051,SC,2880,0.87,77050,46970,57170,70260,92830,119590
13-1051,SD,1030,1.56,79200,57110,60740,74950,92710,129560
13-1051,TN,4340,0.92,79960,42440,60460,75650,98070,120990
13-1051,TX,20760,1.02,83780,45760,58970,76980,100580,132310
13-1051,UT,2800,1.12,85510,51740,60700,79610,103490,126800
13-1051,VA,5840,0.99,86110,49820,62600,80530,100830,129330
13-1051,VT,320,0.73,85430,56600,66890,81390,97330,113230
13-1051,WA,7470,1.46,94250,59650,70720,86070,108120,141540
13-1051,WI,5150,1.21,78830,50890,60540,76270,93960,111530
13-1051,WV,830,0.82,76980,42730,53980,77480,88290,122450
13-1051,WY,440,1.09,88240,52680,74730,90790,104000,108490
13-1071,AK,1420,0.74,80410,49910,61840,76990,92320,114330
13-1071,AL,11080,0.89,72590,41890,50930,64940,85030,112880
13-1071,AR,6230,0.81,62410,32030,43730,55010,74600,99990
13-1071,AZ,20230,1.06,76500,47290,56590,71390,93040,112900
13-1071,CA,104000,0.97,95180,52770,66060,83500,117430,151410
13-1071,CO,19450,1.15,88440,51290,62400,80840,104750,133850
13-1071,CT,9010,0.91,90080,51000,63480,82890,107280,134810
13-1071,DC,6910,1.68,116020,65280,82270,110970,148700,170330
13-1071,DE,2720,0.96,85230,50960,61700,77700,100840,132030
13-1071,FL,62730,1.08,74610,44920,51200,66410,90350,115920
13-1071,GA,32110,1.12,77570,44580,53680,70570,95610,125540
13-1071,HI,2570,0.7,77320,49110,59540,73750,92010,113320
13-1071,IA,7930,0.87,73850,45400,53890,66710,85770,110640
13-1071,ID,3930,0.78,70070,43820,49460,64990,81050,102490
13-1071,IL,35430,0.99,81480,48980,60750,76820,98580,123940
13-1071,IN,17110,0.91,72550,44810,52450,65600,84740,106830
13-1071,KS,7560,0.9,76590,47340,55190,70870,93380,115920
13-1071,KY,10900,0.93,72970,43690,52680,69010,84990,107940
13-1071,LA,7240,0.64,66370,39170,48900,61300,78710,100420
13-1071,MA,27300,1.28,95400,57500,67050,85630,115060,145130
13-1071,MD,15530,0.96,92180,54410,64760,83910,111530,139400
13-1071,ME,3020,0.8,75140,45850,57690,71630,89860,105840
13-1071,MI,25520,0.99,75250,46580,55560,69520,89270,110710
13-1071,MN,17240,1,83970,50330,61860,78760,100930,127060
13-1071,MO,17650,1.02,74670,44730,51710,66990,89860,110660
13-1071,MS,4850,0.71,68360,38500,48290,60300,83280,108950
13-1071,MT,2340,0.78,71430,44990,53390,63790,81280,108180
13-1071,NC,31140,1.07,79450,46760,56850,73070,96910,126000
13-1071,ND,1710,0.68,79210,50520,60570,75630,90000,116990
13-1071,NE,7220,1.2,67010,42730,48890,61930,79470,98480
13-1071,NH,4270,1.07,78500,47700,57090,70840,93650,122560
13-1071,NJ,21690,0.86,89170,56420,65890,80690,103160,132770
13-1071,NM,4090,0.8,75140,46620,56220,68050,89560,117170
13-1071,NV,6520,0.72,79260,47150,57680,71610,94990,119050
13-1071,NY,54610,0.96,95040,56040,65260,84380,118380,149990
13-1071,OH,33500,1.03,76230,45950,54570,70180,92460,118340
13-1071,OK,9370,0.94,67900,39990,48560,61630,81280,103460
13-1071,OR,10620,0.92,84550,51480,62820,78060,99860,126280
13-1071,PA,36960,1.04,77290,46610,56050,70450,90920,119850
13-1071,RI,3320,1.13,82250,51270,62180,77560,97210,128250
13-1071,SC,13720,1.01,74710,46070,51810,65370,87420,118590
13-1071,SD,1340,0.5,74450,50670,54910,67590,88100,104550
13-1071,TN,21460,1.12,73590,45630,53890,67370,85200,109990
13-1071,TX,84930,1.03,74920,43410,52900,68920,90790,117060
13-1071,UT,9900,0.97,77610,46800,56450,71750,95090,123780
13-1071,VA,28540,1.18,89620,48530,62070,82090,108970,136660
13-1071,VT,1270,0.71,80760,55510,63900,77800,93300,114090
13-1071,WA,22770,1.09,94000,57030,69200,84550,110550,136070
13-1071,WI,17360,1.01,74310,47860,57880,70540,85440,105270
13-1071,WV,3130,0.76,74040,44490,52660,66860,91560,115920
13-1071,WY,1000,0.6,74990,44630,53750,66970,94060,115790
13-1081,AK,530,1.01,92860,57960,67850,87280,114270,133090
13-1081,AL,5190,1.52,100340,61320,74490,98450,124380,142670
13-1081,AR,2220,1.06,86250,45780,62240,78400,106710,134910
13-1081,AZ,4800,0.92,84130,52170,59640,77620,100630,124740
13-1081,CA,32940,1.12,98300,57720,71910,92890,121470,153220
13-1081,CO,4490,0.97,100330,63060,77390,96090,121850,145350
13-1081,CT,2200,0.8,90980,61490,74400,85450,101650,126880
13-1081,DC,1350,1.19,109700,64080,76720,104770,134140,169060
13-1081,DE,520,0.66,99330,67380,73820,96090,115950,139590
13-1081,FL,15020,0.94,79550,45370,56850,76410,97650,122930
13-1081,GA,12580,1.59,80040,46200,60200,77570,97320,115840
13-1081,HI,570,0.57,101850,63790,78670,100340,124680,143020
13-1081,IA,2480,0.98,82500,53530,64110,78740,98140,110240
13-1081,ID,570,0.41,83100,50120,59580,73920,98110,135220
13-1081,IL,14170,1.44,85640,48020,63300,80100,100620,128070
13-1081,IN,3890,0.75,82220,49310,62140,77670,100720,122910
13-1081,KS,1780,0.77,76290,46400,59520,69520,90890,114090
13-1081,KY,2590,0.8,74120,48960,58510,68420,82960,106280
13-1081,LA,1710,0.55,84570,50550,64100,75230,100230,129230
13-1081,MA,5250,0.89,106910,67100,79150,100360,131580,160320
13-1081,MD,6840,1.53,107090,64090,81100,102700,130870,156750
13-1081,ME,570,0.55,78050,50420,56300,77780,92920,108320
13-1081,MI,10270,1.45,90350,52810,65220,83200,106570,132900
13-1081,MN,3450,0.72,89130,54730,65840,82320,104180,130440
13-1081,MO,3440,0.73,82760,49040,61030,78350,101080,124390
13-1081,MS,1560,0.83,76470,47560,60030,75160,88710,112830
13-1081,MT,280,0.34,88140,57260,70010,81270,99300,117650
13-1081,NC,7860,0.99,88150,55810,65350,80780,106240,128180
13-1081,ND,310,0.45,76880,56120,62080,72800,85990,101830
13-1081,NE,1500,0.91,75310,40230,52140,65370,85550,121600
13-1081,NH,690,0.63,86330,51310,63980,81270,101970,130580
13-1081,NJ,6280,0.91,97280,63740,78240,92280,115170,136590
13-1081,NM,850,0.61,98540,63190,78080,98430,119740,146850
13-1081,NV,1290,0.51,83080,51020,63310,79600,98470,117320
13-1081,NY,6930,0.44,95520,60370,72550,88240,110350,136940
13-1081,OH,8990,1,89600,52000,64400,83460,105340,131120
13-1081,OK,3830,1.39,87090,46880,62150,86600,105370,127070
13-1081,OR,3170,1,94840,52610,68370,83180,108830,133840
13-1081,PA,9980,1.02,84040,50960,62060,79340,99970,122560
13-1081,RI,550,0.68,83420,47010,63480,76180,98940,129630
13-1081,SC,5250,1.41,83580,49460,61810,80330,99590,123640
13-1081,SD,210,0.29,87750,56660,69860,80020,102050,136990
13-1081,TN,4990,0.94,76910,42730,49710,71280,91970,127700
13-1081,TX,21030,0.93,80060,45310,58470,75480,98900,123790
13-1081,UT,3760,1.34,87220,51540,65430,83300,103380,125440
13-1081,VA,10540,1.59,104250,64000,78210,98920,126840,156750
13-1081,VT,260,0.53,86490,63350,70870,83560,94890,107520
13-1081,WA,5670,0.99,112700,68860,87610,107250,132340,163950
13-1081,WI,5140,1.08,79230,52620,61130,73180,95530,118710
13-1081,WV,590,0.52,76480,48290,56610,71590,92080,108360
13-1081,WY,120,0.25,90420,65170,73320,85550,100420,133490
13-1082,AK,1950,0.87,103850,53360,74330,99580,126110,160710
13-1082,AL,3190,0.22,109660,63550,78010,100820,132500,164910
13-1082,AR,5510,0.62,84850,47620,57630,77170,103670,133420
13-1082,AZ,22920,1.03,105310,62050,75870,99050,129750,161870
13-1082,CA,114380,0.92,124430,69180,85620,120910,155850,188560
13-1082,CO,32390,1.64,118680,68990,85010,110050,136990,171630
13-1082,CT,8410,0.72,113490,66470,81490,105240,135100,167010
13-1082,DC,5170,1.07,119530,64080,79340,104900,143440,194170
13-1082,DE,1770,0.53,120830,74770,97130,122190,136510,166660
13-1082,FL,76370,1.12,103780,59070,75820,98070,128640,161250
13-1082,GA,28900,0.86,108080,58290,77470,102140,132550,163320
13-1082,HI,1560,0.36,90380,53930,62460,78000,104990,150440
13-1082,IA,6720,0.63,106580,62000,77360,96540,130170,150290
13-1082,ID,5750,0.98,103630,61090,71410,95630,128780,165140
13-1082,IL,27180,0.65,111230,65300,81000,103470,132360,163910
13-1082,IN,11970,0.54,98560,59120,72690,95020,122260,149350
13-1082,KS,6030,0.61,106050,59540,75990,100010,128780,165000
13-1082,KY,10250,0.75,89470,52090,64130,81700,104860,131670
13-1082,LA,8050,0.61,96070,56400,66800,84850,121500,143780
13-1082,MA,21960,0.88,120970,72800,87290,114190,144990,174840
13-1082,MD,30530,1.61,112710,62890,80010,104040,134630,167040
13-1082,ME,2620,0.6,104230,63560,80060,101830,126020,147640
13-1082,MI,25330,0.84,104690,61980,78290,100970,129310,154260
13-1082,MN,18850,0.93,101580,65040,79000,97860,123080,141490
13-1082,MO,21460,1.07,99600,56660,71270,94660,124980,157650
13-1082,MS,4320,0.54,89910,50840,63020,78870,103650,140140
13-1082,MT,2940,0.84,96530,58680,70830,87890,121160,143170
13-1082,NC,36200,1.07,107630,61570,77970,100820,130690,164050
13-1082,ND,2020,0.69,100790,62300,77010,96160,119630,139320
13-1082,NE,3190,0.45,86240,51630,62390,80150,102820,129560
13-1082,NH,3840,0.82,97090,60950,74010,90890,116500,144920
13-1082,NJ,28300,0.96,127900,74410,92850,122980,155490,190600
13-1082,NM,4330,0.72,117000,63430,79460,106970,155990,173000
13-1082,NV,8290,0.78,106040,61610,77460,99940,130010,162830
13-1082,NY,68020,1.02,126260,74580,91660,121040,160220,192160
13-1082,OH,34260,0.9,102210,59280,74420,95770,126570,160570
13-1082,OK,11220,0.96,94400,53990,66810,86240,116520,142950
13-1082,OR,19380,1.44,115770,65310,81260,105480,134270,168480
13-1082,PA,36150,0.87,106910,61600,78370,100150,128640,160560
13-1082,RI,3880,1.13,112110,63750,79890,104680,132750,170050
13-1082,SC,17040,1.08,101350,56710,72960,95040,125480,159310
13-1082,SD,1310,0.42,88360,58000,67630,82250,104180,130400
13-1082,TN,20780,0.92,93630,56450,70220,85890,112350,135350
13-1082,TX,138960,1.44,104210,57460,74810,98440,129370,162780
13-1082,UT,16450,1.38,101770,56840,74840,96720,127160,159240
13-1082,VA,43860,1.56,123390,68020,85550,120840,158050,179970
13-1082,VT,1190,0.57,90600,61950,66830,80800,101620,128110
13-1082,WA,36240,1.49,127580,74750,92830,124160,162490,202120
13-1082,WI,21610,1.07,99720,60840,76720,97580,123850,139140
13-1082,WV,2520,0.52,97340,54070,65370,91780,125050,149460
13-1082,WY,1180,0.61,98200,54750,71830,94080,120090,151500
13-1111,AK,460,0.24,99860,48920,73830,100190,124950,146870
13-1111,AL,4900,0.4,116540,63400,82120,108040,138590,193370
13-1111,AR,6250,0.83,83220,47260,57390,72950,97520,141800
13-1111,AZ,17190,0.92,112460,52510,72570,93310,123470,161400
13-1111,CA,137280,1.3,115720,61360,77440,101460,134750,174970
13-1111,CO,14360,0.86,118010,41050,80120,104750,149260,204240
13-1111,CT,8000,0.82,116100,64700,81200,104960,133910,177740
13-1111,DC,19000,4.68,130350,84590,104490,126140,148700,178070
13-1111,DE,4120,1.47,106170,59540,76460,99480,128720,165050
13-1111,FL,71060,1.24,99830,51520,64910,88610,124380,161810
13-1111,GA,38390,1.36,110340,61010,77840,99600,132010,172850
13-1111,HI,2920,0.8,107960,66060,82210,101750,132470,156000
13-1111,IA,4150,0.46,91780,51370,64070,85530,106990,134600
13-1111,ID,3700,0.75,93140,48360,64940,88710,115210,149140
13-1111,IL,45820,1.3,114410,57610,81230,104270,135020,175360
13-1111,IN,11770,0.64,102990,55160,71850,95560,124200,158820
13-1111,KS,5280,0.64,89080,49260,62250,81210,105890,134300
13-1111,KY,4550,0.39,97790,58660,73790,95630,120200,139180
13-1111,LA,4760,0.43,103780,57590,73730,95540,122930,167980
13-1111,MA,30060,1.43,147080,82490,103150,134720,168800,216940
13-1111,MD,19170,1.2,119870,73030,92870,121680,144680,162090
13-1111,ME,2910,0.79,88290,61980,73990,75530,99630,126450
13-1111,MI,13010,0.51,100800,56400,72240,93640,123730,156320
13-1111,MN,20700,1.21,107090,64480,78080,100790,127860,162160
13-1111,MO,10030,0.59,103390,60690,74260,97270,123840,153300
13-1111,MS,3160,0.47,80190,43370,52870,69390,97470,131810
13-1111,MT,1590,0.54,93910,37300,65610,97470,118900,145660
13-1111,NC,22200,0.78,105600,49990,73320,98560,131360,163950
13-1111,ND,,**,90240,49260,61490,90220,99500,127380
13-1111,NE,2740,0.46,85140,49820,62500,75360,104750,131270
13-1111,NH,2670,0.68,112030,66550,81360,104270,131440,162000
13-1111,NJ,22080,0.89,115990,56820,81680,105820,135790,175670
13-1111,NM,3910,0.78,97450,58890,66130,93180,124690,139480
13-1111,NV,4550,0.51,91530,58270,64920,81600,104280,130000
13-1111,NY,69150,1.24,129700,64900,85670,112250,165460,209440
13-1111,OH,25120,0.78,100250,61600,75650,94270,122660,146740
13-1111,OK,5760,0.58,103540,49260,73780,99420,126080,153860
13-1111,OR,10840,0.95,106760,73300,84600,101840,118380,135380
13-1111,PA,34420,0.98,100450,51250,65330,93830,126500,161770
13-1111,RI,4100,1.42,113990,69640,76600,99640,127070,208000
13-1111,SC,12340,0.93,112690,54720,73750,100660,142700,169620
13-1111,SD,2980,1.13,92440,59070,66120,83620,108890,147210
13-1111,TN,13700,0.72,108100,63280,78940,99260,129990,172170
13-1111,TX,50990,0.63,110350,62730,78440,101400,131210,168420
13-1111,UT,5670,0.57,86900,41450,63690,83530,103310,132620
13-1111,VA,59620,2.51,137480,66140,83260,117580,152730,174700
13-1111,VT,730,0.41,113530,67750,79640,107520,132990,157130
13-1111,WA,24760,1.21,121510,72910,84570,109170,150020,194090
13-1111,WI,11670,0.69,105230,64120,78420,98780,124800,157620
13-1111,WV,1740,0.43,99440,57830,75030,97470,121680,143420
13-1111,WY,390,0.24,115470,67940,78850,98540,125750,180950
13-1141,AK,180,0.78,83220,58730,62980,79160,96390,111620
13-1141,AL,1000,0.66,67730,51390,51480,57710,77250,98100
13-1141,AR,490,0.52,69360,40830,47020,61280,80640,106780
13-1141,AZ,2230,0.95,77870,44000,57120,74930,93960,114400
13-1141,CA,13430,1.02,98480,60070,73790,91410,117240,150180
13-1141,CO,1980,0.95,99510,62280,76800,92560,120330,152370
13-1141,CT,1140,0.93,90520,50750,66620,83100,107190,133460
13-1141,DC,650,1.28,92350,60560,74730,86710,106250,127930
13-1141,DE,290,0.83,100230,61260,74010,99560,119520,136700
13-1141,FL,6610,0.92,72260,42990,51150,65020,82930,109480
13-1141,GA,4780,1.35,76500,42030,56660,66690,97280,122130
13-1141,HI,260,0.57,75530,48550,54450,64090,87190,108660
13-1141,IA,1070,0.95,74460,49710,56910,67160,84720,103830
13-1141,ID,500,0.81,67160,43710,48390,63680,76230,103730
13-1141,IL,4410,1,86460,55190,62780,79300,101180,128720
13-1141,IN,1820,0.78,72790,38190,51270,68300,83060,108920
13-1141,KS,640,0.62,75200,50240,55990,67990,85340,111100
13-1141,KY,670,0.47,66740,40730,51970,64690,78260,94370
13-1141,LA,1050,0.75,70020,39350,47320,62700,84220,98980
13-1141,MA,3390,1.29,104470,63230,76530,95890,125730,161120
13-1141,MD,1650,0.83,83830,51820,63530,79700,99970,117940
13-1141,ME,180,0.38,81610,55690,66810,77400,92400,104440
13-1141,MI,2480,0.78,83750,52470,62540,79480,99460,127870
13-1141,MN,,**,83900,38840,63760,78770,101110,130920
13-1141,MO,1670,0.79,77890,49370,58590,74260,93820,118390
13-1141,MS,370,0.44,59490,36840,40140,51670,75430,83920
13-1141,MT,190,0.51,80200,55850,59150,75290,83570,105150
13-1141,NC,3930,1.1,78400,47590,56730,67970,94270,127490
13-1141,ND,100,0.33,75820,50010,57470,70480,86730,103620
13-1141,NE,460,0.62,74500,43770,53330,67410,86620,109670
13-1141,NH,380,0.77,86220,61010,72950,80810,97750,116150
13-1141,NJ,3150,1.02,92580,56820,68080,85040,112060,136080
13-1141,NM,340,0.54,93060,55240,66840,83540,106200,153750
13-1141,NY,11470,1.64,91070,58740,69450,83200,103320,131110
13-1141,OH,2950,0.74,77760,46790,59040,75780,94610,109970
13-1141,OK,1200,0.97,70670,42940,50980,64260,86030,101290
13-1141,OR,1330,0.94,88990,58860,69220,83320,101190,125500
13-1141,PA,4910,1.12,76130,46400,55470,70640,87040,120830
13-1141,RI,300,0.83,94420,59440,66710,80330,109030,172660
13-1141,SC,1160,0.7,69810,41580,49100,63450,81990,104860
13-1141,SD,630,1.91,67890,48330,54080,64630,78630,91390
13-1141,TN,2150,0.91,74720,47560,56030,69990,84990,112320
13-1141,TX,,**,81100,49570,60800,74800,96580,121790
13-1141,UT,,**,71690,52090,52090,52090,77210,132800
13-1141,VA,3500,1.18,89320,54410,63510,81190,102850,136030
13-1141,VT,170,0.78,77290,57520,63630,76030,86660,97240
13-1141,WA,3350,1.3,97150,60750,78610,86630,107840,135810
13-1141,WI,1840,0.87,76610,52810,60820,72130,84730,103500
13-1141,WV,580,1.14,64080,37120,40770,48080,68820,119960
13-1141,WY,,**,68830,64330,69090,69090,69090,69090
13-1151,AK,530,0.55,85910,48130,61580,81860,105280,127140
13-1151,AL,3000,0.48,71050,39690,47300,64490,83600,114010
13-1151,AR,3880,1.01,58270,29490,38320,52290,70630,96950
13-1151,AZ,,**,74820,41500,51990,67140,94450,114180
13-1151,CA,46530,0.87,84110,43320,51360,75790,105440,134270
13-1151,CO,12100,1.43,77650,37490,50770,75790,98480,116970
13-1151,CT,3650,0.73,86490,44030,52840,78080,105740,137040
13-1151,DC,1900,0.92,86030,38570,47890,80980,111720,135040
13-1151,DE,1590,1.11,89780,57260,64080,88570,108850,119780
13-1151,FL,34130,1.17,74650,38370,49810,71990,93410,118190
13-1151,GA,16200,1.12,74290,40480,50260,67320,88100,120180
13-1151,HI,1200,0.65,72180,33470,41600,60960,93290,134220
13-1151,IA,4670,1.02,73090,42370,50240,66110,84240,118070
13-1151,ID,2430,0.96,64700,30720,45940,61720,80010,102600
13-1151,IL,15140,0.84,74660,39430,48920,67380,95120,119970
13-1151,IN,8450,0.9,67090,39060,48490,61050,80120,101520
13-1151,KS,5150,1.22,68060,41640,48640,62010,80630,107900
13-1151,KY,6090,1.03,66370,38700,47500,61390,77680,103690
13-1151,LA,3030,0.53,66390,39240,48000,58070,77160,105200
13-1151,MA,12190,1.14,86070,41790,55990,80270,114970,129670
13-1151,MD,9800,1.2,78610,39240,46800,76370,101800,128610
13-1151,ME,1600,0.85,73880,48210,52320,65680,89130,112940
13-1151,MI,10640,0.82,70510,38550,49540,64350,84750,106250
13-1151,MN,9650,1.11,82310,50470,62160,76710,99710,124630
13-1151,MO,,**,62590,31720,38730,58670,76960,100670
13-1151,MS,2820,0.82,61690,38110,45600,53680,71980,96400
13-1151,MT,900,0.59,66830,35970,49580,62880,81740,99750
13-1151,NC,20220,1.39,71770,33170,47470,65250,90400,115110
13-1151,ND,670,0.53,70280,47770,52810,63260,82890,98200
13-1151,NE,3650,1.21,71610,46430,53350,65700,83190,104500
13-1151,NH,,**,80700,50790,64790,86050,86050,100580
13-1151,NJ,9210,0.73,81390,36570,49500,77020,102080,133700
13-1151,NM,2190,0.85,69890,37870,49230,62900,80280,111990
13-1151,NV,3440,0.75,66860,40510,47760,61350,80850,102610
13-1151,NY,27460,0.96,82620,40220,56320,76080,102640,133620
13-1151,OH,17690,1.08,69600,33450,45960,64780,86550,108030
13-1151,OK,5440,1.08,66060,31550,43950,61040,83360,104120
13-1151,OR,5190,0.9,82530,49500,60470,76360,99670,122980
13-1151,PA,14780,0.83,77070,45040,55170,71350,96160,118270
13-1151,RI,1130,0.77,87760,46420,58110,75910,108930,151560
13-1151,SC,6960,1.03,71040,38790,47220,63070,85710,116210
13-1151,SD,520,0.39,65660,44200,52350,61570,77340,86200
13-1151,TN,9370,0.97,70770,38000,48550,62280,84190,116280
13-1151,TX,46630,1.12,69910,33250,46610,62860,85470,113870
13-1151,UT,6140,1.2,68760,38000,49170,60900,83260,107390
13-1151,VA,15570,1.29,82680,41870,57530,77690,101030,130180
13-1151,VT,750,0.84,83930,46070,58700,77800,106090,128060
13-1151,WA,8130,0.78,89460,47910,62400,81860,108830,135800
13-1151,WI,9360,1.08,74140,45780,57020,70770,83800,105650
13-1151,WV,1710,0.83,70290,39970,50190,64960,82060,101080
13-1151,WY,550,0.67,76640,41210,51540,69380,101990,128300
13-1161,AK,570,0.31,70110,44320,53560,66710,82480,99990
13-1161,AL,8390,0.69,68500,36100,46330,59530,79690,114010
13-1161,AR,6250,0.83,78430,34560,47730,65430,102420,136310
13-1161,AZ,15850,0.85,80310,41110,49980,71940,97800,136430
13-1161,CA,119070,1.13,108120,48440,65290,94700,134630,181600
13-1161,CO,27880,1.68,98960,48900,64380,93050,126670,165190
13-1161,CT,9930,1.01,86740,46280,58210,77740,104380,138980
13-1161,DC,6340,1.56,106270,59340,74990,98090,132300,176240
13-1161,DE,3570,1.27,105940,51480,78040,101270,135880,165840
13-1161,FL,60770,1.06,81010,38830,52650,75450,99600,130570
13-1161,GA,27810,0.98,84540,37700,51440,75850,107260,148910
13-1161,HI,1610,0.44,64720,29120,42040,59390,79390,104610
13-1161,IA,8880,0.98,73380,40160,50010,66390,85680,122120
13-1161,ID,3780,0.76,73110,36800,47370,60970,84310,127660
13-1161,IL,40560,1.15,87940,46970,60210,79120,104800,139110
13-1161,IN,14400,0.78,72460,39740,49110,63700,86080,117640
13-1161,KS,8090,0.97,77490,38540,52850,70430,96760,128650
13-1161,KY,6290,0.54,70220,37970,47950,61480,78290,103300
13-1161,LA,5360,0.48,68520,32130,45760,59690,82660,111550
13-1161,MA,39710,1.89,108600,58090,77220,101810,133460,166970
13-1161,MD,13570,0.85,85610,41600,57040,76370,100340,145600
13-1161,ME,2390,0.64,79240,43310,54460,71980,98820,127200
13-1161,MI,24220,0.95,77240,40930,49990,66780,97820,127190
13-1161,MN,21280,1.25,94120,50400,63850,87510,123720,143180
13-1161,MO,14890,0.88,78560,37970,48680,70140,100710,129140
13-1161,MS,2620,0.39,61820,30780,42840,56640,73980,95240
13-1161,MT,1460,0.49,71250,40450,53190,68080,80730,105320
13-1161,NC,30700,1.07,89430,43780,58430,78410,109810,155670
13-1161,ND,1550,0.62,66940,39480,48880,61580,79880,102950
13-1161,NE,3780,0.64,64970,37080,47600,60000,79110,99990
13-1161,NH,4200,1.06,80090,46660,52370,64570,96450,136640
13-1161,NJ,22990,0.93,94660,49900,68150,88190,113480,145010
13-1161,NM,1610,0.32,67090,41600,48770,61950,78740,98060
13-1161,NV,5780,0.64,76790,37020,51320,71840,95680,123130
13-1161,NY,80500,1.44,103270,56070,72600,98580,129430,165920
13-1161,OH,27370,0.85,78560,39860,52420,72790,98070,129270
13-1161,OK,6620,0.67,69590,33890,45370,61940,82750,114010
13-1161,OR,11310,0.99,90540,48060,60860,79150,107990,151800
13-1161,PA,31040,0.88,77100,34160,49790,68760,96670,128810
13-1161,RI,3210,1.11,89490,49020,63270,86240,103340,129540
13-1161,SC,11920,0.89,81470,39950,51410,69440,100020,153090
13-1161,SD,1530,0.58,73980,47000,52150,63490,88360,124380
13-1161,TN,13040,0.69,79640,39480,51820,69790,96520,134740
13-1161,TX,63350,0.78,79770,37640,52060,72520,98320,135710
13-1161,UT,14510,1.44,71490,38380,46010,62630,85450,120410
13-1161,VA,25610,1.08,87420,40100,56930,76980,105620,153300
13-1161,VT,860,0.49,78420,50700,61290,74880,89990,110230
13-1161,WA,24460,1.19,107970,52000,67590,95120,139560,174040
13-1161,WI,15600,0.92,73910,42640,52450,64800,89560,117910
13-1161,WV,1650,0.41,58360,34160,38250,52340,69550,93430
13-1161,WY,850,0.52,69760,34360,47590,60990,78010,112150
13-2011,AK,2190,0.72,90350,57690,72230,83460,102460,125810
13-2011,AL,24300,1.23,81080,50240,60840,74880,95870,123170
13-2011,AR,7870,0.65,76980,45810,52570,66330,88950,119520
13-2011,AZ,27410,0.91,88400,55430,64990,79970,103640,128890
13-2011,CA,175360,1.03,103760,61770,75810,97050,125850,160520
13-2011,CO,35410,1.32,103150,60760,74900,97030,127270,162160
13-2011,CT,16770,1.06,101810,64230,78020,97550,123670,156670
13-2011,DC,9810,1.5,122680,71470,83050,111530,156730,185220
13-2011,DE,6570,1.45,97930,60500,74270,95020,120450,132550
13-2011,FL,91000,0.98,88210,50280,62730,79250,103140,131930
13-2011,GA,44020,0.97,93640,51830,64830,81900,109110,145960
13-2011,HI,4670,0.8,79300,49860,60710,74500,92870,117840
13-2011,IA,13210,0.91,83640,51420,62090,77440,98150,123700
13-2011,ID,5570,0.7,79940,48170,61150,74730,93400,121820
13-2011,IL,54930,0.97,88910,54510,66290,80230,102270,131990
13-2011,IN,25660,0.86,84000,50950,62370,77720,100120,125880
13-2011,KS,13610,1.02,86130,52960,62960,79000,100650,129800
13-2011,KY,11930,0.64,80790,50750,61040,75270,96780,121230
13-2011,LA,14050,0.78,79130,48950,59960,73810,91830,117110
13-2011,MA,46230,1.36,107170,70460,79370,99460,128560,160100
13-2011,MD,26170,1.02,98210,59760,73100,89370,116420,156660
13-2011,ME,3860,0.65,84880,55640,63920,77480,98700,125130
13-2011,MI,41460,1.01,86990,52620,63850,78820,101030,131080
13-2011,MN,30530,1.11,94060,58280,68190,81600,105020,138960
13-2011,MO,28000,1.02,83180,49290,60370,76590,99580,128300
13-2011,MS,7350,0.68,77680,45440,57550,68100,93640,120290
13-2011,MT,4730,0.99,82750,49250,61690,75810,97320,125290
13-2011,NC,49270,1.07,93810,53610,65120,82050,108090,146100
13-2011,ND,4430,1.11,80090,49330,60960,75730,95780,124960
13-2011,NE,10340,1.08,77660,48590,59990,72080,90660,114530
13-2011,NH,7000,1.1,92570,59920,71360,83470,105160,131110
13-2011,NJ,42250,1.06,110590,65710,80320,100830,129280,167080
13-2011,NM,6300,0.78,84320,52390,63290,78580,99090,125420
13-2011,NV,6930,0.48,89310,58630,68190,81600,103640,128760
13-2011,NY,109830,1.22,114070,63700,79760,102640,134820,171030
13-2011,OH,50440,0.97,88280,52140,63020,79320,102230,131400
13-2011,OK,16720,1.05,91350,47670,59990,79370,104240,155480
13-2011,OR,14920,0.81,93870,62590,74350,85800,104150,130650
13-2011,PA,54290,0.96,86070,50680,62330,79000,99990,130270
13-2011,RI,6570,1.41,99880,59920,76400,95820,120280,150320
13-2011,SC,15270,0.71,85390,50370,62100,76560,99080,131220
13-2011,SD,5820,1.36,85030,61190,66970,78880,97920,115470
13-2011,TN,27340,0.89,82260,49920,62430,76840,94790,122160
13-2011,TX,116470,0.89,90370,53380,65560,80920,103760,132040
13-2011,UT,15490,0.96,87700,48770,61910,79990,104140,131590
13-2011,VA,47100,1.23,100660,60000,74250,93290,123510,156730
13-2011,VT,2630,0.93,85280,59770,66190,78890,97100,118800
13-2011,WA,34740,1.05,102700,66330,79180,96550,122480,152310
13-2011,WI,25100,0.92,87870,58340,65000,79400,100800,127800
13-2011,WV,4900,0.75,78020,49240,59260,73320,91660,115210
13-2011,WY,2670,1.02,83820,50900,60470,77620,100560,126520
13-2031,AK,220,2.21,100640,74340,83600,94740,114490,130270
13-2031,AL,870,1.36,101420,61050,76400,99490,124380,142670
13-2031,AR,320,0.81,73710,46750,53300,71800,88610,106330
13-2031,AZ,730,0.74,87470,60500,71500,84810,102340,123300
13-2031,CA,4160,0.75,105890,69170,80860,99520,129140,149650
13-2031,CO,1290,1.48,99890,70660,81270,97100,115000,130180
13-2031,CT,970,1.88,98440,70720,81040,95440,111830,131160
13-2031,DC,1490,7.02,124680,82060,101400,124590,144680,156750
13-2031,DE,260,1.8,89320,65980,77570,82000,102520,122260
13-2031,FL,3150,1.05,88620,56660,66900,84170,101910,123710
13-2031,GA,1900,1.28,93650,55050,71280,91870,115210,133090
13-2031,HI,210,1.1,92200,63790,76780,92380,107930,120270
13-2031,IA,390,0.82,91730,63650,77320,86550,104120,134440
13-2031,ID,190,0.73,88950,63290,71280,83220,100420,126220
13-2031,IL,750,0.4,94430,59300,73320,94880,112260,132380
13-2031,IN,390,0.4,81890,60390,64940,82080,92410,106330
13-2031,KS,270,0.62,85820,59240,67090,80140,103080,117810
13-2031,KY,630,1.03,81510,59960,65170,76860,95070,112400
13-2031,LA,330,0.56,84680,53560,63510,80530,97690,122660
13-2031,MA,1280,1.16,97340,67860,80940,92260,109100,131770
13-2031,MD,2490,2.97,110120,65680,83820,106020,133220,156750
13-2031,ME,200,1.03,89300,61110,69040,88130,101590,118040
13-2031,MI,1020,0.76,102500,65390,79190,96430,134900,142380
13-2031,MN,450,0.5,94810,65160,80000,85970,107310,134040
13-2031,MO,520,0.59,89000,60920,68310,81980,100740,128110
13-2031,MS,390,1.11,77220,46690,64130,78850,92600,103380
13-2031,MT,360,2.33,78760,62260,63070,79700,86260,103530
13-2031,NC,1830,1.22,87630,59050,68060,82350,100360,128560
13-2031,ND,150,1.17,79420,61350,68790,77400,87700,100420
13-2031,NE,200,0.63,88120,61100,73320,83010,100210,122530
13-2031,NH,80,0.37,97120,68080,74090,92600,113170,130480
13-2031,NJ,840,0.65,100310,67590,81500,96250,117420,140730
13-2031,NM,740,2.81,91530,58360,69390,87360,106520,129470
13-2031,NV,440,0.94,87310,64500,70740,81600,98950,114250
13-2031,NY,2760,0.94,95920,64990,75490,88540,108840,135190
13-2031,OH,800,0.47,94430,60570,74880,89840,113710,135370
13-2031,OK,670,1.29,84860,55620,65170,80990,101330,118360
13-2031,OR,1090,1.82,95030,64360,77320,95250,113240,124900
13-2031,PA,1490,0.81,88380,55220,68970,84240,104810,124590
13-2031,RI,90,0.6,96330,65680,77390,92790,120430,130480
13-2031,SC,470,0.68,90850,62870,73920,86260,107480,125860
13-2031,SD,120,0.88,81890,56910,64920,79180,96100,116000
13-2031,TN,1140,1.15,92220,63920,76400,86570,108010,133280
13-2031,TX,3340,0.78,89220,60840,70080,82970,103830,126200
13-2031,UT,280,0.54,93760,63570,76400,88610,107910,133630
13-2031,VA,2730,2.19,112310,70610,84590,105470,133490,156750
13-2031,VT,90,1.02,91410,68580,78890,93430,102890,105310
13-2031,WA,1510,1.4,102370,61240,79740,96640,129480,147640
13-2031,WI,820,0.92,83900,59960,69360,82180,94490,112610
13-2031,WV,180,0.87,84740,51200,64000,78850,100420,119430
13-2031,WY,80,0.9,83020,63480,69240,81100,94520,106330
13-2041,AK,40,0.27,78120,56910,59470,81340,81340,97110
13-2041,AL,370,0.42,93100,52790,63950,79970,110920,138570
13-2041,AR,300,0.56,82470,43520,52320,71370,95540,118500
13-2041,AZ,2260,1.68,84110,55890,63870,77020,95240,125980
13-2041,CA,5260,0.7,113670,61380,76380,97860,138710,194760
13-2041,CO,870,0.73,99050,61950,70300,81270,110100,176230
13-2041,CT,560,0.8,102400,65540,76570,98230,122520,140830
13-2041,DC,50,0.16,144010,68020,80250,132590,207120,210220
13-2041,DE,720,3.57,105140,64830,79270,94680,117200,166040
13-2041,FL,4040,0.98,89690,55170,62460,78360,97520,134350
13-2041,GA,1790,0.88,89610,51500,62400,77990,100530,155910
13-2041,HI,130,0.51,104150,51620,62640,98900,148840,148840
13-2041,IA,480,0.74,81470,56470,64880,76760,85000,117160
13-2041,ID,330,0.92,86510,58770,64690,79650,95200,139990
13-2041,IL,3130,1.24,103060,58400,67580,84990,128660,172180
13-2041,IN,860,0.65,70890,47850,55420,62660,78160,101560
13-2041,KS,520,0.87,84300,52990,60040,73120,97580,132120
13-2041,KY,370,0.44,87210,51980,63750,79290,101950,130200
13-2041,LA,290,0.36,81210,46680,54370,73210,99380,134670
13-2041,MA,1400,0.93,105580,64530,74110,97080,131030,173680
13-2041,MD,700,0.61,84580,47410,59320,75390,97580,124380
13-2041,ME,280,1.05,87100,61430,64470,81750,96410,123490
13-2041,MI,1510,0.83,77940,51170,61520,74640,82050,108870
13-2041,MN,1110,0.91,91890,60530,73080,82630,102030,131610
13-2041,MO,1160,0.96,75710,50020,60400,65350,83740,113280
13-2041,MS,280,0.58,89430,47020,59750,74880,105730,164010
13-2041,MT,190,0.92,84600,57350,64410,74650,83870,124010
13-2041,NC,3270,1.6,102440,62620,76030,94570,124270,164140
13-2041,ND,300,1.67,80080,51920,59450,74810,94530,123460
13-2041,NE,510,1.2,83660,50200,64040,79730,98700,110380
13-2041,NH,230,0.82,96530,60370,65430,77980,111100,156480
13-2041,NJ,1220,0.69,112680,71590,80280,100940,131320,169490
13-2041,NM,90,0.26,80310,53960,59590,72160,88890,133310
13-2041,NV,390,0.61,83530,58400,60150,73090,98550,137960
13-2041,NY,7960,1.98,150390,76730,99210,133270,202380,241220
13-2041,OH,2790,1.21,88680,50460,62390,79720,101950,133700
13-2041,OK,550,0.78,89380,47530,57570,75330,97980,178350
13-2041,OR,650,0.8,90300,62310,74000,80380,102000,129830
13-2041,PA,1930,0.77,92440,50750,62010,80280,103210,155360
13-2041,RI,160,0.76,93620,59860,70790,85920,104310,134850
13-2041,SC,690,0.72,85540,49300,60360,77530,100040,125680
13-2041,SD,430,2.28,82670,51690,58690,73040,96810,134230
13-2041,TN,1480,1.09,81490,49080,57710,72550,91690,134980
13-2041,TX,6130,1.05,88300,50600,60920,78730,101080,134860
13-2041,UT,750,1.04,86400,49160,59770,74430,96430,164900
13-2041,VA,2460,1.45,117160,63220,81330,102430,140490,164750
13-2041,VT,90,0.71,95670,55910,60530,71220,120480,150030
13-2041,WA,1280,0.87,98490,59800,73190,91160,119660,151970
13-2041,WI,1770,1.45,79960,50780,58680,68690,88270,126640
13-2041,WV,220,0.74,66600,48170,50740,57320,73210,95870
13-2041,WY,40,0.38,66150,49140,50800,62210,75850,91920
13-2051,AK,190,0.25,129350,68170,80350,102240,154120,237230
13-2051,AL,3410,0.69,99690,52200,70190,91290,109450,157320
13-2051,AR,1390,0.46,90430,48850,66260,81110,107220,137210
13-2051,AZ,5940,0.79,106820,62340,75230,93540,120250,161870
13-2051,CA,45380,1.07,125070,72840,86440,109110,146840,198280
13-2051,CO,8040,1.2,116590,71590,82060,103850,131010,171570
13-2051,CT,,**,129040,75470,87190,109500,165270,213120
13-2051,DC,3670,2.24,123890,67620,84290,105780,134370,207330
13-2051,DE,2290,2.02,116240,68530,79950,101800,133960,168450
13-2051,FL,23900,1.03,103700,60620,70710,94490,119710,155470
13-2051,GA,9780,0.86,108630,66140,78380,99420,129420,167700
13-2051,HI,600,0.41,97010,63080,71530,94640,107990,138830
13-2051,IA,2000,0.55,98460,62310,76500,92370,115220,135890
13-2051,ID,680,0.34,101480,61660,75660,100830,119200,145670
13-2051,IL,20520,1.45,110820,64700,78430,101180,128620,166090
13-2051,IN,3680,0.49,89080,55550,64990,81760,107160,127550
13-2051,KS,1870,0.56,90770,58680,67420,84860,105070,128750
13-2051,KY,2460,0.53,90010,49930,62230,81660,105710,136480
13-2051,LA,1450,0.32,88420,49550,62470,75680,99680,132230
13-2051,MA,14790,1.75,129680,77940,90190,111040,161530,205320
13-2051,MD,5360,0.83,116600,64690,80550,100370,134690,183320
13-2051,ME,710,0.48,93970,64110,76980,88320,106350,133270
13-2051,MI,7400,0.72,104060,63180,76290,95420,121580,154230
13-2051,MN,7450,1.09,108280,65290,78860,102990,128250,161580
13-2051,MO,4430,0.65,103130,60500,76280,98420,120840,160540
13-2051,MS,720,0.26,87580,50290,60710,79580,103870,132440
13-2051,MT,440,0.37,111160,59000,80360,99190,117210,165100
13-2051,NC,12710,1.1,109880,61670,76510,102390,131440,167250
13-2051,ND,300,0.3,82310,51680,60430,78170,96040,131520
13-2051,NE,,**,94830,64380,75080,85320,113100,127170
13-2051,NH,580,0.36,95700,48660,62900,82520,115620,160010
13-2051,NJ,10380,1.04,123940,71650,83630,108610,152880,179770
13-2051,NM,930,0.46,98910,63630,64470,87630,117950,143660
13-2051,NV,1830,0.51,89650,62460,66550,83430,104610,125010
13-2051,NY,52380,2.32,146620,77540,101570,127930,174990,225380
13-2051,OH,9760,0.76,100560,57870,72370,94280,114010,142420
13-2051,OK,1550,0.39,95440,53260,65430,79640,104680,138910
13-2051,OR,2820,0.62,126730,77150,95470,120590,148880,203550
13-2051,PA,13310,0.94,98530,57260,66620,84460,121470,155320
13-2051,RI,1790,1.53,115910,63050,77870,100550,131140,175270
13-2051,SC,3600,0.67,105330,58420,73570,93670,124070,157700
13-2051,SD,820,0.77,120230,55010,69690,99150,140150,239700
13-2051,TN,4910,0.64,97730,50130,71910,92990,104700,140870
13-2051,TX,28820,0.88,110920,63230,77350,99150,126200,169990
13-2051,UT,4510,1.12,98700,57390,68680,91370,117290,154230
13-2051,VA,10410,1.09,117380,67540,80990,105490,137490,176690
13-2051,VT,230,0.32,112810,68710,79110,99090,124390,186570
13-2051,WA,8820,1.07,117650,64810,82200,107210,136340,167790
13-2051,WI,5430,0.79,102500,61900,76400,95570,121190,152460
13-2051,WV,400,0.25,76830,47340,61190,69030,84090,119240
13-2051,WY,190,0.29,195710,64860,84190,187090,347540,347540
13-2052,AK,,**,117610,50790,62290,78690,152440,156830
13-2052,AL,2540,0.7,132860,42150,47250,77990,136050,342030
13-2052,AR,1320,0.59,113140,36710,49750,79420,155730,207560
13-2052,AZ,6430,1.16,125750,45330,59610,96950,148090,212630
13-2052,CA,32200,1.03,170070,67690,83860,130330,195420,393860
13-2052,CO,6730,1.36,123110,57020,63880,89280,132450,269500
13-2052,CT,,**,160780,59890,81990,129720,165850,388240
13-2052,DC,480,0.4,144800,58790,58790,104990,189990,370880
13-2052,DE,,**,136950,44340,74100,125050,161680,218710
13-2052,FL,21490,1.26,162780,48950,65120,100970,206290,395370
13-2052,GA,6830,0.81,154620,46180,65270,101450,194990,367640
13-2052,HI,550,0.51,117560,48060,52390,76070,125500,314250
13-2052,IA,1920,0.72,132560,51310,70190,92310,148290,268860
13-2052,ID,760,0.51,135790,44500,63080,94370,192810,252340
13-2052,IL,9760,0.93,158450,51820,73010,120130,175680,328650
13-2052,IN,5400,0.98,137220,44150,50200,87710,164000,319330
13-2052,KS,4150,1.68,149410,56830,76590,102530,176090,318200
13-2052,KY,2040,0.6,124320,43880,45220,67150,114350,281230
13-2052,LA,1470,0.44,,,,,,
13-2052,MA,,**,172430,58510,83810,125670,174720,478850
13-2052,MD,5260,1.11,153800,47810,63090,99880,174930,378060
13-2052,ME,850,0.78,,,,,,
13-2052,MI,6570,0.87,121890,44780,49570,77930,138640,288860
13-2052,MN,5280,1.04,141760,47520,68470,102660,166680,310730
13-2052,MO,4480,0.89,136640,51470,64750,99930,167500,313230
13-2052,MS,790,0.4,117880,43880,53070,63300,133920,312580
13-2052,MT,,**,126570,55010,76230,97450,131270,241240
13-2052,NC,12340,1.46,143740,48790,63190,96880,153970,287290
13-2052,ND,540,0.73,90390,59470,63660,76870,102890,135470
13-2052,NE,2210,1.26,129590,52370,61200,93280,138130,214280
13-2052,NH,1850,1.57,129040,57700,64580,96780,133500,311810
13-2052,NJ,9300,1.27,191890,78860,102930,158570,269310,374530
13-2052,NM,610,0.41,151100,56450,73320,94270,183380,403970
13-2052,NV,1730,0.65,135470,45050,72990,92720,179140,224670
13-2052,NY,21550,1.3,210310,76190,102080,166400,282050,427700
13-2052,OH,7680,0.81,123380,49400,63670,90990,158070,222060
13-2052,OK,1140,0.39,94010,36920,55110,68670,102120,176920
13-2052,OR,3070,0.91,161810,54940,75310,122830,161810,459050
13-2052,PA,12200,1.17,165100,59960,75930,105200,173590,392900
13-2052,RI,1130,1.31,105650,46670,62690,80200,133440,164230
13-2052,SC,2400,0.61,132810,45420,60780,96330,176200,250180
13-2052,SD,620,0.79,175820,77280,101200,128720,204320,337140
13-2052,TN,3970,0.71,153140,44170,58880,84160,167410,406200
13-2052,TX,18200,0.75,146000,46450,64710,99160,163340,359040
13-2052,UT,2520,0.85,117140,47840,61040,77390,117360,208970
13-2052,VA,6340,0.9,163180,51440,73490,102640,199990,420980
13-2052,VT,520,1.01,136000,58150,79560,110020,177820,241610
13-2052,WA,5790,0.95,162590,58650,77710,114050,174970,344850
13-2052,WI,5200,1.03,166810,51760,77730,119430,205600,401510
13-2052,WV,670,0.56,124400,45020,53500,80010,131910,219510
13-2052,WY,310,0.65,129060,50390,58090,77490,138110,330360
13-2061,AK,50,0.32,91460,57550,71510,90530,107930,128410
13-2061,AR,540,0.94,75450,46630,56890,57590,92720,125840
13-2061,AZ,1910,1.35,89490,60000,71460,80260,98110,129300
13-2061,CA,4200,0.53,118710,66680,80120,106000,135110,175140
13-2061,CO,1910,1.53,105650,64770,77060,99610,128010,169400
13-2061,CT,,**,126220,61660,90130,120530,139920,210270
13-2061,DC,470,1.52,187240,84050,134470,198720,239240,256820
13-2061,DE,430,2.01,98290,57790,58140,92390,120030,162760
13-2061,FL,4190,0.97,83540,49190,59700,76230,99620,129090
13-2061,GA,1450,0.68,95140,53100,60960,77710,107540,166540
13-2061,HI,270,0.98,68760,49440,51700,62720,80170,96550
13-2061,IA,1020,1.51,91570,55650,62820,80370,104580,149160
13-2061,ID,210,0.57,94070,58060,71800,85260,110390,156190
13-2061,IL,4050,1.52,106400,59800,77930,93150,127090,167270
13-2061,IN,420,0.3,94350,47960,62320,81300,123800,157040
13-2061,KS,470,0.75,95930,55330,64480,80420,126620,147990
13-2061,KY,640,0.73,87750,50400,63260,76260,105510,135570
13-2061,LA,240,0.28,96760,50800,61100,84310,119030,164300
13-2061,MA,950,0.6,121700,68520,83660,111110,142880,187910
13-2061,MD,350,0.29,114360,61980,73540,102980,158060,165780
13-2061,ME,230,0.83,88720,53910,62860,80840,101730,145110
13-2061,MI,710,0.37,80920,50310,59030,71050,96010,121620
13-2061,MN,1280,1,106670,65950,79350,104260,117390,156710
13-2061,MO,2290,1.79,90270,48140,62860,79990,103570,148400
13-2061,MS,420,0.83,88450,44990,53580,85430,110480,137880
13-2061,MT,140,0.63,94100,50440,70600,80970,106480,156990
13-2061,NC,2610,1.21,105660,64760,76910,100730,126430,166110
13-2061,ND,220,1.16,90980,60560,62530,82640,100910,128670
13-2061,NE,840,1.88,82700,49490,61440,74460,98330,127000
13-2061,NH,130,0.44,105890,59220,65170,80810,121220,203840
13-2061,NJ,2190,1.17,125230,72800,93510,106410,147280,205030
13-2061,NM,220,0.59,75640,49460,55700,67950,80360,107170
13-2061,NV,180,0.27,88470,50750,63790,84650,106850,131210
13-2061,NY,13480,3.19,137700,70710,91940,128920,174130,216090
13-2061,OH,3680,1.52,78880,46960,51030,69040,98620,127710
13-2061,OK,400,0.53,92450,46280,61580,80760,110570,151620
13-2061,OR,820,0.96,94330,63170,76140,94630,105050,128480
13-2061,PA,2590,0.98,92710,56420,68570,78500,101880,137770
13-2061,RI,320,1.48,100920,60930,65080,94130,124370,160350
13-2061,SC,480,0.48,103520,52530,65540,86440,137700,164260
13-2061,SD,150,0.78,98690,54790,62030,88690,112550,162970
13-2061,TN,500,0.35,99570,51170,64500,87110,121700,160710
13-2061,TX,5230,0.85,88810,51400,61370,78140,102670,137260
13-2061,UT,960,1.27,102640,55000,68830,92000,145110,155440
13-2061,VA,1280,0.71,114590,62310,79310,104060,135820,176290
13-2061,VT,170,1.28,82550,64090,72490,74680,90600,113380
13-2061,WA,420,0.27,119420,74690,91040,113700,136250,172300
13-2061,WI,580,0.45,97430,64490,75730,86320,106330,149120
13-2061,WV,240,0.78,67450,40980,46950,60590,73330,105610
13-2072,AK,490,0.86,73300,26730,44780,72800,88000,123570
13-2072,AL,5050,1.35,83410,42090,49470,66710,102990,155660
13-2072,AR,2610,1.14,85120,39210,51990,70260,106700,136500
13-2072,AZ,10020,1.75,77060,35960,48290,62160,101250,133890
13-2072,CA,25790,0.8,97120,37460,53670,81770,122960,169040
13-2072,CO,3230,0.64,97840,39430,60730,94520,125430,165370
13-2072,CT,2220,0.74,101710,50300,63790,95730,121360,171280
13-2072,DC,370,0.3,100150,45860,64940,92890,125720,157630
13-2072,DE,1420,1.66,92000,45670,65690,83130,107570,148210
13-2072,FL,18830,1.07,81320,33180,49200,71090,100550,133070
13-2072,GA,9540,1.11,84980,39490,48820,68490,98650,138800
13-2072,HI,980,0.88,81330,34150,48060,63740,100510,131020
13-2072,IA,2840,1.03,93090,51690,66550,83670,104790,138150
13-2072,ID,2030,1.34,90160,43160,49730,71070,102630,156410
13-2072,IL,10890,1.01,89350,43020,60520,79150,104560,137080
13-2072,IN,4790,0.85,78980,43870,50380,72960,98960,129740
13-2072,KS,3540,1.4,98160,48560,63930,86970,125800,160560
13-2072,KY,3940,1.12,74870,41620,47860,62090,92990,124520
13-2072,LA,2810,0.82,73240,38100,49000,61110,83490,124420
13-2072,MA,4470,0.7,118390,64680,79760,101600,136940,198220
13-2072,MD,3850,0.79,84190,37470,49990,73580,99220,159860
13-2072,ME,1060,0.93,88830,46710,60120,81900,108400,140680
13-2072,MI,11340,1.46,83990,36830,50280,74470,101150,135700
13-2072,MN,6430,1.24,104700,57670,73240,95170,125550,163350
13-2072,MO,7050,1.36,82180,38910,51300,73660,98270,136130
13-2072,MS,3450,1.68,73480,37030,44930,60260,83330,131510
13-2072,MT,1180,1.31,77390,48130,55830,71570,96100,123130
13-2072,NC,10700,1.23,84160,43270,57680,75920,100550,130480
13-2072,ND,1370,1.81,91760,58010,63320,84650,102540,146640
13-2072,NE,2710,1.5,89530,49360,61110,79840,104510,136640
13-2072,NH,1120,0.93,97080,47970,62410,80660,123320,160580
13-2072,NJ,6200,0.82,102890,50490,62740,92920,131870,169280
13-2072,NM,1140,0.74,75410,27700,48040,62610,90040,122960
13-2072,NV,2580,0.94,87850,29640,46260,64500,111170,163930
13-2072,NY,10840,0.63,114670,49410,62670,95710,148890,211350
13-2072,OH,9880,1.01,83960,38200,50550,76370,103260,131980
13-2072,OK,4100,1.36,86020,36510,49100,72990,101570,158710
13-2072,OR,4220,1.22,101000,48240,64170,94440,126740,161250
13-2072,PA,8140,0.76,80450,39990,49150,69300,99750,132900
13-2072,RI,1290,1.45,82690,50420,55640,77250,99930,134950
13-2072,SC,4140,1.02,77890,37080,47170,63220,91750,142260
13-2072,SD,1820,2.26,85970,58480,65570,79920,99750,125080
13-2072,TN,6510,1.13,71590,38240,47250,62800,81600,113290
13-2072,TX,21200,0.85,79410,34150,48030,66370,95770,135280
13-2072,UT,3990,1.3,73370,37790,46240,59440,87320,128200
13-2072,VA,8790,1.21,90090,40190,57200,78320,109380,157070
13-2072,VT,350,0.64,101600,56820,64420,88710,125960,168070
13-2072,WA,6040,0.96,94320,39000,61450,80120,121170,162240
13-2072,WI,4940,0.95,89090,50010,61730,78290,105950,140140
13-2072,WV,1290,1.04,66780,37830,44670,57580,78070,114800
13-2072,WY,740,1.5,87930,47410,60720,79620,103170,132810
13-2082,AK,70,0.46,77490,40340,40430,62360,116170,117890
13-2082,AL,290,0.28,34070,23290,25080,33280,36540,48020
13-2082,AR,550,0.86,43350,28990,29530,35040,41600,66420
13-2082,AZ,2240,1.41,62650,36970,41690,44770,77320,104740
13-2082,CA,10270,1.15,71540,38910,47420,70030,84890,104000
13-2082,CO,1540,1.09,67090,37790,43380,62620,75260,97980
13-2082,CT,700,0.84,52350,35740,36840,41130,60660,81750
13-2082,DE,240,1.01,54020,37910,39320,51960,58470,74650
13-2082,FL,,**,54670,30380,35770,49020,63490,94330
13-2082,GA,1670,0.7,55400,30780,37050,49330,63800,97020
13-2082,HI,,**,40820,29120,29990,34720,44710,69270
13-2082,IA,780,1.01,59590,33520,38970,53660,73660,84700
13-2082,IL,1310,0.44,54530,33030,38120,54480,62910,76150
13-2082,IN,1820,1.16,51820,27190,38250,45710,61660,86360
13-2082,KS,450,0.63,55950,30980,35950,47300,66710,99090
13-2082,KY,1080,1.09,45970,21750,27900,36620,61240,80690
13-2082,LA,650,0.68,44340,24920,28210,38740,56300,61880
13-2082,MA,1500,0.84,58230,37560,38730,58400,68710,82700
13-2082,MD,1240,0.91,54350,37700,42190,47020,61570,69790
13-2082,ME,250,0.79,49600,38800,44190,47150,52370,63260
13-2082,MI,1660,0.77,54160,29600,40220,46400,61660,77950
13-2082,MN,1040,0.72,62780,36520,44250,59200,76870,95520
13-2082,MO,1330,0.92,72120,31400,35580,62780,98630,124300
13-2082,MS,580,1.02,56640,29140,34360,50670,76670,88790
13-2082,MT,360,1.42,68980,44300,47470,63080,82850,100060
13-2082,NC,2710,1.11,57820,35480,43820,48130,72840,97720
13-2082,ND,220,1.06,62070,37080,43870,57060,78460,89310
13-2082,NE,420,0.83,46910,30920,37040,43010,51310,71580
13-2082,NH,420,1.24,64780,36100,43520,61370,80230,97020
13-2082,NJ,3220,1.53,52870,34250,37790,43420,63050,77640
13-2082,NM,340,0.8,40770,27250,28900,38060,46450,60000
13-2082,NV,1410,1.85,69450,41900,46630,60000,99500,99500
13-2082,NY,7620,1.6,79160,39010,57030,71850,101070,125070
13-2082,OH,1590,0.58,52310,36190,37930,49020,57180,74850
13-2082,OK,1300,1.54,48910,26720,29530,42700,50840,82210
13-2082,OR,1590,1.64,65980,43640,48830,61370,78090,96550
13-2082,PA,2010,0.67,66780,31200,39020,61270,81450,103570
13-2082,RI,,**,57010,52000,52000,57680,59790,62580
13-2082,SC,1360,1.2,51220,28040,30930,39220,71810,80880
13-2082,SD,280,1.26,55710,39080,44100,52530,63850,77480
13-2082,TN,1260,0.78,45740,27770,29500,36600,59120,77270
13-2082,TX,6010,0.87,56670,31110,35440,47460,74060,86950
13-2082,UT,1190,1.4,67520,38430,48210,66720,80550,102840
13-2082,VA,1960,0.97,61160,36330,40960,58520,70480,98700
13-2082,WA,1360,0.78,49380,38260,41590,45370,48830,71480
13-2082,WI,1550,1.07,49300,34920,36260,44340,55660,73130
13-2082,WV,330,0.96,40320,21880,29840,35880,40240,63760
13-2082,WY,90,0.68,67030,37830,47470,57990,87240,92380
15-1211,AK,420,0.39,95750,63440,79880,88520,106530,124600
15-1211,AL,6560,0.93,107430,64880,80680,101770,128680,163110
15-1211,AR,4100,0.94,85030,29750,63230,81760,102910,136270
15-1211,AZ,11330,1.05,112290,58920,78820,103530,132030,182310
15-1211,CA,59060,0.97,130480,79110,101150,127720,160440,181770
15-1211,CO,6230,0.65,132980,80050,101330,127750,163310,209090
15-1211,CT,4800,0.85,114960,74750,88130,109600,133430,162600
15-1211,DC,2480,1.06,128240,89190,103690,116820,157980,168270
15-1211,DE,2140,1.32,115040,72470,90850,110560,136500,163060
15-1211,FL,35270,1.06,106620,63030,79340,101900,129600,161720
15-1211,GA,11640,0.71,114130,65440,82840,106240,133140,166580
15-1211,HI,1670,0.79,94480,62200,76780,88640,108230,128720
15-1211,IA,4760,0.91,96130,63540,77170,95920,110390,130720
15-1211,ID,1650,0.57,82730,57250,69250,75310,95460,128140
15-1211,IL,20610,1.01,104190,60770,80350,101570,128030,144790
15-1211,IN,9660,0.9,103350,61890,77630,98810,127990,153030
15-1211,KS,3740,0.78,106390,64000,78670,100770,133320,163760
15-1211,KY,5930,0.89,102610,57560,70910,95090,125170,173550
15-1211,LA,2980,0.46,98000,60960,78760,95660,109290,141840
15-1211,MA,22160,1.82,128440,80000,100830,128240,159230,171650
15-1211,MD,15340,1.66,120980,69610,87360,113610,147460,171400
15-1211,ME,2480,1.16,99080,68040,80190,95820,121700,133280
15-1211,MI,14070,0.96,107150,66360,82850,103410,127090,155670
15-1211,MN,11330,1.15,112330,78700,93410,106350,132200,148230
15-1211,MO,7730,0.79,97230,59600,74990,92060,117480,145590
15-1211,MS,1990,0.51,99250,52030,64200,86280,120420,181440
15-1211,MT,850,0.5,96720,65220,79700,91310,102690,127190
15-1211,NC,20910,1.27,114330,73190,86080,106850,132910,166660
15-1211,ND,280,0.2,101850,77770,87470,105470,111250,130730
15-1211,NE,2440,0.71,96880,62780,76180,91810,114850,139990
15-1211,NH,2090,0.92,114170,70470,88610,107670,134090,163010
15-1211,NJ,16520,1.15,125850,73520,91500,122890,161000,176430
15-1211,NM,2290,0.79,102690,63060,78380,98220,122040,146670
15-1211,NV,2540,0.49,103080,61170,79660,104060,124190,148960
15-1211,NY,24100,0.74,117960,67220,85450,109610,137690,171360
15-1211,OH,19190,1.03,108170,64480,81060,102320,131370,156820
15-1211,OK,3710,0.65,99090,62940,77570,95930,119860,136180
15-1211,OR,5640,0.86,123690,79530,99890,121620,137580,168380
15-1211,PA,19450,0.96,99630,63910,78610,98550,118670,133670
15-1211,RI,1850,1.1,124340,79610,101020,134630,135380,168480
15-1211,SC,7700,1,101100,58000,76070,98280,122570,148660
15-1211,SD,1110,0.73,106040,66710,78790,99790,134520,156170
15-1211,TN,10220,0.93,98280,61240,76450,95630,119250,138830
15-1211,TX,47990,1.02,117170,72530,85960,107390,136170,168140
15-1211,UT,2950,0.51,99180,62130,79420,98770,116540,133450
15-1211,VA,23190,1.69,123030,73160,92490,120840,150680,179920
15-1211,VT,590,0.58,102650,75090,85530,99610,111470,129280
15-1211,WA,24120,2.03,131270,74470,100800,129410,161730,197600
15-1211,WI,8340,0.85,101910,66700,80790,100440,122550,132270
15-1211,WV,1030,0.44,,,,,,
15-1211,WY,310,0.33,104350,66960,81410,109780,111660,132390
15-1212,AK,300,0.75,117930,75770,98800,114990,146690,149270
15-1212,AL,4010,1.55,119070,66090,84590,122730,137640,170690
15-1212,AR,1460,0.91,102980,59410,72680,103490,134050,140900
15-1212,AZ,3420,0.86,125170,78330,95160,125260,156460,176390
15-1212,CA,15570,0.7,149090,66070,101840,138570,177890,221000
15-1212,CO,5700,1.62,142660,87560,108150,135220,169310,208650
15-1212,CT,1170,0.56,130840,79780,99260,130570,162850,175590
15-1212,DC,1510,1.76,143330,86280,113420,135090,171940,189510
15-1212,DE,720,1.21,137080,82500,106290,137030,166300,184990
15-1212,FL,14220,1.17,124510,75410,91020,124860,153540,174600
15-1212,GA,6290,1.05,131590,77060,98330,128970,162510,178650
15-1212,HI,580,0.75,122660,76390,96520,126250,131640,172780
15-1212,IA,1160,0.61,119800,71550,87540,119710,135440,169620
15-1212,ID,840,0.8,,,,,,
15-1212,IL,5260,0.7,127000,78760,98910,124180,154890,172830
15-1212,IN,2260,0.58,106020,60450,72220,101420,128960,163370
15-1212,KS,1830,1.04,104550,63730,78670,100620,130020,155490
15-1212,KY,1680,0.69,108310,64650,77790,103630,135280,157810
15-1212,LA,720,0.3,100810,66660,76630,92990,123480,139190
15-1212,MA,6100,1.37,151000,85790,107540,136550,176450,226190
15-1212,MD,8650,2.55,149940,79130,106790,139640,183260,216570
15-1212,ME,400,0.51,109230,63210,77120,101730,132400,181020
15-1212,MI,3280,0.61,111160,64150,82480,106230,131820,165730
15-1212,MN,2680,0.74,130970,83140,103190,130710,158270,169750
15-1212,MO,3260,0.91,107610,60700,79140,103440,131230,161430
15-1212,MS,480,0.33,92790,51170,62940,87690,108260,138900
15-1212,MT,380,0.6,97940,57000,62870,81950,109620,158220
15-1212,NC,8670,1.43,130990,77150,100620,131540,154770,173670
15-1212,ND,310,0.59,107420,69480,86930,107540,126060,139360
15-1212,NE,1210,0.97,102210,66630,76820,92550,128070,147150
15-1212,NH,590,0.7,122980,61940,88990,124000,156500,187820
15-1212,NJ,4860,0.92,140040,86860,104110,134820,171240,204220
15-1212,NM,2470,2.32,142450,99100,105820,130070,162830,199990
15-1212,NV,1330,0.7,119190,57160,83920,106200,146730,178990
15-1212,NY,10060,0.85,144720,83110,102930,134660,173920,216220
15-1212,OH,6010,0.88,117710,68070,83250,110480,138520,171450
15-1212,OK,1640,0.78,100810,56050,73350,94000,128530,158320
15-1212,OR,2250,0.93,,,,,,
15-1212,PA,4660,0.63,119570,67840,84390,117770,144360,170870
15-1212,RI,710,1.15,121640,74880,87430,109420,145610,170180
15-1212,SC,1720,0.61,115090,66410,80460,105800,135260,166530
15-1212,SD,770,1.37,120750,71610,89810,116640,161700,161700
15-1212,TN,3330,0.83,130320,63870,82450,115430,155590,250590
15-1212,TX,16130,0.94,130710,77990,101380,129890,160020,178550
15-1212,UT,1910,0.9,105680,48630,76860,99690,132350,168830
15-1212,VA,19120,3.8,141360,81410,103980,134900,169970,205750
15-1212,VT,220,0.59,122390,74840,88660,109750,154520,179130
15-1212,WA,6030,1.38,156080,96730,123590,154940,178890,211720
15-1212,WI,2130,0.59,106960,62110,80880,101550,129450,162260
15-1212,WY,140,0.39,112320,75580,76330,98710,141720,198230
15-1221,AL,570,1.13,124970,63290,80600,117870,149800,174030
15-1221,AZ,360,0.46,152580,62870,96300,129760,164960,386290
15-1221,CA,8440,1.94,168580,88920,112170,159100,213630,275320
15-1221,CO,400,0.59,146790,84660,107090,133160,166820,215090
15-1221,CT,,**,133580,129690,131650,131650,131650,131650
15-1221,DC,330,1.97,148690,100010,121180,144190,185220,196640
15-1221,FL,1070,0.45,128620,73780,94270,119810,155420,194840
15-1221,GA,810,0.69,105860,73780,84450,92250,118060,153630
15-1221,HI,70,0.46,129070,90960,112840,134350,143020,165690
15-1221,ID,70,0.35,,,,,,
15-1221,IL,630,0.43,142950,49190,104340,136540,170390,243360
15-1221,IN,720,0.94,92800,65820,68840,85460,106900,134490
15-1221,LA,140,0.3,117930,80250,93040,115210,136200,161120
15-1221,MA,1760,2.03,170470,77160,119950,170510,214110,233340
15-1221,MD,2870,4.33,148630,98380,118290,145310,175720,195190
15-1221,MI,530,0.5,106130,66700,82590,82590,133350,159500
15-1221,MN,30,0.05,137690,83920,118870,135850,158830,174740
15-1221,MO,230,0.33,134230,73630,92560,127820,164630,200010
15-1221,MS,300,1.07,112880,69220,79500,109050,137240,161890
15-1221,NC,600,0.5,136080,82410,108010,128370,162910,182050
15-1221,NH,90,0.57,151040,90760,104920,136160,188710,246160
15-1221,NJ,1580,1.54,148250,85780,107860,140840,170890,209850
15-1221,NM,490,2.36,173530,101210,134460,165690,207780,257950
15-1221,NV,80,0.22,142800,85940,104070,134310,174500,190400
15-1221,NY,1950,0.84,203370,95260,133350,181990,280710,314130
15-1221,OH,280,0.21,126370,44920,96330,135510,157710,173510
15-1221,OK,590,1.44,99480,71930,79500,93100,115920,136340
15-1221,OR,730,1.54,215420,117570,169240,206220,278150,351690
15-1221,PA,330,0.23,131430,83330,104640,130300,150950,175480
15-1221,RI,500,4.2,127470,91230,102790,121470,154460,170680
15-1221,SC,430,0.78,122950,84200,101880,126980,136990,161180
15-1221,TN,,**,116810,82750,100100,108830,130680,174760
15-1221,TX,1960,0.58,130400,65480,85010,121210,162760,204250
15-1221,UT,1250,3,109430,72990,77940,94700,126920,169890
15-1221,VA,3590,3.65,164260,96300,124780,157390,207480,230630
15-1221,WA,2050,2.41,194360,95890,132240,202400,234150,281050
15-1231,AK,300,1,84230,48410,63930,86110,103340,105540
15-1231,AL,940,0.47,66210,40290,48340,61890,79660,99270
15-1231,AR,1470,1.2,64900,42340,47150,59460,75680,102450
15-1231,AZ,1460,0.48,77460,48470,53650,68880,87640,120440
15-1231,CA,13620,0.8,88760,50090,56790,79190,104920,148940
15-1231,CO,4530,1.68,87200,52710,74410,82750,91760,126300
15-1231,CT,850,0.53,91080,60080,62840,81890,111460,128940
15-1231,DC,450,0.68,100560,67700,80160,91370,121100,151420
15-1231,DE,330,0.72,67420,44650,48970,60580,78800,101350
15-1231,FL,9450,1.01,79330,47780,58780,75740,93280,125320
15-1231,GA,4440,0.96,86850,47910,61180,79180,106940,130080
15-1231,HI,350,0.59,83340,51760,59800,83620,100410,114910
15-1231,IA,1920,1.31,67600,47330,51280,64600,80460,93760
15-1231,ID,780,0.97,72480,46380,57420,63340,82920,100980
15-1231,IL,6960,1.21,74580,47510,58670,68530,84410,104950
15-1231,IN,5030,1.67,78090,45870,56520,73100,97320,120910
15-1231,KS,310,0.23,66830,45570,49570,60060,74640,98350
15-1231,KY,1720,0.91,,,,,,
15-1231,LA,1290,0.71,63540,41950,49190,58680,76140,89910
15-1231,MA,1980,0.58,94110,60980,76900,88650,109730,134250
15-1231,MD,8200,3.16,107020,52870,70990,96680,137570,170830
15-1231,ME,680,1.14,69460,44930,52120,72990,81490,89610
15-1231,MI,2470,0.6,72240,40250,51360,65900,83700,108250
15-1231,MN,2930,1.06,79050,52940,62510,76000,88450,104970
15-1231,MO,3910,1.42,80440,42440,55410,72780,97430,129510
15-1231,MS,1240,1.14,65590,37320,45600,63410,78470,97530
15-1231,MT,890,1.85,65760,49520,55990,61150,72550,93270
15-1231,NC,6080,1.31,,,,,,
15-1231,ND,500,1.24,78200,55590,63240,73550,90180,111490
15-1231,NE,1490,1.54,72410,44490,53200,65450,81850,108870
15-1231,NH,680,1.06,74900,45760,59850,72330,86990,109310
15-1231,NJ,3370,0.84,93000,50830,66710,87440,108610,136260
15-1231,NM,1300,1.59,73400,46690,54480,64550,87340,124400
15-1231,NV,2460,1.69,83880,51010,63130,85790,109990,109990
15-1231,NY,7170,0.79,83620,48970,61430,77540,99550,128350
15-1231,OH,7480,1.43,77670,45980,55640,70080,91730,122470
15-1231,OK,1940,1.21,84240,49740,63020,78740,101610,132240
15-1231,OR,2660,1.44,70330,46320,56910,68900,81050,99660
15-1231,PA,4170,0.73,83380,50140,60710,78310,101140,125900
15-1231,RI,620,1.32,90850,59810,68760,82970,107250,129450
15-1231,SC,2660,1.23,80860,48800,60510,76790,98690,113780
15-1231,SD,480,1.12,56390,42100,46680,53650,62900,73360
15-1231,TN,2660,0.86,79910,49190,58780,77640,96500,118380
15-1231,TX,9930,0.75,74760,45440,54080,66780,92240,110570
15-1231,UT,990,0.61,,,,,,
15-1231,VA,5650,1.46,81760,47060,58720,76760,98580,127430
15-1231,VT,120,0.41,73880,52950,61400,72400,81740,97740
15-1231,WA,3300,0.99,112300,62600,80590,101750,134340,171300
15-1231,WI,1140,0.41,81420,57840,67350,81010,93120,107840
15-1231,WV,600,0.9,51050,30260,36450,46840,60970,75150
15-1231,WY,270,1.01,69620,42900,55370,61780,81900,92960
15-1232,AK,950,0.63,65000,45010,52420,63110,75550,85330
15-1232,AL,7360,0.75,53100,35320,42260,49630,61300,75790
15-1232,AR,4390,0.73,51130,34950,39510,46360,60060,74680
15-1232,AZ,18780,1.26,65590,43750,48910,61410,76610,94640
15-1232,CA,74490,0.89,85030,52270,62790,79570,101780,122750
15-1232,CO,16740,1.26,77230,48590,58690,71900,90040,116850
15-1232,CT,9300,1.19,72960,46180,56720,70210,85590,101540
15-1232,DC,3140,0.97,85690,59980,66410,80950,100730,120840
15-1232,DE,1890,0.85,66040,40940,50480,62160,77170,96330
15-1232,FL,51220,1.12,62940,38750,46990,58740,74850,97560
15-1232,GA,25980,1.15,65950,37750,48170,60440,78330,98750
15-1232,HI,2440,0.84,61160,38610,48570,56760,72800,86990
15-1232,IA,6140,0.85,60620,37740,47820,58810,73700,85680
15-1232,ID,3650,0.92,62670,41380,47840,59170,77460,88020
15-1232,IL,26060,0.93,63630,40440,47190,59860,76660,96040
15-1232,IN,13540,0.92,59550,39220,46330,56510,66200,83900
15-1232,KS,6780,1.02,57250,38460,47470,56150,64890,76590
15-1232,KY,9460,1.03,60650,37000,44980,57850,71790,89970
15-1232,LA,4780,0.54,59700,36510,45050,52440,65350,90610
15-1232,MA,17570,1.05,76460,48740,60540,75070,91020,104950
15-1232,MD,12200,0.96,71450,38760,51270,64750,82560,106150
15-1232,ME,2810,0.95,63910,47360,52650,60890,73900,80240
15-1232,MI,22090,1.09,59740,38150,46220,56240,70000,84940
15-1232,MN,15320,1.13,68060,47840,54450,63630,78710,95220
15-1232,MO,13510,1,62780,39920,47380,59770,73330,93090
15-1232,MS,3830,0.71,56870,35220,43830,52230,64740,82490
15-1232,MT,1640,0.69,58900,41530,49050,58460,65070,79000
15-1232,NC,23100,1.01,64720,38270,47520,60120,77130,97210
15-1232,ND,1400,0.71,65220,45310,49780,61310,77380,92430
15-1232,NE,6380,1.35,60140,40910,49030,60830,64980,78150
15-1232,NH,3910,1.24,65490,41600,48160,60660,75930,94790
15-1232,NJ,18200,0.92,70970,41830,52000,64470,82090,105380
15-1232,NM,3290,0.82,55660,37900,45610,53280,61920,77420
15-1232,NV,6560,0.92,61790,40150,47290,57870,72080,91150
15-1232,NY,39100,0.88,75290,46620,56510,72560,91150,109340
15-1232,OH,22370,0.87,61830,38730,47890,59720,73440,89700
15-1232,OK,9600,1.22,56850,35410,44400,52040,65320,83530
15-1232,OR,8850,0.98,67800,47930,53500,62840,79070,94310
15-1232,PA,30560,1.09,61040,38280,47190,58670,73230,84790
15-1232,RI,1780,0.77,66010,47340,51490,62510,75690,94040
15-1232,SC,9880,0.93,58580,35490,44160,52080,66320,85760
15-1232,SD,1240,0.59,50470,37720,40750,48260,59080,64550
15-1232,TN,11920,0.79,59100,38500,47010,55990,66700,80780
15-1232,TX,72030,1.11,61690,38690,47270,59490,72820,90140
15-1232,UT,11120,1.39,65410,43010,47390,61110,77880,95420
15-1232,VA,20910,1.1,70650,44990,51460,65040,80870,101560
15-1232,VT,1630,1.16,68010,49020,54900,63030,80620,95680
15-1232,WA,21860,1.33,80340,48710,60160,75220,92760,128470
15-1232,WI,12400,0.91,60840,43260,49000,58810,69690,82100
15-1232,WV,2250,0.69,59280,38180,46650,55350,68900,87430
15-1232,WY,790,0.61,64450,39640,50940,65100,71760,89440
15-1241,AK,120,0.32,127400,88690,102790,119720,156440,173070
15-1241,AL,4200,1.72,128680,76960,99660,130810,157900,173400
15-1241,AR,910,0.6,119000,80930,97780,110400,137770,166780
15-1241,AZ,3990,1.07,131420,81530,101660,130890,164990,175820
15-1241,CA,14870,0.71,161350,97070,127610,158870,197100,224930
15-1241,CO,16380,4.93,146160,94920,123640,139230,168880,206600
15-1241,CT,1570,0.8,148180,98180,126070,143890,173920,197040
15-1241,DC,1490,1.84,145960,102450,112320,137670,171280,205420
15-1241,DE,760,1.36,143630,85270,113060,148390,170220,199690
15-1241,FL,9370,0.82,137290,81500,103920,132800,166910,184680
15-1241,GA,7690,1.36,129370,51710,97240,133890,166580,179040
15-1241,HI,320,0.44,118260,78980,81610,108000,135310,165940
15-1241,IA,1170,0.65,109740,62850,80120,103050,131440,160320
15-1241,ID,720,0.72,118790,70720,81560,107620,137770,174510
15-1241,IL,7810,1.11,138530,81630,105410,132790,166720,201190
15-1241,IN,2030,0.55,123940,76270,93120,124190,150100,174580
15-1241,KS,1770,1.06,105830,62320,76440,100610,129870,159920
15-1241,KY,1710,0.74,110120,62850,78640,103740,130330,168350
15-1241,LA,470,0.21,114070,78930,96270,106620,128380,162340
15-1241,MA,6270,1.49,151770,98730,120020,155060,172800,211580
15-1241,MD,5860,1.83,156070,98900,124700,159460,176240,213140
15-1241,ME,570,0.77,115030,83990,99130,108570,128390,158480
15-1241,MI,3210,0.63,118490,71400,87100,112040,145040,167960
15-1241,MN,2040,0.6,133830,81500,104140,133270,157130,171700
15-1241,MO,3360,0.99,111160,62080,78830,103130,136170,168820
15-1241,MS,,**,104060,57760,74710,90990,132600,174600
15-1241,MT,250,0.42,111320,73970,89830,104300,130710,162590
15-1241,NC,8350,1.46,130700,79120,104220,127320,161840,173410
15-1241,ND,230,0.46,112630,76320,93950,108990,133480,146550
15-1241,NE,1350,1.14,118960,77570,88720,116420,139070,163200
15-1241,NH,560,0.71,133880,76080,94770,125420,169430,209530
15-1241,NJ,5660,1.14,159330,101730,129110,162350,185710,213630
15-1241,NM,420,0.42,108650,70680,85400,109080,126550,152260
15-1241,NV,1010,0.56,132760,83830,105770,138060,151570,164880
15-1241,NY,9800,0.88,147700,83260,108230,140390,173220,214590
15-1241,OH,5150,0.8,133060,84340,102630,131070,162400,180640
15-1241,OK,1320,0.67,115160,70290,85440,109450,133690,165730
15-1241,OR,1540,0.68,135470,90360,105750,135660,161020,173880
15-1241,PA,6080,0.87,136290,79240,102230,131840,165880,188120
15-1241,RI,460,0.8,131220,58760,107310,131320,167320,175800
15-1241,SC,1950,0.73,136370,82060,107970,134990,168620,185160
15-1241,SD,420,0.8,151620,96670,116770,153390,199420,199420
15-1241,TN,4330,1.14,127270,82340,102050,123860,148060,172980
15-1241,TX,13650,0.84,134820,70110,100390,133310,166220,191800
15-1241,UT,1330,0.66,127970,75640,99180,121000,150170,182790
15-1241,VA,9380,1.97,147660,85050,109760,141340,174510,210180
15-1241,VT,130,0.37,117370,84970,95000,110930,131630,155420
15-1241,WA,4730,1.15,164930,93610,126470,168070,200940,224910
15-1241,WI,2170,0.64,133230,87280,105190,131720,159690,172690
15-1241,WV,360,0.44,114450,79440,90760,122520,131210,146440
15-1241,WY,50,0.16,100240,79180,82800,100520,102060,134970
15-1242,AK,90,0.6,103520,66190,82510,108810,121260,138330
15-1242,AL,1840,1.93,96500,60500,74230,93900,119170,134810
15-1242,AR,420,0.71,90420,53690,71650,82480,108420,127850
15-1242,AZ,1120,0.77,104750,59120,77250,104280,130160,155290
15-1242,CA,7240,0.88,121500,62410,83720,113060,154360,178310
15-1242,CO,1220,0.95,115130,61930,80830,118340,145600,164780
15-1242,CT,810,1.06,113250,65400,82600,108270,147380,157350
15-1242,DC,560,1.78,115790,74360,88570,118540,136800,154750
15-1242,DE,670,3.07,110100,65090,80940,100910,131460,167520
15-1242,FL,3810,0.85,107750,56300,74090,104120,136240,161090
15-1242,GA,2460,1.12,108580,54850,77260,106810,136450,160070
15-1242,HI,100,0.35,95710,51050,71000,85500,127310,137180
15-1242,IA,360,0.51,103420,58440,76130,101210,125630,156540
15-1242,ID,180,0.48,90270,50460,64630,85660,113910,138930
15-1242,IL,2340,0.85,108300,59990,74390,104650,133710,163970
15-1242,IN,930,0.65,98070,56710,76810,90090,117600,144520
15-1242,KS,440,0.67,107100,65170,77440,100170,135430,159650
15-1242,KY,650,0.72,92080,47150,62220,87390,117390,139840
15-1242,LA,290,0.34,98120,48910,60740,98270,127460,150900
15-1242,MA,2310,1.41,126790,69380,93280,129300,158010,173210
15-1242,MD,2300,1.85,126510,73650,101060,124300,151050,172110
15-1242,ME,260,0.91,79880,51640,59340,70500,99400,118950
15-1242,MI,1150,0.58,101420,58540,75740,99830,128020,150140
15-1242,MN,1020,0.77,102430,61120,71220,100700,131570,151590
15-1242,MO,1140,0.86,101960,57730,73500,100270,130950,150490
15-1242,MS,200,0.37,87050,50740,65110,87790,101930,129160
15-1242,MT,300,1.32,87100,71740,80470,83120,92610,104300
15-1242,NC,1920,0.86,113260,62430,82120,113900,138900,160160
15-1242,ND,80,0.4,86530,57320,63260,78730,96120,122360
15-1242,NE,610,1.33,103060,63610,76920,100020,127230,141860
15-1242,NH,250,0.8,96270,60670,71050,92110,115780,145290
15-1242,NJ,1810,0.94,125070,69080,94020,125860,159880,176130
15-1242,NM,570,1.45,101190,66470,80530,98450,117770,139250
15-1242,NV,380,0.54,109940,69330,86990,109670,133490,145810
15-1242,NY,3590,0.82,114100,60090,78610,105900,141570,178580
15-1242,OH,1860,0.75,100770,49960,71100,97190,127190,158910
15-1242,OK,790,1.02,96840,57580,65620,95320,126990,134990
15-1242,OR,1060,1.19,101250,61000,77210,100260,123070,140170
15-1242,PA,2450,0.9,104210,58780,76990,100110,130930,158360
15-1242,RI,280,1.25,105860,63430,77710,106020,129190,154860
15-1242,SC,990,0.96,98670,54040,72910,93640,122570,149000
15-1242,SD,170,0.83,86260,64140,74980,82540,98690,110130
15-1242,TN,2020,1.37,109570,59050,74570,115500,135720,163600
15-1242,TX,6430,1.02,113270,59950,86410,114400,138480,161590
15-1242,UT,1200,1.53,121270,75450,100860,135750,135750,149950
15-1242,VA,5940,3.21,104560,60840,88610,93320,125110,160190
15-1242,VT,120,0.87,103180,69280,85350,104230,121660,130990
15-1242,WA,1730,1.08,122310,72170,97330,118140,145800,170710
15-1242,WI,1220,0.92,103890,62440,80110,100020,129380,149430
15-1242,WV,240,0.77,79460,48110,53250,73490,98430,121010
15-1242,WY,100,0.79,83630,42890,64000,82480,106500,115820
15-1244,AK,920,1.39,95490,68530,76780,97500,104030,122410
15-1244,AL,5040,1.18,89490,51690,64800,81400,104260,135080
15-1244,AR,1750,0.66,87020,52190,64650,81590,104590,131140
15-1244,AZ,5810,0.89,96740,63210,74950,90280,113420,137670
15-1244,CA,26170,0.71,115210,72400,88680,106440,134190,166730
15-1244,CO,8360,1.44,109360,74110,85390,103370,130230,155050
15-1244,CT,2170,0.63,111730,69930,85830,105880,132190,161450
15-1244,DC,1320,0.93,116920,80850,98480,110970,137030,150580
15-1244,DE,850,0.87,99080,60530,71970,94200,122140,144570
15-1244,FL,26890,1.34,97460,59340,73800,95200,118450,143140
15-1244,GA,9190,0.93,101590,62470,76980,97170,122730,148700
15-1244,HI,1490,1.17,106600,72230,84300,101450,129470,145790
15-1244,IA,3110,0.99,90730,59800,70470,84500,105210,130530
15-1244,ID,1010,0.58,96260,62970,76850,91880,107160,133460
15-1244,IL,9820,0.8,105450,65650,79520,100080,128790,157800
15-1244,IN,4310,0.67,90560,58630,70680,84550,104450,128670
15-1244,KS,4100,1.41,90100,58720,68580,83340,106000,129910
15-1244,KY,2800,0.69,96690,55920,70710,87020,106950,171770
15-1244,LA,1790,0.46,95160,60200,74260,90160,107580,131910
15-1244,MA,8270,1.13,118240,76750,91950,110980,136810,168910
15-1244,MD,9230,1.65,123570,71990,90900,118290,156360,177720
15-1244,ME,920,0.71,89940,61530,72090,83890,103320,121430
15-1244,MI,6900,0.78,95320,63100,76080,92750,108440,133900
15-1244,MN,4550,0.76,106690,69360,83020,101870,129200,152760
15-1244,MO,5810,0.98,88280,52190,63290,80870,103790,129610
15-1244,MS,1380,0.58,88760,51410,65750,79990,103700,136950
15-1244,MT,850,0.82,83130,60890,67760,80950,95300,108290
15-1244,NC,13850,1.39,97580,50680,72090,95230,124100,149650
15-1244,ND,930,1.08,89770,60980,73290,86450,101860,120650
15-1244,NE,1560,0.75,91640,57350,67890,84700,110530,136810
15-1244,NH,1660,1.21,102530,73470,83930,100230,121220,135240
15-1244,NJ,9280,1.07,119390,73990,90440,116420,137990,166690
15-1244,NM,1220,0.69,92000,64100,75270,90790,104990,125580
15-1244,NV,1980,0.63,106700,63640,83040,103440,129230,150020
15-1244,NY,18220,0.93,113900,69930,83630,105810,134390,166810
15-1244,OH,15130,1.35,101770,62170,77990,97570,128930,143780
15-1244,OK,2580,0.75,90900,59460,67980,83990,102720,135420
15-1244,OR,4880,1.23,104620,72790,84220,102000,121620,138210
15-1244,PA,7750,0.63,92250,61380,71150,86140,105840,130160
15-1244,RI,1060,1.05,108040,71200,80890,103100,128750,154790
15-1244,SC,3580,0.77,101190,63310,75330,92520,119410,151210
15-1244,SD,1690,1.83,78680,56640,63310,75010,87400,107240
15-1244,TN,5070,0.77,93150,60530,75700,88100,107160,128920
15-1244,TX,34840,1.22,104900,63650,79570,101240,128140,155430
15-1244,UT,2050,0.58,101210,64280,78260,95820,117170,141010
15-1244,VA,12430,1.5,116130,69580,83480,109610,136480,170110
15-1244,VT,560,0.92,90080,66060,77180,86020,102810,117460
15-1244,WA,8600,1.2,107640,67500,82800,103910,127740,154620
15-1244,WI,8470,1.42,89400,58950,67150,83650,102180,128580
15-1244,WV,1510,1.06,81080,53640,63520,74490,94320,112410
15-1244,WY,610,1.08,78860,52760,63100,75220,92630,109860
15-1251,AK,530,2.75,98240,64150,79260,91700,115880,138530
15-1251,AL,890,0.71,96410,58100,72770,93800,114000,132330
15-1251,AR,1050,1.36,112070,63520,80050,111840,136880,167020
15-1251,AZ,1560,0.81,102710,61790,73850,88990,127070,164410
15-1251,CA,11340,1.05,119900,70310,83490,116760,148740,172300
15-1251,CO,930,0.54,119260,68320,76190,104610,159810,199830
15-1251,CT,1650,1.64,121270,82110,97630,133820,141920,141920
15-1251,DC,230,0.54,,,,,,
15-1251,DE,450,1.58,,,,,,
15-1251,FL,4760,0.81,96940,52810,67700,93180,119330,138770
15-1251,GA,1890,0.65,101520,65080,80320,98380,120670,138320
15-1251,HI,450,1.22,111530,75450,89810,118180,125270,151820
15-1251,IA,950,1.03,87010,54060,72010,79180,103940,128520
15-1251,ID,,**,90990,62820,86950,89020,92270,113610
15-1251,IL,1280,0.35,87660,50640,50640,72540,110980,142410
15-1251,IN,1520,0.8,98340,67360,79340,97000,116010,135880
15-1251,KS,460,0.54,99410,59940,69440,92960,119730,144570
15-1251,KY,950,0.8,101200,61990,80310,94850,125380,140460
15-1251,LA,1580,1.38,,,,,,
15-1251,MA,1930,0.89,127520,77060,101290,128390,141660,168310
15-1251,MD,2490,1.52,117210,74470,93140,125570,127900,158880
15-1251,ME,450,1.2,117430,72930,96000,101780,142910,191670
15-1251,MI,4400,1.69,77870,35600,56700,65860,98900,127850
15-1251,MN,2070,1.18,100530,52740,79230,107250,125300,125300
15-1251,MO,1520,0.87,91390,54760,69080,90420,106970,126590
15-1251,MS,1170,1.7,75920,46500,61260,85120,85120,88100
15-1251,MT,,**,91670,64250,72420,89920,100590,123110
15-1251,NC,4120,1.41,81740,26170,44030,81070,105370,134780
15-1251,ND,190,0.75,97550,59530,77180,92280,113940,138960
15-1251,NE,1090,1.79,99020,61680,66180,95150,124690,154500
15-1251,NH,,**,79720,53790,54460,74000,95330,124920
15-1251,NJ,3930,1.55,114950,65000,88690,104940,147790,172990
15-1251,NM,600,1.16,91280,55500,68590,83750,104780,128940
15-1251,NV,840,0.91,102130,68400,93600,93600,109220,131910
15-1251,NY,7020,1.22,115900,65970,82040,103980,134990,172020
15-1251,OH,2100,0.64,93010,51030,67830,85270,107100,134370
15-1251,OK,990,0.97,119380,63110,76280,99780,152460,249600
15-1251,OR,1370,1.17,110390,77080,88290,99540,130240,143450
15-1251,PA,3120,0.87,95820,60070,76230,89180,109740,134710
15-1251,RI,250,0.85,105300,69780,83140,96470,119950,144480
15-1251,SC,790,0.58,100720,63130,76940,99740,120730,135250
15-1251,SD,70,0.25,67940,47670,55200,58240,70850,106820
15-1251,TN,920,0.47,,,,,,
15-1251,TX,7620,0.91,100740,60120,74290,99330,127640,143300
15-1251,UT,690,0.67,103490,62930,82390,104890,127180,134010
15-1251,VA,3070,1.26,122060,67010,87520,121610,160530,182890
15-1251,VT,170,0.94,88720,61400,71800,89560,103420,110930
15-1251,WA,2540,1.21,126540,84760,106040,125620,142440,166400
15-1251,WI,3080,1.77,,,,,,
15-1251,WV,140,0.33,75360,46330,53640,65320,89610,123320
15-1251,WY,60,0.34,88620,47880,67490,81640,108470,124870
15-1252,AK,530,0.15,,,,,,
15-1252,AL,17450,0.76,122840,71590,86990,122540,154290,175330
15-1252,AR,6050,0.43,109590,60570,81480,104490,127740,162380
15-1252,AZ,38050,1.08,132530,81740,102310,129690,159680,178500
15-1252,CA,284390,1.44,186770,105060,136990,174410,216670,272670
15-1252,CO,43320,1.39,150940,96480,122470,138390,173000,213010
15-1252,CT,13660,0.74,141260,85930,105750,134120,166440,205160
15-1252,DC,6120,0.8,144430,85140,117120,136880,169580,197000
15-1252,DE,3380,0.64,138110,96620,113600,133020,164640,174390
15-1252,FL,87890,0.82,137010,80050,101970,130980,164800,204400
15-1252,GA,49700,0.94,132150,80110,103410,131010,162240,176000
15-1252,HI,1600,0.23,134600,64690,82830,124040,170970,238930
15-1252,IA,9040,0.53,118780,74390,95600,114890,137090,165880
15-1252,ID,5750,0.62,134370,71030,93740,131590,160570,178980
15-1252,IL,56310,0.85,136540,80980,101540,132110,166420,194740
15-1252,IN,14130,0.41,113980,74850,83650,105920,135630,164650
15-1252,KS,13580,0.87,116560,71690,86460,113420,136510,165740
15-1252,KY,7660,0.35,120730,76310,91960,109010,136090,168110
15-1252,LA,4080,0.19,108270,66350,82930,102800,122740,151780
15-1252,MA,48190,1.22,161730,102810,131370,165210,190280,213970
15-1252,MD,31350,1.05,151560,87690,109120,138680,178000,222610
15-1252,ME,2790,0.4,129040,82930,99200,123120,163150,179990
15-1252,MI,43460,0.91,122720,78930,97300,125570,140100,166510
15-1252,MN,35890,1.12,127530,79900,101670,130050,156750,169810
15-1252,MO,20020,0.63,123810,72570,97540,126120,155010,169340
15-1252,MS,1880,0.15,99840,44700,70030,95330,127570,158300
15-1252,MT,2160,0.39,133550,73370,94800,121990,169180,221400
15-1252,NC,58470,1.09,136940,83840,104530,134710,164750,179310
15-1252,ND,1450,0.31,107000,62900,78870,105600,126510,158060
15-1252,NE,7260,0.65,115590,77520,91000,110900,135600,158720
15-1252,NH,10840,1.46,144530,92510,107240,139720,167880,205370
15-1252,NJ,51570,1.11,143800,84880,107020,135940,170130,207200
15-1252,NM,3960,0.42,126620,77110,95690,124520,158390,184710
15-1252,NV,4520,0.27,137350,73990,100680,128810,167820,194470
15-1252,NY,113510,1.08,163820,97430,127160,166180,205540,224590
15-1252,OH,44790,0.74,119860,77790,96200,114090,135490,168400
15-1252,OK,6880,0.37,118510,75190,94360,118100,138940,169700
15-1252,OR,21830,1.02,149060,83070,111750,142720,170600,213540
15-1252,PA,55920,0.85,128110,77750,98590,126550,158390,178080
15-1252,RI,5070,0.93,129080,83540,101640,130590,154040,168630
15-1252,SC,13230,0.53,136240,76010,95750,129450,167750,212460
15-1252,SD,2380,0.48,104790,65530,79810,96310,121190,160380
15-1252,TN,19030,0.53,120560,75280,90750,122430,138890,166380
15-1252,TX,163880,1.07,136450,82600,103350,132150,162530,183680
15-1252,UT,31940,1.7,129860,77810,100530,128810,160570,177970
15-1252,VA,88280,1.98,146340,83350,106600,136460,171090,211930
15-1252,VT,1740,0.53,136100,82480,102820,125280,166610,209420
15-1252,WA,107030,2.78,171040,96810,132290,166540,211860,255350
15-1252,WI,21730,0.68,122620,77710,97740,122660,138590,168630
15-1252,WV,2650,0.35,118410,60480,82700,121000,142610,168620
15-1252,WY,1510,0.49,123360,72950,100560,115170,153090,156620
15-1253,AL,1760,0.69,105650,62670,78520,101500,130320,162600
15-1253,AZ,3890,1,101790,63920,77180,100650,124840,143000
15-1253,CA,27710,1.27,131260,65890,93530,128740,165530,201070
15-1253,CO,5110,1.48,123340,79780,96310,123690,143780,172930
15-1253,CT,1160,0.57,98740,46080,75020,97740,123420,153990
15-1253,DC,760,0.9,107950,65210,80710,103340,130920,144820
15-1253,DE,520,0.9,113340,76750,88410,106060,131770,143880
15-1253,FL,10320,0.87,102560,57970,76760,100210,125280,150620
15-1253,GA,7110,1.21,105320,68130,82620,103040,125610,141760
15-1253,HI,,**,105150,76370,78180,102930,130860,130860
15-1253,IA,1000,0.53,91640,55640,76270,88590,105930,126290
15-1253,ID,560,0.54,,,,,,
15-1253,IL,6530,0.89,107950,65480,83020,104910,130290,150620
15-1253,IN,1610,0.42,91470,56900,72290,87020,105800,130970
15-1253,KS,1140,0.66,93900,57050,72750,94490,105090,133590
15-1253,KY,890,0.37,84590,44290,62310,79100,102240,128340
15-1253,LA,450,0.19,68800,36890,39830,66810,84400,115330
15-1253,MA,6640,1.52,117270,68050,80160,122210,141500,168000
15-1253,MD,5880,1.77,123410,77270,100600,111100,140880,171810
15-1253,ME,390,0.51,85510,45730,68050,86050,100600,123360
15-1253,MI,3480,0.66,96880,52460,74640,98720,115500,135830
15-1253,MN,2630,0.74,104720,66090,80610,101700,128450,137310
15-1253,MO,2930,0.83,93990,55030,71190,85530,109400,141350
15-1253,MS,350,0.25,83730,45770,61400,79890,99700,126740
15-1253,MT,150,0.24,109480,50380,84050,103930,134650,170620
15-1253,NC,8890,1.5,102060,61190,74250,100390,128190,148710
15-1253,ND,200,0.39,83460,63060,78520,83920,87380,106000
15-1253,NE,1240,1.01,98160,64750,78900,98010,119960,131490
15-1253,NH,770,0.94,108730,56190,78960,107100,138350,160190
15-1253,NJ,6550,1.27,120550,70150,91370,119470,138690,168680
15-1253,NM,450,0.43,122520,77760,91780,116580,132050,160430
15-1253,NV,1270,0.68,,,,,,
15-1253,NY,10460,0.9,122950,58180,86260,121240,153680,182910
15-1253,OH,4400,0.66,95890,60340,78380,98000,106430,130100
15-1253,OK,1620,0.79,81720,46950,60940,77700,96090,121970
15-1253,OR,1840,0.78,115840,57640,79400,108440,146120,184060
15-1253,PA,4530,0.62,93710,58970,69720,93030,113190,133120
15-1253,RI,400,0.66,108720,80220,89220,101790,131050,136590
15-1253,SC,1740,0.63,96910,50070,79990,97500,108340,135390
15-1253,SD,220,0.4,73260,47670,55400,68120,84950,104840
15-1253,TN,1530,0.39,92170,61580,75570,91040,105000,125760
15-1253,TX,19590,1.16,104660,59010,79670,101850,127760,153380
15-1253,UT,2600,1.25,87700,45960,61530,82100,106030,134940
15-1253,VA,10160,2.06,121160,78820,98120,121590,136870,169200
15-1253,VT,170,0.45,88530,60480,65070,76580,104160,144890
15-1253,WA,7970,1.87,131090,74180,96740,128480,164470,202730
15-1253,WI,3800,1.08,97890,62460,65770,89400,118670,161500
15-1253,WV,390,0.46,74460,37050,48200,62300,102080,127210
15-1254,AL,930,0.97,,,,,,
15-1254,AR,400,0.67,63190,39640,45190,50550,67290,112020
15-1254,AZ,1010,0.69,85410,46150,59180,76230,105010,150010
15-1254,CA,7320,0.89,122890,44990,80620,119570,159040,202850
15-1254,CO,1680,1.3,89940,48280,63520,85950,106320,122170
15-1254,CT,750,0.97,91490,55060,64460,85930,106950,133220
15-1254,DC,430,1.35,119280,76160,91840,114690,137650,172520
15-1254,DE,,**,82200,50790,69800,76020,89290,117500
15-1254,GA,1500,0.68,92560,50130,64560,90340,107060,139490
15-1254,HI,310,1.09,,,,,,
15-1254,IA,420,0.6,74510,48230,57720,64210,89920,106170
15-1254,ID,220,0.58,81400,49340,61240,79290,97010,113870
15-1254,IL,4310,1.57,95460,70650,71990,84820,117100,128700
15-1254,IN,860,0.6,84480,47150,62310,80870,100140,132120
15-1254,KS,500,0.77,81840,48750,59600,73590,96980,133510
15-1254,KY,270,0.3,87160,52930,66320,82630,103870,130140
15-1254,LA,490,0.57,81640,49930,66340,85330,89350,106110
15-1254,MA,1940,1.18,108520,54510,80520,98470,135110,169360
15-1254,MD,1960,1.57,108540,61690,84550,112690,129840,155830
15-1254,ME,170,0.59,,,,,,
15-1254,MI,1580,0.79,97040,49930,62830,98470,117880,149660
15-1254,MN,1200,0.9,103500,53620,72510,101020,128470,158630
15-1254,MO,1160,0.88,109420,58140,83120,103750,125610,186260
15-1254,MS,190,0.37,,,,,,
15-1254,MT,550,2.39,65850,60620,62060,62060,68650,68650
15-1254,NC,2030,0.91,98380,54450,72890,96610,122540,140550
15-1254,ND,,**,72630,51770,60580,72190,82750,85590
15-1254,NE,230,0.5,82350,52660,56170,80350,100690,125470
15-1254,NH,470,1.53,93880,60810,61480,78260,110190,140240
15-1254,NJ,2250,1.16,94990,51010,55580,95180,124560,151020
15-1254,NM,130,0.33,72930,43300,54930,68120,86880,107540
15-1254,NV,340,0.48,91430,52990,55060,83220,121240,139360
15-1254,NY,3990,0.91,102850,32510,56320,98580,132820,185610
15-1254,OH,1690,0.68,,,,,,
15-1254,OK,410,0.53,80560,44140,54070,78580,96130,126790
15-1254,OR,1140,1.28,77140,49020,50690,64460,93280,127250
15-1254,PA,1670,0.61,87440,39780,61520,86380,104700,134640
15-1254,RI,,**,102540,84650,93290,98140,104530,127970
15-1254,SC,710,0.68,85160,52850,61760,78190,102100,125210
15-1254,SD,390,1.88,53950,40120,47540,51100,59280,70410
15-1254,TN,1620,1.09,84720,52000,57710,74760,104270,154920
15-1254,TX,4910,0.77,95560,50060,61960,85800,118980,158460
15-1254,UT,1280,1.63,98420,49280,66010,100170,131220,156430
15-1254,VA,4590,2.47,129540,76640,99990,128380,161190,178230
15-1254,VT,70,0.53,96240,66570,79120,84550,110130,134150
15-1254,WA,4430,2.77,124290,70520,98830,130440,131030,172060
15-1254,WI,1180,0.89,92490,51480,66510,90630,119860,125940
15-1254,WV,400,1.28,77270,48370,63060,78240,79280,103390
15-1254,WY,50,0.42,65550,49390,59400,68410,69990,76160
15-1255,AK,30,0.15,76110,50800,60650,71300,87410,114150
15-1255,AL,130,0.09,73190,44190,48730,51860,96450,127500
15-1255,AZ,810,0.35,112270,53260,76540,98070,145620,183000
15-1255,CA,27090,2.04,146210,68090,91600,136110,191960,219750
15-1255,CO,3250,1.55,107680,60620,78450,95880,132620,169050
15-1255,CT,1060,0.86,93170,53240,67250,94660,100060,131470
15-1255,DC,480,0.94,116540,78120,85040,107650,136480,172130
15-1255,DE,130,0.36,92270,50880,66520,93880,106190,136490
15-1255,FL,4620,0.64,89440,49710,60880,77730,108800,142910
15-1255,GA,2800,0.79,112270,54910,81950,103810,142110,172950
15-1255,HI,50,0.11,,,,,,
15-1255,IA,670,0.59,72090,42140,48330,69060,84220,108160
15-1255,ID,340,0.55,78600,45240,49850,64250,98960,129620
15-1255,IL,2050,0.46,98960,58090,67580,85710,129810,157670
15-1255,IN,1160,0.5,76420,37960,58980,63430,85100,114390
15-1255,KS,200,0.19,76250,44520,55380,70620,93100,114190
15-1255,KY,590,0.4,83370,52750,67540,77000,93460,121520
15-1255,LA,170,0.12,71210,38090,50030,68790,91090,101280
15-1255,MA,2740,1.03,121470,71110,86420,113540,157510,178050
15-1255,MD,1310,0.65,103650,52930,68890,96760,130470,164460
15-1255,ME,380,0.8,,,,,,
15-1255,MI,1750,0.54,89020,42660,58000,81010,113120,140830
15-1255,MN,1520,0.71,87740,47190,63100,82650,100360,133710
15-1255,MO,1210,0.57,77340,43680,52200,70970,90920,132550
15-1255,MS,230,0.28,62650,41180,48260,48550,69780,96190
15-1255,MT,100,0.28,95850,47670,63520,77030,138520,138520
15-1255,NC,3400,0.94,104010,44530,63920,97990,133860,163850
15-1255,ND,40,0.12,71740,50940,59050,64260,80500,89440
15-1255,NE,720,0.96,71360,46990,51710,65520,83170,100590
15-1255,NH,430,0.86,106270,51550,69990,111150,145580,162960
15-1255,NJ,2170,0.69,104180,50340,71160,95310,130590,173470
15-1255,NM,200,0.32,66150,32660,43040,53300,79620,123910
15-1255,NV,1180,1.05,92530,52000,63990,80120,120050,130260
15-1255,NY,16560,2.35,129990,63960,94620,120990,167590,204510
15-1255,OH,2520,0.62,94540,48940,60490,83360,125600,151090
15-1255,OK,340,0.28,78220,37730,51140,76440,90040,120960
15-1255,OR,1230,0.86,115280,65260,77110,102220,140370,180580
15-1255,PA,2820,0.64,102150,54450,74230,104160,129220,155200
15-1255,RI,240,0.66,109360,65640,76350,105990,137110,166320
15-1255,SC,800,0.48,94750,43720,57870,80930,101740,162880
15-1255,TN,3610,1.51,66090,45510,57890,63510,63510,83220
15-1255,TX,5910,0.58,111600,59290,78480,102650,138430,168620
15-1255,UT,1060,0.84,106760,57890,79130,99990,131430,159710
15-1255,VA,1990,0.67,84660,42080,54790,77140,102370,140490
15-1255,WA,11580,4.47,134700,60580,75570,130480,170400,217290
15-1255,WI,880,0.41,94340,57980,71020,95340,103530,138410
15-1255,WV,200,0.4,103430,30800,52580,71880,133360,271340
15-1255,WY,110,0.53,75050,44740,51710,67020,94420,103590
15-2031,AK,70,0.3,89070,50230,60940,88750,104010,128910
15-2031,AL,550,0.37,117850,64830,82210,115630,146970,173910
15-2031,AR,210,0.24,65060,47350,48520,59030,80510,96920
15-2031,AZ,2600,1.15,83290,58430,64430,75470,96120,124230
15-2031,CA,10620,0.84,110860,65510,79990,102100,131220,168030
15-2031,CO,770,0.39,130610,79570,102710,129880,160220,182530
15-2031,CT,950,0.8,97910,61300,79330,96700,110170,131030
15-2031,DC,2250,4.59,115120,65550,76680,96030,151990,195190
15-2031,DE,660,1.96,101810,62510,77520,101070,130100,132780
15-2031,FL,9120,1.32,84250,46340,58920,77600,102680,131490
15-2031,GA,4600,1.35,85530,52000,60110,76220,101810,132610
15-2031,HI,120,0.28,111180,68450,81210,100600,143020,156210
15-2031,IA,300,0.27,90760,47520,61590,80580,125880,140960
15-2031,ID,500,0.84,100360,60640,71740,103600,124440,138510
15-2031,IL,5180,1.22,104580,62500,75490,89800,126920,164990
15-2031,IN,1380,0.62,93070,59850,67340,85280,108930,133480
15-2031,KS,,**,96580,58570,75130,92050,117810,137820
15-2031,KY,660,0.47,89930,58970,68340,83850,105570,129860
15-2031,LA,550,0.41,72320,49940,56150,63210,76680,111160
15-2031,MA,4200,1.66,104450,71550,80100,96500,130330,146000
15-2031,MD,4710,2.44,106620,55880,71290,97410,135300,180750
15-2031,ME,220,0.49,102300,66520,81790,99460,124350,141050
15-2031,MI,980,0.32,94890,61650,72970,83480,110590,139880
15-2031,MN,1240,0.6,99230,60350,77640,95550,119740,133170
15-2031,MO,1190,0.58,74620,49180,54830,62380,91030,116980
15-2031,MS,120,0.15,92040,59830,67270,92310,106330,130120
15-2031,MT,150,0.42,78530,61750,62560,80400,80400,99930
15-2031,NC,2520,0.73,98000,60180,69700,97290,126890,130980
15-2031,ND,130,0.44,89080,57930,70130,82460,102170,119400
15-2031,NE,330,0.46,101330,60550,70640,98300,128280,149760
15-2031,NH,290,0.6,,,,,,
15-2031,NJ,3280,1.1,,,,,,
15-2031,NM,510,0.84,93860,49940,61580,80360,118360,150030
15-2031,NV,370,0.34,97130,65210,73030,86500,112080,139920
15-2031,NY,5890,0.87,117790,62780,78060,108610,149160,175800
15-2031,OH,2600,0.67,101050,52000,66380,103620,128060,142080
15-2031,OK,1840,1.55,63770,41680,53730,61520,66230,88280
15-2031,OR,2710,1.97,103980,65600,80620,102170,127690,145710
15-2031,PA,3220,0.76,88210,55220,63680,79640,102250,129420
15-2031,RI,360,1.04,92390,61110,64370,77910,100640,183030
15-2031,SC,1380,0.86,87170,52500,62890,80240,102540,125700
15-2031,TN,1200,0.52,80330,46150,54990,76680,94610,125480
15-2031,TX,11890,1.21,100070,57840,70650,90710,119860,164570
15-2031,UT,810,0.67,93310,57990,72880,90200,107290,130910
15-2031,VA,6980,2.43,130720,71820,99660,129460,166230,194260
15-2031,VT,170,0.78,90840,65100,75070,89790,101980,123740
15-2031,WA,3050,1.23,107340,68580,80980,98030,133260,155790
15-2031,WI,4270,2.08,73790,50380,59400,71820,81340,102090
15-2031,WV,200,0.42,71320,51630,59930,64100,78840,96500
15-2041,AK,80,1.24,,,,,,
15-2041,AL,200,0.52,79820,51490,59130,76400,95370,122570
15-2041,AR,570,2.33,109740,64080,84270,105720,136270,161920
15-2041,AZ,440,0.73,97620,56160,70990,79640,128090,157080
15-2041,CA,2480,0.73,140780,69890,100210,135960,174340,205210
15-2041,CO,780,1.45,114520,72630,85550,109660,136940,157350
15-2041,CT,490,1.53,112850,75790,82780,102860,128350,176860
15-2041,DC,550,4.17,137760,80980,108160,140670,166230,185220
15-2041,DE,70,0.83,120720,74570,93500,109570,147890,176650
15-2041,FL,550,0.3,113520,54600,72800,108040,144580,189530
15-2041,GA,460,0.51,118350,70750,92180,115150,144870,170700
15-2041,HI,90,0.77,84900,58290,65650,76780,93450,126230
15-2041,IA,250,0.87,82910,43710,50850,80150,98840,129110
15-2041,ID,160,1.01,,,,,,
15-2041,IL,480,0.43,120170,80530,95490,119760,141360,167740
15-2041,IN,230,0.39,109110,40340,52770,109300,145270,180010
15-2041,KS,80,0.29,118170,87320,99300,111780,125260,171450
15-2041,KY,80,0.23,113540,73710,90020,112520,138480,147250
15-2041,LA,70,0.2,80900,48490,57600,76400,97850,124650
15-2041,MA,2480,3.65,114210,76920,83710,96710,136140,174740
15-2041,MD,2730,5.3,133370,84640,111530,132620,156730,170980
15-2041,ME,80,0.68,92950,59280,68060,85680,104010,139240
15-2041,MI,570,0.7,117520,56650,74110,102710,143220,213610
15-2041,MN,780,1.42,,,,,,
15-2041,MO,680,1.24,76100,46450,55740,66330,93370,118850
15-2041,MS,80,0.35,68000,38310,48860,64670,79730,109180
15-2041,NC,1200,1.3,122490,76930,92330,115690,147490,174360
15-2041,ND,40,0.44,82570,60150,67810,75890,87990,115920
15-2041,NE,140,0.71,84790,40890,67610,83480,100420,120310
15-2041,NH,70,0.52,103400,65300,79630,96080,124360,159850
15-2041,NJ,880,1.09,126370,69490,97340,118280,163020,180790
15-2041,NM,230,1.4,85780,52840,59900,84330,112680,124520
15-2041,NV,50,0.18,91920,59030,67220,79750,116900,146950
15-2041,NY,1220,0.68,146430,76250,97820,136020,174350,208700
15-2041,OH,580,0.56,100060,57640,71240,98190,128490,157000
15-2041,OK,50,0.17,97380,64500,69990,89540,115210,145540
15-2041,OR,600,1.64,93720,54580,69020,93620,113350,131230
15-2041,PA,1630,1.44,104240,60440,71580,93830,132380,167460
15-2041,RI,40,0.47,96710,67120,85420,102620,104170,134490
15-2041,SC,240,0.56,75540,32670,32670,65450,97990,158810
15-2041,TN,530,0.86,105050,67010,82540,98230,131730,155370
15-2041,TX,1390,0.53,107390,59900,76870,102960,135100,161620
15-2041,UT,300,0.94,95650,62080,75790,88610,112710,133590
15-2041,VA,720,0.94,120570,59340,87140,114920,149230,178400
15-2041,VT,,**,85920,67580,79140,82210,84700,105120
15-2041,WA,2960,4.47,112600,81250,99270,105650,127140,166760
15-2041,WI,250,0.46,108000,78820,84670,107150,126040,138900
15-2041,WV,90,0.7,88780,49680,55340,84660,105740,141610
15-2051,AK,230,0.43,89810,51550,57350,84110,113040,138400
15-2051,AL,1740,0.49,105180,59130,74140,103120,127660,161590
15-2051,AR,530,0.24,116320,67090,97510,109390,136060,169110
15-2051,AZ,4560,0.83,111950,65200,80820,107240,134070,161730
15-2051,CA,39310,1.28,156000,77480,103360,141590,186820,224920
15-2051,CO,6280,1.29,126800,74470,96300,117400,152650,189630
15-2051,CT,1760,0.61,129850,75700,94480,126340,163210,204680
15-2051,DC,2680,2.27,142580,89750,105320,126490,174650,209730
15-2051,DE,770,0.94,,,,,,
15-2051,FL,10240,0.61,119150,63080,84070,115820,140210,174140
15-2051,GA,9260,1.12,115940,67750,84120,104340,136560,170010
15-2051,HI,300,0.29,118940,77270,87640,102130,152980,172870
15-2051,IA,2300,0.87,98100,56070,71010,95830,127340,146700
15-2051,ID,1350,0.94,110220,63980,80940,89380,136940,169010
15-2051,IL,10520,1.02,117870,68810,84610,106560,137290,168880
15-2051,IN,3580,0.66,98340,58750,72670,91470,127510,141250
15-2051,KS,490,0.2,105080,60520,75970,98130,131390,154990
15-2051,KY,1540,0.46,100840,61990,75620,91760,121850,156480
15-2051,LA,1300,0.4,88480,53050,63560,78760,110130,128210
15-2051,MA,9420,1.53,136460,81030,101940,131750,166180,206220
15-2051,MD,3340,0.72,144080,77930,100370,136370,169510,213270
15-2051,ME,1210,1.12,97500,60280,77340,90880,115170,138530
15-2051,MI,7360,0.99,105890,60830,77410,100590,130240,162670
15-2051,MN,4020,0.81,126290,65730,92490,128800,160910,179640
15-2051,MO,4730,0.95,100880,58960,74610,97090,127680,151380
15-2051,MS,440,0.23,79290,43940,51060,69490,99030,125990
15-2051,MT,220,0.25,108170,67120,70990,100490,127840,167150
15-2051,NC,11430,1.37,121270,65970,82440,119090,147540,172830
15-2051,ND,210,0.29,87570,59030,64270,81900,100110,126710
15-2051,NE,1980,1.15,98980,66230,80900,98230,109860,133140
15-2051,NH,1100,0.95,109880,73480,82750,100620,128540,155020
15-2051,NJ,6430,0.89,138590,80720,101970,135280,167330,203950
15-2051,NM,560,0.38,94160,49990,64250,95850,107540,133660
15-2051,NV,1680,0.64,108340,57150,76190,98540,129990,164110
15-2051,NY,23970,1.47,137690,73330,94880,130460,171580,214080
15-2051,OH,6100,0.65,107160,61710,79510,102630,130920,160650
15-2051,OK,1900,0.66,94950,58690,68580,86310,109770,145580
15-2051,OR,2140,0.65,131300,78110,96770,125990,163710,206550
15-2051,PA,13810,1.35,110810,63340,79220,106850,129160,162290
15-2051,RI,1160,1.37,111260,75310,93090,102440,130150,158820
15-2051,SC,3750,0.96,102830,61600,78550,91990,123880,156000
15-2051,SD,220,0.29,102450,67510,83810,96150,123260,145510
15-2051,TN,2790,0.5,105200,60200,77770,100330,131930,156160
15-2051,TX,25860,1.09,119710,64540,83880,122090,146030,170780
15-2051,UT,4360,1.49,114880,60680,78720,108090,146160,167890
15-2051,VA,8920,1.29,134590,76420,97390,126430,165610,207890
15-2051,VT,200,0.38,123640,76570,98450,127070,143170,160430
15-2051,WA,9600,1.6,158040,79930,105240,163350,208320,220040
15-2051,WI,4370,0.88,116600,76300,88060,106680,133860,168810
15-2051,WV,390,0.33,90730,57500,69790,85090,112770,125100
17-1011,AK,210,0.93,108080,60980,79330,108730,129990,143340
17-1011,AL,990,0.68,110110,62980,76340,95990,133150,174870
17-1011,AR,720,0.81,83980,59230,64170,78190,100490,117630
17-1011,AZ,1550,0.69,105840,68260,84080,102000,124390,138170
17-1011,CA,13270,1.06,121910,75640,85990,108540,152430,171160
17-1011,CO,3290,1.67,110290,67990,80660,102400,128950,170040
17-1011,CT,1200,1.03,109710,75440,78510,103540,124150,152020
17-1011,DC,1700,3.52,113890,75900,78110,102040,130200,163440
17-1011,DE,120,0.37,108290,76780,91700,97030,118530,146490
17-1011,FL,5580,0.82,100170,59990,76550,96240,122940,138230
17-1011,GA,2440,0.73,114600,65820,83210,100420,130810,184870
17-1011,HI,600,1.39,96790,61080,73690,102340,107370,128680
17-1011,IA,650,0.6,104150,60760,67830,96810,122050,153330
17-1011,ID,850,1.44,96010,51790,68860,93710,107990,152460
17-1011,IL,5130,1.22,92840,59890,65110,81780,105090,130670
17-1011,IN,1430,0.65,107810,50790,63040,96060,127440,221430
17-1011,KS,840,0.85,94030,61100,73320,85490,103490,131600
17-1011,KY,630,0.46,97670,60980,75420,97680,116460,130490
17-1011,LA,1200,0.9,92460,51720,61110,79580,110950,154590
17-1011,MA,4590,1.84,119100,82920,87050,117330,127780,163060
17-1011,MD,1800,0.95,119770,68320,81280,114550,148700,182370
17-1011,ME,500,1.13,86550,51920,65460,78600,101150,123790
17-1011,MI,2630,0.87,93870,59850,67360,88430,108300,135520
17-1011,MN,2340,1.16,102620,59500,79030,99940,122290,138690
17-1011,MO,2150,1.07,102460,60190,77530,98490,128380,153860
17-1011,MS,330,0.41,102820,53860,67410,80870,114170,163970
17-1011,MT,550,1.57,99110,61500,74700,97290,127900,139640
17-1011,NC,2980,0.88,104270,64730,79010,95700,122960,164270
17-1011,ND,290,0.99,101930,75000,79110,97110,123210,137140
17-1011,NE,620,0.87,96580,48790,60460,91530,113530,167680
17-1011,NH,250,0.53,98040,63200,75850,101100,108020,133970
17-1011,NJ,2390,0.81,118250,72870,84400,99800,132670,207650
17-1011,NM,600,1.01,81770,47840,61040,77720,97870,120090
17-1011,NV,530,0.5,110250,64590,79470,101570,129230,161080
17-1011,NY,10360,1.56,111890,63920,76950,99280,128690,165660
17-1011,OH,3480,0.91,99370,59550,64450,94960,122590,163590
17-1011,OK,910,0.77,106770,55040,75630,100350,121050,165790
17-1011,OR,2050,1.52,100940,68820,80100,98800,117290,129880
17-1011,PA,3760,0.9,98700,61690,73550,97030,121530,149950
17-1011,RI,550,1.6,110140,65270,79810,105160,126030,135170
17-1011,SC,1030,0.65,103670,62010,75140,101550,130570,162240
17-1011,SD,180,0.57,105360,61350,76890,102500,128200,162160
17-1011,TN,2570,1.14,98970,62930,76070,94030,118090,146290
17-1011,TX,7820,0.81,98910,60730,76730,94490,121670,142130
17-1011,UT,1520,1.28,103260,53250,77630,95590,124660,155980
17-1011,VA,2130,0.75,105970,65910,78300,97680,125750,164190
17-1011,VT,320,1.52,88410,56990,63400,82400,99990,121530
17-1011,WA,3720,1.52,100740,70020,80960,100190,114430,130380
17-1011,WI,1230,0.61,102000,66710,79920,98510,120520,143330
17-1011,WV,80,0.16,97480,66240,79240,96470,105520,137190
17-1011,WY,130,0.65,118920,74890,78910,120580,123500,179070
17-2011,AK,100,0.68,113920,81650,98330,101710,114310,170340
17-2011,AL,5820,6.32,131910,78660,98190,127540,165410,195190
17-2011,AR,180,0.31,102100,72590,78810,102040,124500,155680
17-2011,AZ,3110,2.21,130150,88920,96700,123170,161220,193990
17-2011,CA,9170,1.16,159960,104370,129010,157620,193060,220670
17-2011,CO,4070,3.25,157060,101970,128440,156190,180310,210410
17-2011,CT,1160,1.57,128380,86420,104560,129500,142970,163930
17-2011,DC,290,0.96,154410,98200,105870,157600,195190,196310
17-2011,FL,3250,0.75,131070,84210,104790,129280,156370,177070
17-2011,GA,2230,1.05,140290,84520,106510,140460,162060,205540
17-2011,HI,40,0.14,158520,117700,134070,137240,163880,247260
17-2011,IA,40,0.07,,,,,,
17-2011,ID,190,0.5,98710,64870,76970,95700,120000,139190
17-2011,IL,200,0.07,125610,78170,98300,108940,153800,184520
17-2011,IN,440,0.32,118360,82530,85080,107400,135450,176860
17-2011,KS,1730,2.76,125550,80860,97950,130330,166900,167400
17-2011,KY,290,0.34,133200,100440,105000,126130,166300,172340
17-2011,LA,90,0.1,143670,110300,118370,136970,160930,197930
17-2011,MA,990,0.63,145810,89750,98850,149470,182370,217840
17-2011,MD,3180,2.64,159590,97460,119540,156750,195190,232930
17-2011,MI,,**,125820,76130,97070,128960,147330,180160
17-2011,MN,140,0.11,145470,85330,100300,159060,180350,194950
17-2011,MO,650,0.51,139820,80390,96790,130680,179260,179260
17-2011,MS,90,0.19,118560,78640,92190,109200,141130,171220
17-2011,NC,650,0.3,127500,79310,94210,122930,149990,176720
17-2011,NE,130,0.29,145420,86760,104140,135670,171380,217240
17-2011,NH,40,0.14,,,,,,
17-2011,NJ,3400,1.82,131410,103230,103980,126430,159710,163770
17-2011,NM,570,1.51,141430,97350,104830,132850,161420,195110
17-2011,NV,270,0.4,118420,77920,86690,96730,136570,179050
17-2011,NY,560,0.13,135720,89130,101970,130330,162210,202690
17-2011,OH,3710,1.53,137590,82830,100440,138440,170540,201670
17-2011,OK,1090,1.46,120160,80040,97900,125470,136990,161780
17-2011,OR,250,0.3,130080,85070,99250,124630,162550,179470
17-2011,PA,990,0.38,135340,89230,111500,133940,162420,179820
17-2011,SC,650,0.64,131390,81460,102280,137030,160620,170150
17-2011,TN,610,0.43,122320,79690,99080,128510,136990,171560
17-2011,TX,6750,1.1,137010,82990,103810,130270,166980,195190
17-2011,UT,1010,1.33,139280,85230,116800,135840,161060,183810
17-2011,VA,2540,1.42,155770,95420,119830,143210,184590,226950
17-2011,VT,100,0.74,138620,93460,110470,144400,164590,172160
17-2011,WA,5760,3.73,156000,112580,130560,158370,181460,207710
17-2011,WI,120,0.1,103580,65720,73940,88400,131400,147560
17-2021,AR,40,2.86,69640,37090,55470,57740,76890,106980
17-2021,CO,30,1.17,93790,73920,77120,88650,100420,107160
17-2021,IA,100,6.56,108960,83470,88670,96290,135980,155760
17-2021,IL,40,0.67,,,,,,
17-2021,IN,150,5.01,100520,67250,86320,94730,105440,139880
17-2021,MI,,**,93380,75200,76550,80490,97380,143110
17-2021,MN,60,1.98,112050,89190,104710,115940,125210,125590
17-2021,MO,120,4.27,,,,,,
17-2021,MS,40,3.66,98930,48870,76440,91560,127230,133200
17-2021,OH,60,1.19,112300,69970,94790,119250,129400,142730
17-2021,OK,120,7.5,96630,54650,68060,86970,110940,140010
17-2021,PA,,**,86840,60530,65010,80300,100420,117540
17-2021,TX,50,0.4,105930,81330,87600,95220,106330,175760
17-2031,AL,30,0.11,95290,70010,76610,85720,101250,142210
17-2031,AR,30,0.16,71530,46720,48880,67850,84610,119010
17-2031,AZ,610,1.24,138120,99630,124330,141230,163560,170560
17-2031,CA,2750,1,132400,89420,105950,128310,153670,179810
17-2031,CO,,**,118650,73730,90950,110650,148600,168300
17-2031,CT,300,1.16,115480,81540,95220,103500,134600,158650
17-2031,DC,80,0.78,101650,79500,82760,100920,101960,128740
17-2031,FL,900,0.6,109740,62360,77420,101730,131400,163370
17-2031,GA,,**,97320,63480,82720,96920,117540,127380
17-2031,IA,90,0.37,93790,62080,76330,81710,108680,135370
17-2031,ID,,**,117060,36190,107350,133750,137130,137600
17-2031,IL,280,0.31,90580,48370,49040,89520,112400,138110
17-2031,IN,620,1.28,117260,78180,86570,108030,140210,177620
17-2031,KY,80,0.25,98310,78570,88630,95360,110280,121180
17-2031,LA,30,0.11,90640,59510,72100,84320,109620,122490
17-2031,MA,4740,8.63,126700,76750,100240,127570,150220,194760
17-2031,MD,550,1.31,110100,66560,82140,105090,130490,158660
17-2031,MI,330,0.5,103700,64610,81330,100940,120520,147370
17-2031,MN,1230,2.76,130320,88530,102360,127730,160770,176330
17-2031,MO,160,0.35,94380,59700,66160,89480,123820,131800
17-2031,MS,,**,94270,79450,96710,96710,96720,101110
17-2031,MT,40,0.52,,,,,,
17-2031,NC,920,1.23,99740,67260,80320,94790,120710,134880
17-2031,NE,80,0.54,88960,60360,72770,83890,104570,125460
17-2031,NH,80,0.75,113960,80240,80850,94890,134990,175630
17-2031,NJ,680,1.06,123200,83200,93160,114680,156870,170470
17-2031,NV,70,0.32,99070,77420,81580,87850,117790,147520
17-2031,NY,840,0.57,119120,80290,91680,104010,135640,177870
17-2031,OH,700,0.84,119530,78440,99620,111550,132350,167600
17-2031,OK,70,0.26,117200,67980,80610,109340,175350,193010
17-2031,OR,150,0.52,123920,81520,109440,122510,132750,163990
17-2031,PA,950,1.04,120110,77360,97640,122560,137870,158600
17-2031,SC,70,0.2,96970,62400,80400,99130,105400,126960
17-2031,TN,170,0.35,124040,81070,84470,106470,137770,174020
17-2031,TX,2050,0.96,100870,59540,75040,92600,123450,159540
17-2031,UT,280,1.07,95960,65180,78530,90870,110310,138160
17-2031,VA,330,0.53,118990,68890,83580,106140,141740,200800
17-2031,WA,880,1.65,,,,,,
17-2031,WI,180,0.4,117830,76870,84090,110430,149040,160220
17-2041,AK,,**,121780,106080,106080,106080,122100,142350
17-2041,AL,600,2.08,124470,77750,96820,135030,141840,164700
17-2041,AR,290,1.66,114140,80480,93860,105270,130860,159150
17-2041,AZ,80,0.19,,,,,,
17-2041,CA,2190,0.89,,,,,,
17-2041,CO,720,1.84,126060,80130,97490,125800,150280,188640
17-2041,CT,410,1.8,114410,86190,95230,102270,129530,165210
17-2041,DE,370,5.59,131390,86810,106000,133670,158670,176650
17-2041,FL,230,0.17,113080,73180,83720,109000,126250,160340
17-2041,GA,330,0.49,112180,66030,80180,103880,132980,164590
17-2041,IA,40,0.2,112070,78610,92050,117590,124120,134030
17-2041,ID,140,1.17,128840,97150,97150,106740,168680,174970
17-2041,IL,520,0.63,123570,79120,95800,121560,140010,176110
17-2041,IN,720,1.66,114590,89990,103600,113160,119030,135940
17-2041,KS,280,1.44,115070,73730,88670,102020,126480,161350
17-2041,KY,190,0.7,122160,89040,106000,117170,136450,161500
17-2041,LA,730,2.8,135190,75500,105860,134800,164800,177790
17-2041,MA,1460,2.96,118170,67810,85170,118000,133050,172170
17-2041,MD,500,1.35,128790,68670,96210,127190,156750,185220
17-2041,MI,670,1.13,105570,63930,82250,103230,125410,155420
17-2041,MN,210,0.54,130240,60320,76340,107670,134500,269800
17-2041,MO,320,0.8,119110,84300,102320,102320,128530,166270
17-2041,MS,150,0.94,113460,81990,95060,106740,130630,149430
17-2041,MT,80,1.16,126310,88640,99690,127490,158280,165230
17-2041,NC,380,0.56,123550,81020,95920,117410,141260,168610
17-2041,ND,80,1.32,117040,45760,84720,115400,134630,162560
17-2041,NE,130,0.96,107760,60840,76610,98310,131890,156890
17-2041,NH,40,0.45,90810,53930,60600,73250,115140,146170
17-2041,NJ,440,0.75,129080,81040,95520,126760,157190,185190
17-2041,NM,160,1.33,147420,76540,110420,158190,189260,205360
17-2041,NV,110,0.54,,,,,,
17-2041,NY,540,0.41,120480,81520,89440,129060,145670,146180
17-2041,OH,1030,1.37,118710,76940,96170,111200,135700,169600
17-2041,OK,110,0.46,135010,88610,106070,127790,167040,189870
17-2041,OR,140,0.53,121660,83080,95300,116950,138140,166610
17-2041,PA,810,0.98,127520,79940,91520,116970,168060,177510
17-2041,RI,50,0.7,115030,70670,80120,111590,152750,152750
17-2041,SC,390,1.26,106920,77140,79160,101570,127900,146300
17-2041,TN,480,1.09,,,,,,
17-2041,TX,2610,1.37,144350,86920,106910,132750,167750,210460
17-2041,UT,,**,96460,66620,81840,85520,104240,152760
17-2041,VA,790,1.42,133340,92540,100680,136380,156080,176950
17-2041,WA,650,1.36,134910,94160,104300,128290,164630,185360
17-2041,WI,110,0.28,98440,60740,74700,97660,119500,131410
17-2041,WV,160,1.65,134630,90660,101600,129210,165770,181340
17-2051,AK,1670,2.17,118830,78940,94960,114730,134280,163420
17-2051,AL,5370,1.07,107550,63930,77750,99010,128900,168370
17-2051,AR,1870,0.6,89500,44810,64500,85020,105090,132460
17-2051,AZ,5940,0.77,97130,63740,76340,89660,109930,138030
17-2051,CA,55180,1.28,124540,77980,96590,122500,149350,175940
17-2051,CO,13290,1.96,114460,76810,82830,101420,132200,165230
17-2051,CT,4370,1.09,110920,76350,83390,103150,130150,161670
17-2051,DC,1650,0.99,115810,78780,82120,103880,130720,164200
17-2051,DE,920,0.8,107650,74560,81470,100220,126810,153100
17-2051,FL,23750,1.01,103810,58640,76740,98570,128450,166680
17-2051,GA,9400,0.81,98300,62850,75090,84240,114380,153690
17-2051,HI,2640,1.78,96270,62900,77720,94280,113550,131810
17-2051,IA,2500,0.68,99950,64900,76760,96430,120230,135480
17-2051,ID,2630,1.3,101160,67250,78990,98030,113160,141020
17-2051,IL,13910,0.96,105390,69590,79650,99760,125990,157410
17-2051,IN,4030,0.53,100010,64200,77510,98270,121550,140130
17-2051,KS,2880,0.85,100810,63260,77170,96880,125990,150640
17-2051,KY,2690,0.57,105310,65660,78960,100930,122930,143680
17-2051,LA,3780,0.82,108250,64570,78770,105380,127940,156610
17-2051,MA,9450,1.1,117330,78280,84570,106730,134810,165590
17-2051,MD,5240,0.8,107320,75550,81640,100680,126620,152730
17-2051,ME,1240,0.82,99310,71080,80410,97820,113330,132600
17-2051,MI,7760,0.74,94870,63920,75470,92100,109870,130400
17-2051,MN,4710,0.68,107500,65840,80500,101480,129670,159230
17-2051,MO,5760,0.83,98970,64950,77410,92750,114990,139210
17-2051,MS,1770,0.64,104840,49840,75730,100170,124240,162240
17-2051,MT,1870,1.55,92650,62230,76770,93070,105980,129020
17-2051,NC,12810,1.1,104760,70760,79140,100730,125730,160520
17-2051,ND,1380,1.35,98780,63290,76950,98190,117060,143740
17-2051,NE,2360,0.97,106860,68950,80410,103150,125930,149980
17-2051,NH,1620,1,99620,64270,76960,98710,118980,139060
17-2051,NJ,6900,0.68,114750,74640,82270,104660,134270,169220
17-2051,NM,1350,0.66,111300,67100,79570,103900,129310,163570
17-2051,NV,3560,0.97,114970,77480,83530,104310,148150,160820
17-2051,NY,17500,0.76,117880,77290,84740,103760,135920,169050
17-2051,OH,10560,0.8,100810,65170,77820,96220,124930,144620
17-2051,OK,2180,0.54,105570,66550,79170,98760,127590,153470
17-2051,OR,4890,1.05,116160,77560,82580,105250,135870,166060
17-2051,PA,15870,1.11,100750,67930,77920,97850,122320,141310
17-2051,RI,1270,1.07,110560,77800,79040,99300,150160,151020
17-2051,SC,7180,1.32,107000,67950,80360,101600,131550,156380
17-2051,SD,1440,1.33,99500,70050,80560,98700,115180,127090
17-2051,TN,5790,0.75,103340,65090,76900,95910,123160,154100
17-2051,TX,34870,1.05,104250,63240,77200,96860,127340,164330
17-2051,UT,5670,1.38,100300,62130,78510,96830,123240,149410
17-2051,VA,11350,1.17,105340,74000,79150,97120,126780,150710
17-2051,VT,770,1.07,97480,68720,78870,95600,104770,129390
17-2051,WA,12590,1.5,117670,81840,96230,110000,133050,160670
17-2051,WI,7410,1.07,97330,67590,75920,94600,111400,131040
17-2051,WV,1300,0.78,91220,51640,62070,86930,112400,132960
17-2051,WY,990,1.48,96810,67870,77610,90590,106220,133920
17-2061,AL,680,0.66,138870,80680,107180,136990,163750,195190
17-2061,AR,160,0.25,120220,70870,78830,120290,158700,166450
17-2061,AZ,3110,1.94,157800,100900,106870,158280,168610,218440
17-2061,CA,19820,2.21,190590,126590,150700,185180,219980,281210
17-2061,CO,2660,1.87,158480,100050,126520,156080,186260,222220
17-2061,CT,340,0.41,,,,,,
17-2061,DC,210,0.62,162180,100690,136660,163360,195190,211950
17-2061,DE,30,0.13,142200,96140,113240,135690,170160,200240
17-2061,FL,3290,0.67,137810,77680,101680,134160,167690,203510
17-2061,GA,650,0.27,112190,70920,80120,100210,133630,165610
17-2061,HI,90,0.28,144240,94270,106470,159880,165240,202980
17-2061,IA,130,0.18,137120,77480,106680,125120,161740,187980
17-2061,ID,920,2.18,138160,85230,100770,131570,169540,212880
17-2061,IL,1420,0.47,138940,77420,97930,133220,165360,210100
17-2061,IN,320,0.2,105270,73780,92250,98350,116850,136970
17-2061,KS,220,0.32,110430,74520,84720,101750,133050,145800
17-2061,KY,500,0.5,109310,71400,97280,116200,126180,128050
17-2061,LA,270,0.28,93200,47840,76990,83550,102390,150290
17-2061,MA,3150,1.76,177030,118490,132610,167600,210910,258880
17-2061,MD,1720,1.27,149020,87840,115860,152730,184880,198300
17-2061,MI,1420,0.66,127070,78240,99700,119670,164110,176700
17-2061,MN,770,0.53,134690,84770,106870,134300,158450,176340
17-2061,MO,900,0.62,111220,61290,79190,103980,130490,150050
17-2061,MS,150,0.26,93650,68770,75210,78320,107950,140650
17-2061,NC,1340,0.55,144050,74310,95360,134670,178360,234390
17-2061,NE,80,0.16,137560,96910,124840,134950,157620,173350
17-2061,NH,310,0.92,135050,75740,99740,129140,174140,202720
17-2061,NJ,580,0.27,146990,87540,104420,142880,188340,210900
17-2061,NM,5260,12.25,163890,117150,133780,165350,197670,204150
17-2061,NV,160,0.22,117110,83310,91150,116530,126790,155020
17-2061,NY,3020,0.63,164770,101530,130610,163470,205580,224490
17-2061,OH,580,0.21,127770,75240,92610,118160,151690,196680
17-2061,OK,180,0.21,108240,77150,82020,95600,130790,171560
17-2061,PA,1610,0.54,,,,,,
17-2061,RI,390,1.58,123300,80620,96750,119510,144910,158570
17-2061,SC,690,0.61,124320,74990,102540,125110,139930,171540
17-2061,SD,160,0.73,110880,78040,83340,101400,131210,150110
17-2061,TN,,**,130460,96300,110000,130830,163960,167030
17-2061,TX,7390,1.06,161360,92940,126560,163860,203100,216260
17-2061,UT,430,0.5,114910,72550,85150,106950,134140,168320
17-2061,VA,1720,0.85,143280,87630,105820,139030,175140,195290
17-2061,VT,130,0.86,,,,,,
17-2061,WA,1800,1.03,178320,100120,132070,169120,210230,260210
17-2061,WI,270,0.19,101690,68330,77700,83670,103640,172820
17-2061,WV,140,0.42,,,,,,
17-2071,AK,350,0.83,122500,82360,96210,125970,137840,177110
17-2071,AL,4600,1.7,126380,77840,98220,125630,153280,180220
17-2071,AR,900,0.54,99960,67920,79520,96860,115810,136770
17-2071,AZ,5370,1.3,113710,75560,82420,100550,134300,165510
17-2071,CA,24230,1.04,151180,81840,106100,144040,185520,217760
17-2071,CO,4200,1.14,126480,81720,98090,120760,147040,177310
17-2071,CT,2930,1.35,114730,82300,85930,104160,135230,162290
17-2071,DC,330,0.37,142760,87450,111530,143000,173790,195190
17-2071,DE,660,1.07,122850,83600,100430,126970,141150,152060
17-2071,FL,9220,0.73,111430,65090,80860,104780,131550,164210
17-2071,GA,5950,0.95,,,,,,
17-2071,HI,1080,1.35,111270,73890,78810,106350,130360,156580
17-2071,IA,1280,0.64,113330,76720,93980,105820,127530,155460
17-2071,ID,1000,0.91,126200,77070,101160,129340,154900,165410
17-2071,IL,5460,0.7,114640,75470,87360,107860,131960,164290
17-2071,IN,4000,0.98,107710,69290,81690,102670,127190,152480
17-2071,KS,2100,1.14,110860,72230,82900,102630,128920,159650
17-2071,KY,1540,0.6,99530,63270,77290,98550,117150,138460
17-2071,LA,990,0.4,124290,77210,92930,123710,157970,178330
17-2071,MA,5040,1.08,130190,78140,100010,127720,160910,176470
17-2071,MD,4650,1.32,129390,76650,96740,125150,164080,194810
17-2071,ME,1150,1.4,118510,78930,97590,114620,133580,161230
17-2071,MI,10840,1.93,112740,75880,87080,106070,132440,159090
17-2071,MN,3150,0.84,118190,78750,94100,109510,137970,167030
17-2071,MO,2410,0.64,122690,77620,94230,118670,157990,166710
17-2071,MS,1130,0.76,108700,60130,80760,104990,130490,156140
17-2071,MT,790,1.21,98930,72910,76400,87360,112760,133180
17-2071,NC,7090,1.12,121380,66800,79370,110130,148330,203490
17-2071,ND,260,0.47,112380,77350,83380,110810,129640,155520
17-2071,NE,1060,0.81,107140,66820,83790,107260,125830,135270
17-2071,NH,1600,1.83,142360,92700,103460,135710,169020,202790
17-2071,NJ,2940,0.54,126990,80630,98510,125370,147640,174450
17-2071,NM,2560,2.3,155400,102880,127540,158520,196240,202680
17-2071,NV,1100,0.56,115770,77000,86390,107400,135660,167330
17-2071,NY,8770,0.71,122140,74870,91580,119010,144250,168820
17-2071,OH,6360,0.9,106150,72690,82240,100620,126730,149390
17-2071,OK,2080,0.96,118440,74060,89250,107760,134190,187140
17-2071,OR,2540,1.01,124140,83500,100460,125160,141010,166240
17-2071,PA,6970,0.9,118310,77650,91390,110820,136300,167260
17-2071,RI,670,1.05,,,,,,
17-2071,SC,3490,1.18,104580,69260,75540,98440,128060,156330
17-2071,SD,530,0.91,102770,69580,89260,98980,108640,138210
17-2071,TN,2830,0.68,114680,73850,84220,104450,132050,166210
17-2071,TX,20870,1.16,135580,76120,95130,129450,164730,210160
17-2071,UT,1680,0.76,118630,77100,86850,105720,141020,171580
17-2071,VA,7260,1.38,123830,80320,95450,119030,148320,173400
17-2071,VT,820,2.11,122250,81040,91960,111310,138270,175710
17-2071,WA,7610,1.68,136970,85540,103910,132710,166160,185690
17-2071,WI,3550,0.94,103550,74850,82200,99700,123120,132990
17-2071,WV,500,0.55,114260,76830,88610,113420,132720,156250
17-2071,WY,280,0.78,111490,60760,93440,111740,127290,146990
17-2081,AK,260,3.28,114660,78940,95800,110220,132900,155530
17-2081,AL,780,1.5,107220,66720,78370,102650,125290,158910
17-2081,AR,210,0.67,90550,51910,63990,85280,109280,132700
17-2081,AZ,690,0.86,96410,63790,77720,93970,112010,130190
17-2081,CA,4550,1.01,125870,79790,95950,130410,148650,170790
17-2081,CO,1320,1.86,113550,66390,83500,106890,131550,165870
17-2081,CT,450,1.07,119880,80280,100210,114710,138270,156830
17-2081,DE,150,1.23,103050,70100,78530,95720,124110,151890
17-2081,FL,1800,0.73,111530,57240,75570,116840,146960,154130
17-2081,GA,830,0.69,100760,64810,78240,96530,122280,144870
17-2081,HI,150,0.94,115920,76180,88630,107880,125150,156640
17-2081,IA,150,0.38,97710,66780,79000,94830,111940,134050
17-2081,ID,400,1.89,123300,69780,104000,117520,151730,165810
17-2081,IL,940,0.62,116020,71990,87090,107990,123960,153150
17-2081,IN,520,0.66,103750,65120,77190,92460,118140,142780
17-2081,KS,320,0.9,103550,69850,81470,94070,121490,139210
17-2081,KY,350,0.7,113090,76310,93290,107520,132190,157130
17-2081,LA,340,0.72,138180,76500,99490,130510,171630,201300
17-2081,MA,1880,2.09,119180,77150,86370,115800,142130,172920
17-2081,MD,1030,1.51,103980,62380,80760,97570,127980,156750
17-2081,ME,220,1.38,98290,69310,76440,93930,114390,139510
17-2081,MI,810,0.74,107600,73090,87430,105080,129240,142570
17-2081,MN,1080,1.49,116740,95330,107120,115750,129310,143330
17-2081,MO,510,0.7,98460,56430,79160,98170,118350,128490
17-2081,MS,260,0.92,95010,57320,66350,91100,115210,145910
17-2081,MT,300,2.42,106590,63920,81100,100140,126000,154530
17-2081,NC,,**,104970,69000,76640,99440,127040,143040
17-2081,ND,90,0.85,106350,61310,78210,91370,109140,170090
17-2081,NE,270,1.08,120150,69240,99420,120620,146770,165590
17-2081,NH,210,1.25,93600,55780,69530,88610,111200,134280
17-2081,NJ,990,0.94,109560,69830,80090,102630,126430,161990
17-2081,NM,500,2.35,123800,80470,95590,108360,135970,200170
17-2081,NV,290,0.77,120710,85250,106290,109720,132290,168630
17-2081,NY,3170,1.33,108360,67370,79390,101270,127820,157490
17-2081,OH,730,0.53,110350,69000,83590,113180,127330,145490
17-2081,OK,530,1.26,97850,60790,78730,92090,109140,136990
17-2081,OR,650,1.35,127920,80720,101220,127100,141930,181280
17-2081,PA,1750,1.17,103760,47930,76040,103330,134990,149990
17-2081,RI,200,1.61,105720,83980,93540,101140,116440,135800
17-2081,SC,560,0.99,100760,47740,81230,96140,120050,149340
17-2081,SD,90,0.83,99360,78890,90720,98890,107520,124350
17-2081,TN,540,0.67,101260,62630,74890,97190,117930,142660
17-2081,TX,1940,0.56,124400,76510,92600,123060,154970,177820
17-2081,UT,410,0.96,107910,76230,83510,103380,127180,148830
17-2081,VA,1010,1,111800,65520,83010,104940,131700,157990
17-2081,VT,110,1.45,101330,72450,79640,92580,113830,153440
17-2081,WA,1920,2.19,127330,80660,100200,125460,161250,175610
17-2081,WI,890,1.22,101050,69940,78030,89990,107170,154010
17-2081,WV,370,2.14,92680,57460,73390,83200,100780,155170
17-2081,WY,200,2.92,106640,71320,82280,106330,126910,143360
17-2112,AK,220,0.28,157200,74980,117120,156510,186790,218900
17-2112,AL,7650,1.54,104900,68410,80920,99880,122640,152970
17-2112,AR,1710,0.56,102090,71880,79620,98410,120680,137520
17-2112,AZ,7520,0.99,119050,77950,89320,108280,135150,170800
17-2112,CA,32680,0.76,125850,77900,98380,124600,154190,172870
17-2112,CO,5200,0.77,116240,80480,95160,109750,133290,159990
17-2112,CT,6020,1.51,109190,77810,88000,104160,128120,141540
17-2112,DC,160,0.1,115810,81240,89990,103300,122760,153520
17-2112,DE,820,0.72,120480,81160,100770,120190,143000,154450
17-2112,FL,14050,0.6,107170,68850,81480,101610,127650,156560
17-2112,GA,8940,0.78,104530,73360,82140,100100,123670,139860
17-2112,HI,50,0.04,124010,86550,97190,123800,155770,158880
17-2112,IA,3600,0.98,99900,72380,79680,97690,111060,133610
17-2112,ID,1330,0.66,107150,67100,81420,100840,129580,149390
17-2112,IL,18640,1.3,105820,73780,81710,100540,125210,155650
17-2112,IN,11680,1.55,99600,64770,79880,97480,114040,131720
17-2112,KS,3450,1.02,103070,66810,80090,99830,122190,152410
17-2112,KY,6070,1.29,99120,65980,79390,96820,116150,135720
17-2112,LA,1710,0.38,124660,78540,97520,122920,154320,173670
17-2112,MA,11470,1.34,117540,81960,96100,109420,132260,161870
17-2112,MD,3900,0.6,122990,80650,98870,119930,153340,168100
17-2112,ME,1030,0.68,112650,76490,86270,101030,129990,170060
17-2112,MI,30990,2.99,105550,74060,82850,101680,127330,140140
17-2112,MN,17580,2.53,110180,77010,85130,102660,129640,158740
17-2112,MO,5070,0.73,102540,65880,80050,99290,124340,143950
17-2112,MS,2450,0.9,96270,65510,78200,95830,106260,130150
17-2112,MT,390,0.33,117740,76920,84300,104430,139420,175660
17-2112,NC,11580,1,102890,68930,81190,99310,121090,139110
17-2112,ND,600,0.59,95040,56770,78890,96940,106220,132110
17-2112,NE,1160,0.48,99980,71150,79800,98170,116240,133500
17-2112,NH,1940,1.21,109010,78430,86020,101310,128280,155010
17-2112,NJ,6870,0.68,112840,78100,90480,103840,130260,161740
17-2112,NM,1140,0.56,130630,82110,96810,128090,160240,168490
17-2112,NV,1570,0.43,100500,63200,82570,102090,119700,130350
17-2112,NY,11810,0.52,109670,77030,84700,102640,128230,152780
17-2112,OH,23480,1.8,103740,74130,81350,100060,123900,136390
17-2112,OK,2170,0.54,102810,71880,78250,97510,121020,148480
17-2112,OR,5810,1.26,133700,82170,100850,128290,165780,198960
17-2112,PA,13180,0.92,103930,69700,80510,99560,125190,143210
17-2112,RI,990,0.84,115040,79370,94830,109350,130710,159400
17-2112,SC,7960,1.47,104740,75000,82460,101060,123490,136720
17-2112,SD,830,0.77,97100,69310,79340,93200,109870,128500
17-2112,TN,7440,0.96,101000,72200,80750,99080,117100,132040
17-2112,TX,30980,0.94,114840,67490,86410,104560,133490,168670
17-2112,UT,5520,1.35,109070,75130,88970,103940,123090,140930
17-2112,VA,5580,0.58,109170,69880,81550,102550,130810,157160
17-2112,VT,440,0.62,108220,80740,86060,103010,123530,138710
17-2112,WA,6130,0.73,129220,85010,102400,129050,155920,176700
17-2112,WI,13070,1.89,100220,71800,79410,96980,111130,134030
17-2112,WV,850,0.51,116340,76180,84820,108360,141370,163090
17-2112,WY,240,0.36,121140,76000,93160,122070,142500,174980
17-2121,CA,250,0.26,118380,66090,89700,110700,141790,172760
17-2121,DC,490,13.28,156300,107030,118640,172330,172550,195190
17-2121,FL,370,0.69,133820,73070,96580,130640,167060,215470
17-2121,GA,40,0.15,97080,63650,79110,97770,123350,123350
17-2121,HI,120,3.53,108120,80830,90750,108200,122800,143020
17-2121,LA,430,4.23,,,,,,
17-2121,MA,,**,128580,92430,103310,114640,148620,168550
17-2121,MD,300,2.04,136260,88770,103400,130150,169760,195190
17-2121,ME,260,7.61,105420,79370,82370,100430,127130,130480
17-2121,MI,,**,87040,61100,64800,76210,92820,151110
17-2121,MS,70,1.2,98740,63850,69170,97060,120220,133020
17-2121,NY,250,0.48,122230,112230,112230,112230,134370,134370
17-2121,SC,40,0.35,125430,85000,93580,136990,151790,167720
17-2121,TX,330,0.45,153350,93180,119270,152780,189640,230020
17-2121,WA,370,1.97,114400,82430,97880,109550,129480,148510
17-2121,WI,80,0.49,82300,66830,67800,78850,94810,105390
17-2131,AK,70,1.36,116720,79970,84240,123360,134550,154150
17-2131,AL,650,2.11,114610,69260,83880,107580,137620,168580
17-2131,AR,90,0.48,112240,80120,100560,103900,125370,159440
17-2131,AZ,580,1.23,116520,81990,95930,106810,139580,165090
17-2131,CA,3020,1.13,131090,82460,103250,128470,157980,183880
17-2131,CO,810,1.92,125720,64710,94640,124030,164630,180500
17-2131,CT,420,1.68,120360,88330,104420,122300,137130,155440
17-2131,DE,40,0.51,136900,100620,100980,131320,165960,182400
17-2131,FL,690,0.47,118040,73370,91150,118780,138430,166490
17-2131,GA,700,0.98,108070,71830,80180,100840,129740,159560
17-2131,IA,200,0.87,82220,62390,62390,64270,98730,115140
17-2131,ID,90,0.71,98410,57250,60200,105820,133030,154080
17-2131,IL,290,0.33,122070,71780,91570,126620,136710,165710
17-2131,IN,570,1.21,103160,67430,77690,101120,127230,131980
17-2131,KS,270,1.28,116270,83460,83860,100000,135880,164110
17-2131,KY,280,0.94,106970,84610,96300,100620,119280,132800
17-2131,LA,90,0.31,125450,80860,92470,128670,155830,171140
17-2131,MA,1360,2.56,120350,77980,96930,114100,142960,167180
17-2131,MD,740,1.82,140770,79470,109970,140640,173720,195190
17-2131,ME,100,1.08,104980,72130,86960,97110,119410,138440
17-2131,MI,810,1.25,98980,62640,75010,94050,123180,139690
17-2131,MN,150,0.34,122710,84760,100690,106220,147630,175320
17-2131,MO,300,0.7,102030,65870,78600,98860,123310,135280
17-2131,MS,100,0.59,94600,62000,72620,78700,126050,150890
17-2131,MT,90,1.25,79600,59860,63500,76030,93560,104480
17-2131,NC,640,0.88,110700,78160,86400,104240,127560,153570
17-2131,NE,160,1.06,100320,57030,76740,98270,127960,135400
17-2131,NH,70,0.68,106890,73660,77320,101290,121920,159180
17-2131,NJ,260,0.41,117440,82120,93450,106920,138210,170140
17-2131,NM,450,3.56,173000,126640,160340,165600,197900,204400
17-2131,NV,100,0.44,107480,66150,85380,99010,131980,155190
17-2131,NY,590,0.42,123860,73920,88380,125900,162770,168120
17-2131,OH,1790,2.2,116620,76030,84560,106510,142020,169300
17-2131,OK,240,0.97,101740,54990,78290,99950,120580,150640
17-2131,OR,120,0.43,123400,79040,98670,122850,147420,162600
17-2131,PA,720,0.81,106560,62790,76760,98030,128360,173530
17-2131,RI,50,0.66,98270,78270,80660,87180,113060,140450
17-2131,SC,600,1.77,116020,75550,92240,121610,131080,158940
17-2131,TN,330,0.7,102560,63760,79700,91940,122790,149300
17-2131,TX,1440,0.7,126480,67690,84700,117700,160260,187460
17-2131,UT,460,1.79,100130,69180,73880,88080,115670,140620
17-2131,VA,620,1.03,117660,77490,83840,116720,137400,170210
17-2131,WA,1000,1.92,149070,92570,122960,139840,176290,199250
17-2131,WI,280,0.66,95180,65160,76330,96210,109610,127820
17-2131,WY,40,0.9,109870,65250,81950,110970,119590,120830
17-2141,AK,380,0.61,126160,76890,92280,124340,157610,174320
17-2141,AL,,**,109330,72110,83800,100230,128100,162420
17-2141,AR,1410,0.56,88340,57650,65620,80180,103850,131840
17-2141,AZ,5050,0.82,107220,71030,82430,100270,128880,159040
17-2141,CA,30530,0.88,136660,82070,102360,130900,166580,203620
17-2141,CO,7190,1.31,124410,75100,95710,124430,149790,170810
17-2141,CT,4600,1.42,111530,77340,86170,105090,133540,157980
17-2141,DC,510,0.38,138500,86820,107300,133300,166360,195190
17-2141,DE,610,0.66,117710,65890,97920,125130,128140,168180
17-2141,FL,10740,0.57,105800,66260,79090,99980,128320,153950
17-2141,GA,5290,0.57,109650,71940,80040,100620,128350,156320
17-2141,HI,530,0.44,103410,66110,85820,98740,119700,141500
17-2141,IA,3470,1.17,99230,71050,79770,97700,108580,137540
17-2141,ID,1070,0.65,98430,63660,76540,93190,108570,141020
17-2141,IL,11790,1.01,111380,72150,83800,102680,130730,160160
17-2141,IN,8690,1.42,104670,66330,80630,99590,127700,143090
17-2141,KS,4630,1.69,97840,72210,79350,86260,104890,131660
17-2141,KY,4170,1.09,103320,65370,80350,101050,120690,139810
17-2141,LA,1890,0.51,120520,70350,81790,119540,147560,181550
17-2141,MA,7680,1.11,121430,79570,96440,119300,140590,166480
17-2141,MD,6550,1.24,125850,79670,98300,122870,156560,176680
17-2141,ME,890,0.72,107220,78440,83740,102430,127300,137280
17-2141,MI,34630,4.12,112320,76310,87640,104890,132160,159840
17-2141,MN,5890,1.05,106060,75870,81860,99140,128690,151580
17-2141,MO,4870,0.87,101340,64750,79540,99330,120990,142100
17-2141,MS,1570,0.71,100690,62210,75510,98000,127410,136990
17-2141,MT,500,0.51,98660,65820,79240,94190,119820,133270
17-2141,NC,9560,1.01,107350,71260,82490,100720,125050,155550
17-2141,ND,790,0.96,96400,63930,77990,86330,114830,136060
17-2141,NE,950,0.49,96820,61860,74820,88060,108900,136870
17-2141,NH,2760,2.12,110940,72740,84210,103660,130120,165500
17-2141,NJ,4180,0.51,116640,79160,92750,112300,136910,162800
17-2141,NM,2710,1.63,152430,103780,128080,157710,162880,203140
17-2141,NV,1410,0.48,110180,75960,86030,102680,130390,160210
17-2141,NY,8590,0.46,110270,74990,84400,102440,129410,160220
17-2141,OH,14390,1.36,101320,69160,79390,99100,115770,138020
17-2141,OK,2270,0.7,105410,70070,82960,101850,128320,136110
17-2141,OR,2920,0.78,115090,78100,91270,103470,130230,162550
17-2141,PA,13550,1.17,103740,65770,79090,97920,125270,150950
17-2141,RI,1560,1.63,124290,79000,99350,116230,154690,195190
17-2141,SC,5780,1.31,113690,74260,84810,104580,133480,166340
17-2141,SD,560,0.64,95080,65130,77160,88380,106850,134140
17-2141,TN,3930,0.63,104790,64150,78730,99550,127500,156150
17-2141,TX,22080,0.82,121510,75810,91420,112410,145090,175210
17-2141,UT,3370,1.02,107410,73070,84500,102500,127780,160640
17-2141,VA,7470,0.95,114770,77840,85410,104180,131250,160770
17-2141,VT,530,0.92,112260,83820,87360,107330,127100,150380
17-2141,WA,8240,1.22,121370,79400,94560,110430,139870,167680
17-2141,WI,7470,1.33,96750,64850,77920,95870,106950,130360
17-2141,WV,760,0.57,101310,64640,82910,97390,118490,143030
17-2141,WY,230,0.44,117060,71730,100060,117750,140600,151810
17-2161,AL,290,1.41,134480,97950,125870,132570,154920,161290
17-2161,CA,1070,0.6,160980,109990,135400,172400,176390,207740
17-2161,DC,230,3.32,180480,128960,164050,195190,204940,207480
17-2161,FL,120,0.12,137910,90000,110810,135400,160990,188720
17-2161,GA,200,0.41,133010,81800,104870,132440,158130,173100
17-2161,ID,,**,133750,104070,107030,133970,136500,176840
17-2161,IL,1040,1.74,139280,102890,112260,134510,162440,171060
17-2161,MA,210,0.6,134020,67750,103790,145760,161620,174710
17-2161,MD,180,0.67,155410,103990,127870,157960,190470,207480
17-2161,ME,420,6.63,123290,78440,110410,123780,139240,147200
17-2161,MI,330,0.76,128070,80570,103680,129940,156590,159030
17-2161,NC,460,0.94,136120,96300,123720,131850,161310,166200
17-2161,NM,500,5.88,180290,126780,134370,164300,199020,242730
17-2161,NY,150,0.16,150090,114610,137260,141200,162690,204940
17-2161,OH,190,0.36,,,,,,
17-2161,PA,340,0.58,134740,83250,103680,133250,162100,167110
17-2161,SC,1440,6.35,125440,83970,104730,126570,138250,159740
17-2161,TN,720,2.24,,,,,,
17-2161,TX,190,0.14,129220,83250,101980,128340,155830,170600
17-2161,VA,,**,132710,81480,98920,128890,164010,192350
17-2161,WA,1380,3.97,136540,83100,109550,129480,153960,200930
17-2171,AK,280,7.53,199700,129150,174050,206290,219480,277360
17-2171,AL,50,0.2,,,,,,
17-2171,CA,1060,0.5,147940,61780,126500,143590,171980,207370
17-2171,CO,1390,4.16,170270,92590,112070,172190,214220,264960
17-2171,FL,40,0.04,,,,,,
17-2171,KS,110,0.67,128430,65510,92650,115640,127820,195300
17-2171,LA,710,3.17,138270,43440,89880,139640,178810,221800
17-2171,MI,580,1.14,,,,,,
17-2171,MN,40,0.12,,,,,,
17-2171,MT,,**,111330,77450,80380,104060,137540,155590
17-2171,ND,130,2.58,130910,82530,98510,132120,158280,170040
17-2171,NE,150,1.22,120870,80880,95960,100800,135540,165490
17-2171,NM,260,2.59,110040,76140,93200,99900,127490,151750
17-2171,OH,200,0.3,111350,79010,93760,99260,134940,139440
17-2171,OK,1450,7.29,155900,86990,124460,153020,178470,221320
17-2171,PA,600,0.85,120180,77220,96040,101880,138890,175130
17-2171,TN,70,0.18,,,,,,
17-2171,TX,9140,5.6,171580,89990,123450,164860,220330,283500
17-2171,UT,280,1.4,169810,101490,122000,172840,186860,212590
17-2171,WA,190,0.45,149490,107690,129510,134800,176740,184360
17-2171,WV,380,4.68,122770,79860,82370,93360,148350,220130
17-2171,WY,280,8.74,,,,,,
17-2199,AK,200,0.61,144180,112740,123120,142390,164260,186940
17-2199,AL,3460,1.65,146450,87780,116040,152550,183040,195190
17-2199,AR,820,0.63,87660,44470,60070,76940,103380,147980
17-2199,AZ,1720,0.54,112450,61700,76960,102280,137730,167380
17-2199,CA,28610,1.59,139670,74950,98520,130850,169830,212130
17-2199,CO,2540,0.89,134930,75900,105050,132590,164800,195190
17-2199,CT,2430,1.44,120430,72980,93360,124110,153670,164430
17-2199,DC,3560,5.12,146600,101990,101990,151920,185220,195190
17-2199,DE,,**,106750,73360,95510,103580,120120,144250
17-2199,FL,8600,0.87,110430,59490,76400,105410,138920,167950
17-2199,GA,4120,0.85,112980,64200,79160,112260,135040,163210
17-2199,HI,1100,1.77,132510,81580,104290,122800,159570,176410
17-2199,IA,1100,0.71,103560,65580,83510,103090,125440,129760
17-2199,ID,560,0.67,131260,84030,100430,130970,153570,195360
17-2199,IL,2520,0.42,112600,58920,80960,111930,139170,168770
17-2199,IN,1540,0.49,116950,62710,86820,120880,139410,163380
17-2199,KS,780,0.55,83750,50150,60210,76100,101790,139360
17-2199,KY,500,0.25,103210,61150,82300,99830,124790,152970
17-2199,LA,6310,3.29,108750,63140,80630,99070,131330,162000
17-2199,MA,2850,0.79,134140,83740,103010,131260,162470,187010
17-2199,MD,7340,2.68,129030,60780,83840,129770,172580,195190
17-2199,ME,590,0.93,118400,78440,99620,120430,135260,155150
17-2199,MI,7700,1.77,118500,69990,95760,121000,135410,166360
17-2199,MN,1290,0.44,125830,73790,87840,108850,132410,167120
17-2199,MO,1850,0.63,108820,63170,73730,102980,136240,168530
17-2199,MS,480,0.42,108910,44400,75890,111030,141130,166000
17-2199,MT,240,0.47,99730,62100,79750,97470,124990,136990
17-2199,NC,4270,0.87,117080,63130,85240,112450,140790,173370
17-2199,ND,220,0.52,104700,64210,67850,100250,127920,154910
17-2199,NE,300,0.29,90860,40630,48340,88490,119600,136260
17-2199,NH,610,0.9,127190,73420,97960,128130,157300,187910
17-2199,NJ,4540,1.07,133380,80350,93670,132450,170460,195190
17-2199,NM,2190,2.54,151130,90880,119430,162070,180190,203280
17-2199,NV,870,0.57,111070,48630,77390,103780,133370,189750
17-2199,NY,5760,0.6,124360,73410,94400,117600,154310,192900
17-2199,OH,7000,1.27,121590,72330,88100,120470,155510,175340
17-2199,OK,860,0.51,115900,71890,95040,119810,138400,158040
17-2199,OR,2030,1.04,126880,77380,96210,123220,157000,184920
17-2199,PA,3250,0.54,112350,61390,79890,108950,138580,164650
17-2199,RI,380,0.77,128610,57180,84200,117080,166300,199410
17-2199,SC,1280,0.56,119130,65240,88750,110490,139760,180960
17-2199,SD,110,0.23,115630,82250,99300,112260,129960,156890
17-2199,TN,4400,1.36,100160,54620,72560,96640,125420,155960
17-2199,TX,10820,0.78,121890,64430,93380,115810,153940,177780
17-2199,UT,1750,1.02,113790,63770,83760,110320,136990,163340
17-2199,VA,5060,1.24,145830,84590,116920,148160,181660,195190
17-2199,VT,390,1.29,128090,80740,96340,126550,174900,174900
17-2199,WA,3580,1.02,138660,81280,109550,134570,168550,196120
17-2199,WI,690,0.24,112990,74810,90640,110360,129960,155460
17-2199,WV,660,0.95,115630,65710,81730,118800,136990,169500
17-2199,WY,110,0.4,113140,76500,88610,113050,136660,144040
17-3011,AK,220,1.02,,,,,,
17-3011,AL,1010,0.71,57890,39040,46420,57100,68850,77630
17-3011,AR,980,1.12,65910,49880,57760,62420,74100,81490
17-3011,AZ,2120,0.98,69550,44930,58410,64750,79960,99450
17-3011,CA,11400,0.94,80360,49850,62220,76520,96300,114600
17-3011,CO,3570,1.86,78240,48980,61570,76370,92310,107990
17-3011,CT,810,0.72,73150,51220,64250,76290,79720,90590
17-3011,DC,370,0.8,96900,67850,78960,97880,118490,120190
17-3011,DE,290,0.9,70130,48810,58530,73040,80710,88020
17-3011,FL,7530,1.14,65550,43680,48380,62640,77580,95150
17-3011,GA,3970,1.22,75040,46530,56930,74940,79790,108610
17-3011,HI,610,1.46,68230,48940,56220,63510,82290,95170
17-3011,IA,980,0.95,69410,45760,57500,64220,80390,102060
17-3011,ID,1010,1.77,66900,45490,52080,61840,76000,97080
17-3011,IL,1310,0.32,63050,45760,48690,58240,74790,88040
17-3011,IN,2240,1.05,64350,43430,50220,60000,74810,93560
17-3011,KS,630,0.65,63790,41950,52220,62220,72290,86380
17-3011,KY,870,0.65,62850,38780,48140,60120,74870,86530
17-3011,LA,1040,0.8,68500,43700,48090,61010,81560,107130
17-3011,MA,2660,1.1,77110,56850,64270,76990,82460,102660
17-3011,MD,910,0.49,75990,48670,61870,75180,86550,103690
17-3011,ME,440,1.02,68240,48450,57840,66200,78470,93810
17-3011,MI,2100,0.72,62210,40390,48410,58330,73800,90750
17-3011,MN,1930,0.98,72220,52000,61450,70680,80780,98110
17-3011,MO,2270,1.16,66460,44760,55230,61940,76360,90200
17-3011,MS,330,0.42,60660,42740,50790,59920,67800,81010
17-3011,MT,600,1.75,67500,48810,58390,65750,77510,84480
17-3011,NC,2680,0.81,66430,42790,51780,62750,78670,95540
17-3011,ND,380,1.34,67570,47430,58610,64720,77040,92820
17-3011,NE,850,1.24,65950,46580,54170,61550,77030,87260
17-3011,NH,400,0.88,68940,52740,58580,65300,76200,90710
17-3011,NJ,2280,0.8,67820,44700,56880,62960,78000,96120
17-3011,NM,690,1.18,57740,42560,43670,50230,75130,81000
17-3011,NV,1100,1.06,72990,45570,57320,67000,82100,102650
17-3011,NY,7380,1.14,78160,49390,60890,76260,93840,113400
17-3011,OH,2860,0.77,64030,44700,48710,61450,76710,87160
17-3011,OK,1260,1.11,64410,43170,48060,62140,76190,91330
17-3011,OR,1490,1.13,74430,57020,62870,74000,80510,98410
17-3011,PA,5370,1.33,69080,46740,54560,64800,79570,96680
17-3011,RI,240,0.71,73900,52000,61640,71700,83960,105650
17-3011,SC,1170,0.76,68320,46410,50110,64680,79320,100970
17-3011,SD,460,1.52,55530,41070,46660,52470,61160,72940
17-3011,TN,1310,0.6,70720,45050,57140,69220,80480,98020
17-3011,TX,11710,1.25,68600,44950,50810,63320,81050,100350
17-3011,UT,1820,1.58,69460,48290,56020,64290,80860,96270
17-3011,VA,2600,0.95,67510,47170,53940,63450,76800,93970
17-3011,VT,230,1.12,61820,47410,47460,61000,73550,78930
17-3011,WA,2530,1.07,74420,55990,61040,73000,83920,102180
17-3011,WI,2200,1.12,68880,48840,57380,62930,78620,96830
17-3011,WV,330,0.7,68290,40520,48290,65640,84680,100710
17-3011,WY,200,1.06,64460,51080,57270,63730,72570,78470
17-3013,AK,50,0.55,,,,,,
17-3013,AL,440,0.81,61230,39630,45160,53600,76960,89600
17-3013,AR,250,0.74,64200,48850,51860,59960,70750,81010
17-3013,AZ,630,0.76,72030,46360,57700,67410,80660,104870
17-3013,CA,3640,0.78,86750,50200,65900,82510,102860,128160
17-3013,CO,580,0.78,93270,57700,70420,85280,117240,127880
17-3013,CT,450,1.02,71180,42530,56110,68830,86800,103380
17-3013,DE,160,1.26,61690,49000,52670,57110,67990,84750
17-3013,FL,1540,0.6,70180,45760,55830,68050,79280,100400
17-3013,GA,820,0.65,74150,49920,59900,66670,83960,107140
17-3013,IA,630,1.58,66820,46760,54230,63330,79900,95370
17-3013,ID,330,1.49,68050,46190,48900,59050,86420,104100
17-3013,IL,450,0.29,71290,56710,56710,63320,81480,94930
17-3013,IN,1300,1.58,65210,45470,52000,62820,77270,88470
17-3013,KS,540,1.47,71170,45870,52610,65250,82840,100380
17-3013,KY,510,1,70230,50530,61990,68880,74990,96020
17-3013,LA,420,0.85,86680,44460,57980,77730,122330,142240
17-3013,MA,620,0.67,79060,52660,61990,75490,96570,108020
17-3013,MD,360,0.51,81200,51890,59620,76740,100090,123090
17-3013,ME,620,3.75,68780,52170,61470,76360,76360,76360
17-3013,MI,2030,1.8,75920,47100,57720,72280,94900,112170
17-3013,MN,1220,1.61,73850,52380,62940,73090,79870,100080
17-3013,MO,870,1.15,73680,49750,58360,66350,84430,108120
17-3013,MS,260,0.88,66140,38520,47720,60460,80270,105120
17-3013,NC,1350,1.06,62030,45490,49450,59050,71340,84560
17-3013,ND,100,0.86,77950,56380,62220,77570,81740,121580
17-3013,NE,530,2.01,64230,43150,48930,61170,76730,92160
17-3013,NH,,**,61240,39990,45770,55390,74480,87070
17-3013,NJ,690,0.62,86540,55890,72030,83380,99340,121250
17-3013,NM,90,0.4,98460,52840,85730,89940,128400,131340
17-3013,NV,250,0.64,78230,43010,56880,75830,94260,123050
17-3013,NY,1940,0.78,79250,51990,62640,76490,92610,109530
17-3013,OH,1790,1.26,71460,49400,57720,70580,80360,98740
17-3013,OK,650,1.49,66330,42130,50640,63440,76690,92040
17-3013,OR,410,0.81,80870,53950,59920,74000,96780,122470
17-3013,PA,2330,1.5,70250,47700,53500,63480,78490,95130
17-3013,RI,100,0.76,70850,42070,59460,69290,80780,96830
17-3013,SC,640,1.09,72080,52550,55140,63740,80240,109840
17-3013,SD,100,0.87,56030,41760,47860,52610,65190,68620
17-3013,TN,740,0.88,68100,47440,51360,63390,76540,96210
17-3013,TX,4630,1.28,80450,52000,61710,79380,93600,106080
17-3013,UT,490,1.09,72730,47840,58100,70000,83190,101020
17-3013,VA,630,0.6,71730,47840,60010,69630,83380,94800
17-3013,VT,70,0.84,76120,51700,56610,73040,84100,105980
17-3013,WA,1690,1.85,87150,53500,61560,76820,109480,137690
17-3013,WI,1630,2.15,67960,48010,58390,63770,76550,92260
17-3013,WV,140,0.76,70340,51270,55660,65100,81320,99540
17-3013,WY,60,0.81,65450,49850,50130,61070,65420,92570
17-3023,AK,230,1.13,96490,77210,83590,92760,106650,127740
17-3023,AL,1620,1.25,75430,45500,54860,74500,91840,108720
17-3023,AR,310,0.39,71300,44140,56520,69960,86600,99290
17-3023,AZ,2260,1.14,78830,54480,66140,77960,94640,103170
17-3023,CA,13450,1.21,93750,59590,73550,86090,112200,138400
17-3023,CO,1410,0.8,78830,52110,63560,77440,92560,105350
17-3023,CT,1190,1.14,83040,52420,64720,81390,101600,112580
17-3023,DC,240,0.56,100550,68230,84640,97620,105910,140670
17-3023,DE,130,0.43,73200,49420,61600,67360,83720,107310
17-3023,FL,4710,0.78,73820,49240,59840,73190,84160,101170
17-3023,GA,1630,0.54,78450,48470,61780,78070,88610,108890
17-3023,HI,460,1.19,95310,67280,86440,96200,109950,120270
17-3023,IA,880,0.93,74800,47020,58020,74840,85510,107660
17-3023,ID,650,1.24,73570,40930,57880,77170,86900,99620
17-3023,IL,1980,0.53,86320,56960,66510,85510,101410,120900
17-3023,IN,1800,0.92,75340,47200,58310,70540,86440,115210
17-3023,KS,770,0.87,71340,47810,58640,70310,82040,100480
17-3023,KY,1060,0.86,67980,44830,48780,64120,81940,98370
17-3023,LA,1000,0.84,85250,48940,63570,82990,101630,116080
17-3023,MA,4030,1.81,79000,57670,61910,77710,96630,105820
17-3023,MD,2170,1.29,94540,56200,72220,95830,116590,131810
17-3023,ME,270,0.68,87980,61730,75500,83440,100360,120430
17-3023,MI,2350,0.87,73230,46590,58550,74800,83720,100420
17-3023,MN,1540,0.85,79250,55740,64670,78280,90500,101250
17-3023,MO,1390,0.77,74370,49480,57350,72120,87650,103240
17-3023,MS,650,0.91,81110,49130,65210,81180,95330,113450
17-3023,MT,140,0.44,81470,38210,59430,82050,109010,114620
17-3023,NC,2490,0.83,77890,49880,61630,76040,92980,106350
17-3023,ND,120,0.47,81560,55750,69010,80930,89000,112330
17-3023,NE,710,1.13,69380,48000,59910,65490,80080,93540
17-3023,NH,590,1.42,74640,51000,61080,74560,84580,101140
17-3023,NJ,2250,0.86,87320,58460,72580,85510,103480,118120
17-3023,NM,1000,1.88,92370,59940,75450,96070,111900,124110
17-3023,NV,1140,1.2,91290,50660,74750,88160,101660,130450
17-3023,NY,4390,0.74,77540,48760,60100,77040,90800,111820
17-3023,OH,3260,0.96,69180,48240,57060,63300,77320,96780
17-3023,OK,1170,1.12,81880,52010,62670,80880,98250,112260
17-3023,OR,1920,1.59,79180,54640,62050,77990,93500,105310
17-3023,PA,3470,0.93,75470,47950,59430,76070,92980,99930
17-3023,RI,290,0.95,93610,57460,79720,98600,106810,128280
17-3023,SC,2060,1.46,75840,49470,60400,73450,89320,107590
17-3023,SD,200,0.73,61250,47180,49590,58340,73430,85510
17-3023,TN,1820,0.91,66410,36710,49910,63750,80220,96100
17-3023,TX,8960,1.04,73620,41550,52310,74050,88710,105560
17-3023,UT,1420,1.34,74730,44660,60010,72670,90790,104830
17-3023,VA,4670,1.86,86060,56920,64210,79540,102920,123610
17-3023,VT,300,1.62,74930,54440,63800,74760,85080,98610
17-3023,WA,2540,1.17,92720,59440,73930,93930,104860,127020
17-3023,WI,1520,0.84,73700,49470,58570,71880,85300,102350
17-3023,WV,300,0.7,85250,61210,73330,85440,97680,111690
17-3023,WY,200,1.18,92880,58800,81330,99840,108130,111060
17-3026,AL,1010,0.98,68250,44950,50560,66510,77790,98940
17-3026,AR,330,0.51,75760,49260,56910,62210,81930,140540
17-3026,AZ,2080,1.32,70060,41850,57230,66040,82870,101730
17-3026,CA,5710,0.65,80610,50590,62290,79070,96460,105410
17-3026,CO,930,0.66,73050,50580,60020,66850,81850,100370
17-3026,CT,670,0.81,73540,51560,61170,69260,82210,102620
17-3026,FL,3110,0.64,63030,38690,47260,61350,75260,91980
17-3026,GA,1840,0.78,69470,47520,55650,65060,80690,96100
17-3026,IA,710,0.93,68650,51550,58250,64410,77430,86390
17-3026,ID,300,0.73,71750,48630,54680,63150,81380,103670
17-3026,IL,2260,0.76,71950,48480,57620,71090,81240,99200
17-3026,IN,2560,1.65,64380,40930,49140,63110,77740,82160
17-3026,KS,570,0.82,61540,39300,49420,61000,69050,82250
17-3026,KY,1330,1.36,64180,44600,50840,61140,74450,84320
17-3026,LA,820,0.87,,,,,,
17-3026,MA,2070,1.17,70470,49950,59400,71830,79950,90970
17-3026,MD,490,0.37,83670,62500,63090,79090,99330,115300
17-3026,ME,310,0.98,70600,41600,60320,63070,84260,94370
17-3026,MI,5410,2.53,69140,48550,56600,64510,80190,98460
17-3026,MN,5380,3.75,72070,50760,60270,70490,80390,95680
17-3026,MO,1220,0.86,70900,44560,52450,62440,83790,104300
17-3026,MS,,**,57310,40220,40220,50180,74380,82010
17-3026,MT,90,0.37,70370,50140,50140,60330,77940,119640
17-3026,NC,1940,0.81,72630,48240,57320,69720,84340,100920
17-3026,ND,100,0.5,65560,46710,55650,64060,78240,82500
17-3026,NE,240,0.49,62550,49240,49240,59970,70620,82370
17-3026,NH,620,1.88,71460,51170,60190,69650,80150,93570
17-3026,NJ,920,0.44,74540,46330,59320,72890,95520,99800
17-3026,NM,480,1.13,70270,51340,61140,61280,77830,103370
17-3026,NV,990,1.31,67180,53710,60890,61470,76520,80690
17-3026,NY,4090,0.87,70630,48380,58980,70290,78100,96840
17-3026,OH,5340,1.98,68110,48020,53660,65490,77600,86080
17-3026,OK,750,0.9,77090,51230,61170,79330,88900,105210
17-3026,OR,910,0.96,73530,55090,61350,75760,79980,98730
17-3026,PA,1790,0.61,68800,46440,53090,65260,79310,98230
17-3026,RI,170,0.71,66190,47790,49850,59420,77970,83660
17-3026,SC,2400,2.15,68440,46450,56840,70080,79540,83860
17-3026,SD,310,1.4,58490,42890,49810,54570,63280,80990
17-3026,TN,2650,1.66,60530,43990,48760,58070,72230,82430
17-3026,TX,5060,0.74,70290,45650,49010,62020,80070,103340
17-3026,UT,1400,1.67,72920,50450,61580,67490,85450,100730
17-3026,VA,1270,0.64,69740,49100,58610,66310,79180,98630
17-3026,VT,110,0.71,75710,53760,63290,72410,85320,100920
17-3026,WA,1050,0.61,88330,51520,61810,78430,116210,132290
17-3026,WI,2660,1.86,65580,47070,54670,65270,76100,82990
17-3026,WV,140,0.42,60160,35920,44150,57240,70330,95920
17-3027,AK,70,0.93,,,,,,
17-3027,AL,400,0.82,64030,46370,50060,60350,74390,78690
17-3027,AZ,730,0.97,71680,49570,58830,72090,79790,99020
17-3027,CA,3660,0.86,91570,57950,69490,87390,104220,124740
17-3027,CO,330,0.5,79240,54650,60270,77090,85810,109650
17-3027,CT,350,0.88,81540,49350,63150,82660,100450,128460
17-3027,DE,50,0.43,75980,53980,66450,77820,80510,99190
17-3027,FL,540,0.24,59650,37830,38600,59720,74640,82410
17-3027,GA,560,0.5,78160,48170,56530,73870,99820,128540
17-3027,IA,500,1.37,78060,52430,62270,71670,85730,125300
17-3027,ID,30,0.16,68450,55120,56880,68310,77010,84220
17-3027,IL,1170,0.82,79370,51360,62530,77020,86660,121460
17-3027,IN,1500,2.01,76020,49610,61990,77220,90280,99380
17-3027,KS,410,1.24,67860,48560,50130,55390,73510,100360
17-3027,KY,520,1.12,76300,48690,63320,77990,92420,97880
17-3027,LA,270,0.59,119750,47060,74900,102800,177240,177310
17-3027,MA,1310,1.55,71030,53200,61530,62390,82970,95460
17-3027,MD,640,1,83690,51750,62550,79180,98830,124060
17-3027,ME,220,1.45,72240,49920,61600,76790,77320,102730
17-3027,MI,4930,4.81,71510,46110,54080,68170,81160,98980
17-3027,MN,400,0.58,67350,45000,49820,63990,80390,85640
17-3027,MO,800,1.17,91740,62050,75290,92150,102380,127480
17-3027,MS,220,0.81,70330,49240,60040,70570,73940,91170
17-3027,NC,1190,1.03,66850,48550,53070,62360,76650,91160
17-3027,ND,90,0.91,79000,56160,63540,76440,82940,122390
17-3027,NE,250,1.06,78670,52590,60290,80050,99640,99640
17-3027,NH,570,3.58,70080,54570,61520,66740,78880,85490
17-3027,NJ,260,0.26,70140,46350,57320,65180,83390,99860
17-3027,NM,320,1.57,92890,56400,76750,97560,118800,122690
17-3027,NV,420,1.17,76890,47030,53520,72950,94260,118650
17-3027,NY,1140,0.51,75030,46290,61370,78210,82870,103660
17-3027,OH,1800,1.39,75150,48820,63610,78500,84390,97740
17-3027,OK,490,1.24,68160,49390,58920,61480,76810,97650
17-3027,OR,260,0.56,78990,52720,64920,80840,88830,104850
17-3027,PA,1620,1.15,73860,49620,56480,70820,85480,100630
17-3027,RI,30,0.27,94080,56470,63280,81600,140960,140960
17-3027,SC,1290,2.4,72340,49350,60280,69580,84430,96610
17-3027,SD,110,1.04,57580,45150,48990,53670,64900,77980
17-3027,TN,580,0.76,66430,46320,52160,62270,78150,94160
17-3027,TX,2140,0.65,81660,48530,59580,76610,102990,123620
17-3027,UT,900,2.24,65200,48370,51100,61870,76610,88110
17-3027,VA,670,0.71,73100,46090,60040,75650,81090,98320
17-3027,WA,890,1.07,86940,59150,62240,79410,105020,125450
17-3027,WI,900,1.31,70850,47880,62450,67850,80380,90150
17-3027,WV,200,1.2,55060,32290,45940,47660,67770,79160
19-1011,AR,60,2.5,,,,,,
19-1011,CA,140,0.37,,,,,,
19-1011,GA,60,0.6,,,,,,
19-1011,IA,60,2.04,100940,50580,59280,75290,135690,186390
19-1011,IL,,**,50640,39630,44350,47930,47960,66510
19-1011,KS,,**,88630,59370,63200,80090,112190,126760
19-1011,KY,30,0.84,,,,,,
19-1011,MD,190,3.48,91580,59950,64350,77750,109970,147580
19-1011,MI,80,0.9,60600,47080,48850,60010,66320,87330
19-1011,MN,100,1.7,114380,63520,76530,88640,143610,202910
19-1011,ND,40,5.04,82190,51320,53390,72100,90710,153500
19-1011,NE,210,10.49,71280,48150,48730,55300,98820,118980
19-1011,OH,90,0.81,,,,,,
19-1011,PA,90,0.72,90580,59010,69490,77660,82880,167260
19-1011,SD,90,9.69,79940,50660,63420,77300,101990,101990
19-1011,TX,40,0.13,129960,44490,76110,132830,182590,211650
19-1011,WA,40,0.5,86440,63730,63730,83160,95220,112450
19-1011,WI,280,4.75,93390,57400,70150,84310,100300,153570
19-1012,AL,60,0.31,96280,58510,82730,97480,113640,122790
19-1012,AR,310,2.82,98310,49120,62410,84330,133450,165790
19-1012,AZ,,**,89580,55890,80950,90450,91240,134320
19-1012,CA,2210,1.44,97980,60060,74660,93950,120100,140810
19-1012,CO,320,1.31,104170,66280,74830,99580,130830,161640
19-1012,FL,170,0.2,101960,48090,73380,101160,118230,139480
19-1012,GA,560,1.38,88710,31030,47420,86050,119940,151280
19-1012,IA,380,2.87,82570,50230,65170,82010,103940,111310
19-1012,ID,140,1.98,74680,41600,47840,77440,84970,117340
19-1012,IL,780,1.53,103030,63730,72470,94340,129500,166670
19-1012,IN,300,1.12,72490,44180,49460,69350,92060,108410
19-1012,KS,380,3.19,93910,51670,65040,85130,110170,146820
19-1012,KY,170,1.04,96080,47480,70850,98710,122320,137650
19-1012,MA,420,1.38,116780,68990,87480,103580,149830,183260
19-1012,MD,270,1.18,100610,59640,73680,93330,131580,145650
19-1012,ME,30,0.58,88090,56300,63560,89480,107010,122480
19-1012,MI,430,1.15,85700,55620,63030,76940,100270,134910
19-1012,MN,670,2.7,103960,61360,80810,99280,134370,152600
19-1012,MO,390,1.59,103780,57400,78630,105930,126680,154540
19-1012,MT,30,0.72,57790,40070,48350,52230,62520,76250
19-1012,NC,230,0.56,86800,49850,67760,79840,105780,138460
19-1012,NE,230,2.64,81210,50710,55570,72230,99100,129740
19-1012,NJ,630,1.76,112340,64330,80020,104340,132150,167470
19-1012,NM,30,0.44,76070,53170,56970,79130,93870,100350
19-1012,NV,50,0.37,82220,52890,74690,80580,89890,106660
19-1012,NY,660,0.81,96840,58740,75790,94070,113220,137570
19-1012,OH,270,0.59,78810,46870,49670,76780,95140,121830
19-1012,OK,50,0.32,90900,63030,72340,84750,99860,127780
19-1012,OR,270,1.64,84820,58390,68150,81660,98630,118250
19-1012,PA,400,0.79,86640,54460,64460,83380,101230,120730
19-1012,RI,40,1.03,85530,65580,78560,87970,89990,100590
19-1012,SC,90,0.46,111910,41140,70310,108660,152250,163900
19-1012,SD,90,2.3,87850,41990,59650,71330,137250,147530
19-1012,TN,70,0.25,84820,64660,69150,81760,95210,105670
19-1012,TX,840,0.71,90910,46810,63330,90610,107610,136100
19-1012,UT,120,0.81,87460,53200,61520,73280,111530,126410
19-1012,VA,70,0.21,100340,66000,73970,93590,129730,160700
19-1012,WA,250,0.85,101900,56520,77170,94990,128890,162740
19-1012,WI,410,1.67,89380,57410,66860,83020,107000,131840
19-1013,AK,30,0.92,102230,73690,78290,100320,121160,167160
19-1013,AL,110,0.52,76640,27270,50660,63010,88510,146810
19-1013,AR,110,0.85,,,,,,
19-1013,AZ,270,0.83,81680,40250,46190,83840,108740,124900
19-1013,CA,1440,0.78,99260,49350,73270,91930,120310,154830
19-1013,CO,460,1.57,107330,52420,61930,75430,105410,288300
19-1013,CT,200,1.17,85750,56970,60440,67630,112050,130820
19-1013,DC,60,0.79,110880,79230,82400,107140,121680,156750
19-1013,DE,60,1.21,77740,59500,65310,65310,77990,107620
19-1013,FL,270,0.27,98800,48940,77270,103240,115210,125250
19-1013,GA,210,0.43,77100,46630,54420,65170,90040,123040
19-1013,HI,60,0.99,89530,57000,71380,84390,107440,117350
19-1013,IA,960,6.07,104430,56270,73170,96310,136360,170820
19-1013,ID,540,6.19,96080,58440,67120,95150,110230,167960
19-1013,IL,820,1.33,89520,48160,62690,79490,107280,141510
19-1013,IN,440,1.36,92030,57000,66790,80030,112660,154990
19-1013,KS,380,2.64,76490,35220,54160,65670,95340,129130
19-1013,KY,140,0.67,76110,57090,61170,67340,86890,107010
19-1013,LA,170,0.88,67160,35360,55320,60200,78870,106150
19-1013,MA,,**,77160,63110,67000,69880,89830,89830
19-1013,MD,200,0.7,97590,53630,63480,85020,111530,173440
19-1013,ME,30,0.51,84180,49480,61770,78250,101140,128760
19-1013,MI,570,1.28,75210,50640,57360,65390,82870,130100
19-1013,MN,750,2.5,88200,50490,65120,79610,110640,136160
19-1013,MO,220,0.74,83970,46710,51150,76080,100620,135760
19-1013,MS,100,0.81,82750,45880,47860,72690,96100,153570
19-1013,MT,230,4.43,77540,58290,63130,73920,84750,105580
19-1013,NC,570,1.14,85790,47430,59200,76330,102890,136830
19-1013,ND,410,9.5,77170,53590,60640,65320,97890,117010
19-1013,NE,640,6.18,76950,40030,51630,77500,93680,121060
19-1013,NJ,130,0.3,91400,51420,73570,91970,102440,128920
19-1013,NM,90,1.01,76290,52240,62280,69480,89270,102860
19-1013,NV,90,0.56,76110,50000,59320,71450,87240,114990
19-1013,NY,260,0.26,89490,58610,63560,77800,104910,134230
19-1013,OH,320,0.58,65870,39150,47820,56820,81120,103400
19-1013,OK,100,0.6,64520,35550,40680,63910,87210,106380
19-1013,OR,620,3.12,89040,63960,73090,85150,102040,117000
19-1013,PA,200,0.33,78720,46750,53880,70550,100090,124560
19-1013,SC,90,0.4,77940,37900,49330,78850,97460,108890
19-1013,SD,480,10.32,79240,51980,60180,73590,93640,120970
19-1013,TN,370,1.13,72540,45510,47880,61950,83270,103620
19-1013,TX,500,0.35,,,,,,
19-1013,UT,90,0.5,67370,39480,49350,59900,84090,100420
19-1013,VA,140,0.33,78520,51040,62690,73920,89870,113860
19-1013,VT,,**,66690,58190,58210,58220,76200,78690
19-1013,WA,520,1.43,89180,63210,65650,79970,103360,131220
19-1013,WI,680,2.27,68620,44620,60620,66200,78020,89190
19-1013,WY,50,1.82,69430,49150,49990,55680,81120,103380
19-1021,AL,90,0.2,64020,47090,48510,48510,64110,85520
19-1021,AR,,**,98290,65030,71310,82390,152020,152020
19-1021,CA,3240,0.82,148550,83580,105920,139580,179990,208210
19-1021,CO,960,1.53,,,,,,
19-1021,CT,540,1.47,136300,97200,98220,132670,158370,170700
19-1021,DC,70,0.43,121400,62080,62540,120090,182100,182100
19-1021,DE,490,4.62,104270,62210,82770,101880,137620,155080
19-1021,FL,370,0.17,157820,63950,91040,157390,186000,279970
19-1021,GA,110,0.1,110160,77280,77500,85680,97890,228170
19-1021,IA,140,0.41,96820,65950,79440,101090,103930,136840
19-1021,IL,150,0.11,102640,60060,67030,87010,136040,173140
19-1021,KS,140,0.44,104910,63550,83190,97850,130620,153340
19-1021,KY,40,0.09,97830,57020,65870,74710,95720,199580
19-1021,MA,14890,18.81,139290,79560,103040,131600,165150,208130
19-1021,MD,690,1.15,104090,65510,69120,100650,128440,159330
19-1021,ME,390,2.8,97060,66570,81310,84560,108600,132830
19-1021,MI,730,0.76,110590,58580,77440,109340,141590,142350
19-1021,MN,190,0.3,88070,62370,68790,81280,102720,126930
19-1021,MO,290,0.45,90910,64760,75710,79550,100300,132420
19-1021,NC,570,0.53,102050,62850,67140,82220,119960,160940
19-1021,NE,70,0.31,71550,51470,51470,66910,78690,89240
19-1021,NH,200,1.33,109450,73240,86220,109770,136220,139380
19-1021,NJ,2570,2.75,121470,80070,98670,122620,136890,162240
19-1021,NV,,**,87750,42050,55160,69220,125930,149430
19-1021,NY,980,0.46,108140,66140,82610,101080,127650,165710
19-1021,OH,350,0.29,93360,58580,70720,90000,108010,138490
19-1021,OK,70,0.18,73800,51750,56560,69130,77360,101100
19-1021,PA,2750,2.08,137680,82890,105490,134090,171450,172820
19-1021,RI,,**,84670,64550,65300,76710,91920,135980
19-1021,SC,60,0.13,110710,70270,83190,109080,127860,149130
19-1021,TN,60,0.08,150580,82140,115270,134560,188180,229640
19-1021,TX,520,0.17,116270,61820,78650,97510,129330,222850
19-1021,UT,160,0.44,100670,49870,66960,81990,102080,157320
19-1021,VA,70,0.08,126950,74640,104990,105780,131300,221880
19-1021,VT,40,0.63,,,,,,
19-1021,WA,270,0.34,98000,64010,79550,98840,107950,128040
19-1021,WI,170,0.26,118620,85730,96720,106480,124190,146380
19-1022,AK,30,0.85,78560,62060,64400,76320,87330,93920
19-1022,AL,110,0.44,69120,38350,49000,65690,76160,96660
19-1022,AR,140,0.88,82120,42580,49300,59750,106330,145270
19-1022,AZ,80,0.2,72040,52530,57680,69880,85690,93310
19-1022,CA,2600,1.17,114790,62440,80060,108530,141360,183420
19-1022,CO,370,1.07,91930,49690,66750,81640,118560,152730
19-1022,CT,180,0.88,93070,60800,67960,86360,108490,134040
19-1022,DE,190,3.17,88280,59040,64030,82770,107810,128480
19-1022,FL,270,0.22,87610,46090,59510,80930,106900,135710
19-1022,GA,880,1.48,108930,66510,87990,103070,126300,158020
19-1022,HI,60,0.81,71820,56050,60650,70970,79860,89810
19-1022,IA,180,0.95,91170,66780,68680,79830,104290,138090
19-1022,ID,70,0.66,73080,48660,57560,65940,76650,100510
19-1022,IL,1470,1.98,93850,59780,66770,92050,112210,127300
19-1022,IN,150,0.38,84570,55460,60710,77900,92420,120020
19-1022,KS,120,0.7,78920,50570,61510,70500,92350,118560
19-1022,KY,80,0.32,75570,55100,63400,66500,85740,123070
19-1022,MA,1960,4.42,119700,75990,97930,122350,142220,162760
19-1022,MD,1590,4.72,114990,59260,77810,108470,140670,185520
19-1022,ME,30,0.41,,,,,,
19-1022,MI,370,0.68,80240,52470,64370,78680,92600,103150
19-1022,MN,290,0.8,95220,58050,70840,83400,110580,138280
19-1022,MO,140,0.38,94410,54540,56910,78590,125430,163130
19-1022,MS,,**,67720,44010,46130,61690,67840,115210
19-1022,MT,80,1.35,104520,53940,62940,87750,133470,171600
19-1022,NC,1050,1.75,95490,57710,66630,85860,111200,138600
19-1022,NE,90,0.7,87580,57160,63830,72470,98890,166000
19-1022,NH,170,2.06,82630,57540,69420,79430,94380,111120
19-1022,NJ,790,1.51,95920,57840,80010,96020,112860,131700
19-1022,NV,110,0.58,85220,51990,58780,64490,110200,125860
19-1022,NY,1050,0.89,93220,65020,77380,81090,106490,134960
19-1022,OH,530,0.78,79300,46420,51220,72500,97010,129590
19-1022,OR,170,0.72,97510,65600,77320,89220,102970,141130
19-1022,PA,670,0.91,86370,50300,59280,84650,105110,132040
19-1022,SC,100,0.34,72030,51820,62310,64740,77780,98460
19-1022,SD,80,1.52,75990,40820,52040,70530,81420,107200
19-1022,TN,210,0.52,87520,52880,64940,77630,99350,143220
19-1022,TX,920,0.53,72510,45850,54970,66450,82650,103820
19-1022,UT,120,0.55,79830,46960,56730,72600,96990,123120
19-1022,VA,280,0.56,94580,55120,55130,77820,129250,161470
19-1022,WA,340,0.79,84170,53490,63770,77690,96650,129480
19-1022,WI,420,1.18,73280,46030,53390,67100,84080,109040
19-1022,WV,40,0.43,70360,42740,51930,68550,76490,82680
19-1023,AK,650,17.18,91560,59280,71390,90370,106870,126920
19-1023,AL,290,1.17,74110,47120,55640,74290,81670,99600
19-1023,AZ,410,1.07,71270,48400,51720,66880,82870,96100
19-1023,CA,2210,1.04,111800,58380,75250,98530,168170,177760
19-1023,CO,730,2.18,86710,60590,69620,83300,99850,116390
19-1023,CT,110,0.53,84390,50440,68060,77300,98980,118110
19-1023,DC,140,1.74,117980,85190,85200,107050,140670,161470
19-1023,FL,1400,1.21,61260,39900,45690,52750,65170,97660
19-1023,GA,200,0.35,73880,54970,56920,66210,77540,115150
19-1023,HI,170,2.28,92250,65650,71150,84910,105100,125630
19-1023,IA,90,0.52,80120,59850,73520,83000,83000,90420
19-1023,ID,380,3.83,75200,49840,61110,73360,88710,96100
19-1023,IL,250,0.35,82210,55690,61220,79780,97470,112900
19-1023,IN,120,0.33,58170,44180,46600,54670,66080,76900
19-1023,KS,160,0.95,67750,54850,60300,66440,73570,77290
19-1023,KY,150,0.64,64970,46960,51680,61950,75780,83040
19-1023,LA,50,0.21,89860,65400,73920,87460,97470,119430
19-1023,MA,470,1.12,90780,45310,67710,84350,104080,138940
19-1023,MD,250,0.79,104320,63060,74130,107500,114860,156750
19-1023,ME,330,4.48,76560,51690,61530,74490,86960,97680
19-1023,MI,330,0.65,79570,58720,63520,79150,92600,104250
19-1023,MN,720,2.1,71910,45630,55650,68620,84910,101210
19-1023,MO,120,0.35,83160,57620,62060,76400,97470,108080
19-1023,MS,110,0.84,93740,52610,63030,88710,115210,141130
19-1023,MT,430,7.24,78740,62540,65130,78850,86320,96100
19-1023,NC,350,0.6,75060,48370,56470,64620,81330,122120
19-1023,ND,100,2.09,79930,55700,67210,81330,95840,103500
19-1023,NE,140,1.19,60530,45350,50860,57890,63560,83350
19-1023,NH,40,0.52,77110,48660,60600,73560,89960,108850
19-1023,NJ,90,0.19,92150,59420,68040,83030,105930,128790
19-1023,NM,170,1.63,73400,51080,63480,68220,80290,96100
19-1023,NV,190,1.04,79540,49600,61110,75180,88110,119090
19-1023,NY,370,0.33,85340,58240,69240,82640,99100,117860
19-1023,OH,220,0.34,75890,45700,58160,74550,82280,108930
19-1023,OK,120,0.62,64660,48650,54290,62730,69990,88610
19-1023,OR,1010,4.41,85550,54640,68160,85150,98110,113350
19-1023,PA,200,0.28,78660,48060,61710,78540,91770,113920
19-1023,SC,250,0.91,70430,46740,53290,64090,80890,111830
19-1023,SD,170,3.24,69120,53410,56970,65890,78830,87640
19-1023,TN,310,0.81,75360,50840,59210,73570,87730,99330
19-1023,TX,580,0.35,64620,39800,42820,49100,84640,106020
19-1023,UT,370,1.82,73730,51060,61110,73920,83780,96100
19-1023,VA,290,0.61,76780,49960,59440,72340,90230,104920
19-1023,VT,70,2,82320,65690,72450,79620,89980,98340
19-1023,WA,1840,4.44,91970,62070,69380,83780,104750,129850
19-1023,WI,360,1.04,70880,42950,65290,68370,81330,91170
19-1023,WY,320,9.9,74710,56420,64740,74150,81330,90920
19-1031,AK,290,5.3,88860,53830,66080,79260,103110,135120
19-1031,AL,110,0.31,80870,48730,60300,77000,101500,115590
19-1031,AR,230,1.06,77620,51630,61110,73320,96100,109300
19-1031,AZ,410,0.76,71390,47410,53510,66750,81850,104750
19-1031,CA,2110,0.69,88030,53650,64310,79810,104990,132060
19-1031,CO,1230,2.57,89530,57710,67770,84820,108540,134350
19-1031,CT,140,0.5,80940,65430,70920,73860,82050,123320
19-1031,DC,110,0.97,99050,66130,77060,99400,119100,142430
19-1031,DE,80,1.02,66560,48650,52990,63850,74180,89990
19-1031,FL,950,0.57,61760,37110,40830,51130,72820,98360
19-1031,GA,360,0.44,81120,49230,54910,69240,97470,137450
19-1031,HI,220,2.14,76190,42300,47100,65740,95180,132020
19-1031,IA,610,2.36,71620,50320,60070,69240,81730,97870
19-1031,ID,300,2.13,76560,47300,61110,81330,86260,99560
19-1031,IL,730,0.72,75750,42020,51630,69590,95820,117590
19-1031,IN,430,0.8,68990,39200,49000,64570,84070,105020
19-1031,KS,220,0.91,72850,48440,50660,67200,86260,105370
19-1031,KY,180,0.53,74970,45710,53380,71980,96100,106330
19-1031,LA,190,0.6,81950,29520,49990,80190,106330,136990
19-1031,MA,760,1.26,82710,51070,65210,78740,92060,119460
19-1031,MD,470,1.02,89820,57760,66850,83290,107520,128610
19-1031,ME,290,2.75,77100,48150,59180,75900,89960,107680
19-1031,MI,820,1.12,74140,44680,52980,63500,89230,109300
19-1031,MN,770,1.57,74570,45740,51630,71280,88670,106330
19-1031,MO,600,1.22,67070,44570,50560,63130,79920,97680
19-1031,MS,470,2.42,66940,42160,49940,59510,78850,106330
19-1031,MT,560,6.53,76360,48660,57530,73920,88710,106330
19-1031,NC,540,0.65,72190,47190,50300,64460,81920,111740
19-1031,ND,340,4.7,79540,51470,60090,77280,95030,109300
19-1031,NE,220,1.3,77930,54500,63130,76400,94500,106330
19-1031,NH,130,1.14,74300,44340,53380,74650,88460,103710
19-1031,NJ,500,0.7,69610,50340,50540,64020,80930,107240
19-1031,NM,330,2.25,79030,46520,56620,76800,94520,111010
19-1031,NV,210,0.79,72640,36780,48920,73030,92870,107920
19-1031,NY,640,0.4,80440,46580,58670,76990,93350,115210
19-1031,OH,680,0.74,66660,44070,50190,63160,78350,99780
19-1031,OK,310,1.07,72090,42000,51160,71270,86260,106420
19-1031,OR,1020,3.1,89550,61110,70450,80790,104690,130400
19-1031,PA,900,0.89,63760,38560,48310,61480,76500,93100
19-1031,RI,60,0.66,92230,56580,64490,76130,103710,173650
19-1031,SC,300,0.78,60250,37810,42270,52310,69020,96100
19-1031,SD,360,4.66,76060,51100,61110,76400,88710,100420
19-1031,TN,250,0.46,75250,48190,53080,70500,94520,109300
19-1031,TX,1970,0.84,71060,53440,58470,68620,81310,92320
19-1031,UT,410,1.41,80840,55090,63490,78850,100420,104000
19-1031,VA,480,0.7,92610,45910,60190,77380,108890,161470
19-1031,VT,100,2,73780,49750,58140,70130,82160,105420
19-1031,WA,1270,2.14,81300,59700,62240,78450,88790,106710
19-1031,WI,970,1.97,77760,47440,63130,79540,93200,102750
19-1031,WV,160,1.39,75350,42670,47740,69910,91560,133470
19-1031,WY,150,3.24,78740,49940,63810,81310,91170,100420
19-1042,AK,260,0.73,118230,78000,96760,104930,151360,156850
19-1042,AL,,**,84100,51140,60950,68490,82900,135150
19-1042,AR,230,0.16,90290,63050,64200,72530,94590,183430
19-1042,AZ,2190,0.61,115730,70430,81840,116820,136260,154550
19-1042,CA,29830,1.48,140120,81320,109570,136990,162020,180060
19-1042,CT,2410,1.28,126760,68160,85070,116990,140420,187310
19-1042,DC,670,0.86,119310,66100,78160,101940,131810,195190
19-1042,DE,270,0.5,118280,65520,74130,100190,149010,214040
19-1042,FL,6490,0.59,121850,64630,78510,94940,143920,208090
19-1042,GA,1910,0.35,112050,61640,76630,92450,126880,208000
19-1042,IA,1060,0.61,96170,59580,67190,83850,104020,142140
19-1042,ID,380,0.4,112420,59680,76270,83010,102740,288280
19-1042,IL,4700,0.7,93230,59550,65570,82330,104700,143890
19-1042,IN,2010,0.57,98910,63510,68540,81110,110460,151510
19-1042,KS,1070,0.67,110210,62190,72700,84490,126440,219100
19-1042,KY,670,0.3,95680,55320,65020,77580,95240,162590
19-1042,MA,17100,4.24,133550,77790,97520,128210,167940,208490
19-1042,MD,6760,2.21,115930,71150,83020,106000,133400,172520
19-1042,ME,100,0.15,122260,62970,73860,93730,185940,216940
19-1042,MI,2370,0.49,93090,63590,68470,84310,95870,144530
19-1042,MN,6760,2.07,100870,65140,81780,89950,105670,141070
19-1042,MO,3650,1.12,108870,64160,78780,102540,134390,173480
19-1042,MS,440,0.34,61000,41360,41360,54040,72120,84350
19-1042,MT,320,0.57,97050,63820,78820,101950,104660,139770
19-1042,NC,5730,1.05,112360,63800,79780,102980,134560,171170
19-1042,ND,250,0.53,75640,51170,60950,64470,82220,103220
19-1042,NE,620,0.54,84250,52330,66080,80970,93250,111020
19-1042,NH,210,0.28,106480,70090,83080,100650,112890,150030
19-1042,NJ,6120,1.29,138450,77540,95520,129280,164930,216650
19-1042,NM,340,0.36,73930,40660,53230,67100,84280,104710
19-1042,NV,530,0.31,102580,77990,86470,98560,106300,125100
19-1042,NY,7690,0.72,109260,67490,80960,87760,130510,177510
19-1042,OH,4840,0.79,98090,60080,66690,83910,105690,173450
19-1042,OK,920,0.48,89160,60670,66410,76480,92410,140020
19-1042,OR,1030,0.47,128970,69720,83680,111030,168280,205870
19-1042,PA,12630,1.88,120600,61490,76660,99190,160500,214690
19-1042,RI,670,1.21,121140,66370,81720,103370,136340,218940
19-1042,SC,1020,0.4,,,,,,
19-1042,SD,140,0.28,83870,59470,64420,80890,89220,127120
19-1042,TN,4020,1.11,108390,63500,81720,102720,129940,155100
19-1042,TX,11920,0.76,93490,63870,67010,80470,106110,144060
19-1042,UT,1560,0.81,96700,65310,69220,82940,108460,139050
19-1042,VA,4560,1,127300,65540,77120,93620,134940,186810
19-1042,VT,110,0.33,89910,66500,66500,66500,83450,115020
19-1042,WA,6150,1.56,117840,69500,80950,105680,135900,173140
19-1042,WI,2970,0.91,91070,62850,69400,82530,101140,128680
19-1042,WV,330,0.42,100220,61950,72350,82690,106710,173900
19-2012,AL,280,1,147580,74290,103570,139330,195190,227790
19-2012,AR,60,0.36,146880,110390,110390,135820,175050,214000
19-2012,AZ,120,0.29,159730,102160,110430,130500,197260,242730
19-2012,CA,5930,2.48,201930,125390,173450,207490,222760,296740
19-2012,CO,1050,2.77,128830,82340,82340,104580,168240,210950
19-2012,CT,60,0.28,200450,104750,148460,180300,269440,303910
19-2012,DC,480,5.24,156320,86820,123090,157040,195190,202360
19-2012,DE,50,0.72,133760,64570,64570,82590,210590,293950
19-2012,FL,340,0.26,219910,113240,153980,225390,285400,308580
19-2012,GA,160,0.25,179130,79860,106870,144870,240030,288170
19-2012,HI,40,0.46,177940,77190,98680,117190,243740,383510
19-2012,IA,110,0.55,176230,83830,104970,178110,218520,292990
19-2012,ID,,**,148780,85110,108480,135150,175150,199990
19-2012,IL,1590,1.99,139780,81830,82110,137140,175510,221380
19-2012,IN,230,0.54,132050,64000,96720,105940,163320,220040
19-2012,KY,50,0.18,179250,65860,120100,180910,232170,282000
19-2012,LA,40,0.15,152750,85360,101870,166240,189710,214090
19-2012,MA,1150,2.41,130250,82050,82070,106410,170190,213150
19-2012,MD,1200,3.3,166770,105560,132560,174390,195190,219450
19-2012,ME,60,0.7,,,,,,
19-2012,MI,510,0.89,135340,64380,71580,94520,199170,248500
19-2012,MN,110,0.29,201530,131870,152410,171220,284820,336740
19-2012,MO,90,0.22,156130,70550,96720,140460,227810,276590
19-2012,MS,80,0.55,137740,64980,68220,129970,160320,219440
19-2012,MT,30,0.51,125680,53500,74710,103800,139140,237520
19-2012,NC,150,0.23,153120,64050,81370,174180,209210,256860
19-2012,NH,30,0.38,208970,96760,145220,214030,267600,301570
19-2012,NJ,470,0.83,175090,100490,120820,163270,222140,289830
19-2012,NM,580,5.07,176680,120720,160090,165340,203210,235180
19-2012,NV,50,0.27,151470,102580,107530,154030,165110,220070
19-2012,NY,1140,0.9,182580,80000,131600,181970,221590,292950
19-2012,OH,630,0.87,172300,64860,118060,162900,239360,239360
19-2012,OK,40,0.19,162530,61380,64510,200050,233080,249780
19-2012,OR,90,0.33,207370,104370,148800,200320,277840,315910
19-2012,PA,230,0.28,191120,88300,150950,210990,231190,261820
19-2012,RI,,**,169270,86340,111240,155150,187080,298000
19-2012,SC,420,1.38,159280,106510,110600,138400,172350,228440
19-2012,SD,30,0.58,108270,53910,66170,83050,134300,180690
19-2012,TN,240,0.55,171070,88610,107700,165010,236920,239850
19-2012,TX,580,0.31,176530,69960,95530,184040,253070,289950
19-2012,UT,30,0.14,165140,64090,119860,156760,229490,258690
19-2012,VA,940,1.74,159320,97720,112570,145040,195190,238570
19-2012,WA,450,0.96,149060,77860,110940,134790,174630,238430
19-2012,WI,180,0.47,181180,89310,120440,173120,237320,291910
19-2021,AK,,**,93570,61150,65230,94380,106510,135030
19-2021,AL,340,2.49,93820,47330,65230,81080,104300,151300
19-2021,AR,,**,97040,65610,67560,71940,97580,216310
19-2021,AZ,80,0.36,112930,63920,77330,115020,132660,156500
19-2021,CA,510,0.43,127330,82900,105910,124920,144910,175900
19-2021,CO,1150,6.22,115630,76110,85440,104670,140380,165500
19-2021,CT,50,0.41,116270,69370,83970,85110,102130,234100
19-2021,DC,70,1.64,143270,95870,103860,103860,180480,207380
19-2021,FL,270,0.43,114740,52980,89270,115960,144330,172410
19-2021,GA,170,0.54,101890,47260,56200,96820,132900,150300
19-2021,HI,70,1.69,121740,82930,98340,121010,139360,160330
19-2021,IA,100,1.03,89160,50300,74260,76850,111030,139170
19-2021,ID,50,0.96,113340,61110,88610,119430,136990,153570
19-2021,IL,110,0.27,147860,51710,84220,112280,145860,211910
19-2021,IN,80,0.37,125410,67430,84910,103680,128670,155000
19-2021,KS,80,0.89,107280,49940,85110,109300,126440,139210
19-2021,KY,100,0.77,106230,54540,75680,103240,132990,166960
19-2021,LA,70,0.6,102230,49940,75550,97470,125420,136990
19-2021,MA,,**,119440,71290,86550,108050,155150,166140
19-2021,MD,750,4.21,127180,83230,101940,128800,156750,168460
19-2021,ME,50,1.15,103910,51170,69680,103710,136990,153910
19-2021,MI,150,0.54,106510,49580,73920,103210,134130,151110
19-2021,MN,50,0.29,111820,61620,94520,106270,133470,149340
19-2021,MO,160,0.83,108510,60740,84520,114230,130770,147640
19-2021,MT,70,2.12,102700,61110,77350,108890,128670,136990
19-2021,NC,170,0.53,93080,49940,58920,91560,115210,136990
19-2021,ND,40,1.51,94450,48570,61110,91560,126440,136990
19-2021,NE,160,2.44,83250,57140,58850,60540,109300,136970
19-2021,NH,130,3,52790,40350,42340,42820,64400,65100
19-2021,NJ,60,0.2,124250,64210,81470,120180,171190,190780
19-2021,NM,60,1.03,112920,61760,89560,110070,136990,161890
19-2021,NV,120,1.19,121680,64990,82630,109300,149430,191150
19-2021,NY,370,0.59,154830,58670,73350,117540,166640,300530
19-2021,OH,160,0.46,96920,62990,68990,78580,107950,142690
19-2021,OK,420,3.78,86130,44660,48930,76480,115490,136990
19-2021,OR,100,0.82,111370,65830,82680,112260,129960,149060
19-2021,PA,160,0.41,88930,49750,60560,75890,115210,156750
19-2021,SC,150,0.99,93390,60200,75400,82240,102430,136990
19-2021,SD,130,4.46,89140,63350,68220,78900,104380,129960
19-2021,TN,230,1.11,104300,77580,78060,96190,129620,137880
19-2021,TX,720,0.8,86470,46370,66930,84990,95480,131750
19-2021,UT,170,1.5,92780,53060,59670,96520,100650,126440
19-2021,VA,350,1.31,111970,68770,80710,83880,154930,179050
19-2021,WA,190,0.82,113120,76440,85400,94400,124990,160750
19-2021,WI,280,1.49,94270,61110,69320,85870,107970,135670
19-2021,WV,40,0.95,83960,41650,52060,80690,100420,136990
19-2021,WY,40,2.22,100040,63500,76580,99940,122940,132180
19-2031,AK,60,0.35,104520,61840,76430,106010,119820,140800
19-2031,AL,700,0.62,101710,61050,73500,97830,126200,150410
19-2031,AR,380,0.55,86800,46600,57830,75570,106330,131620
19-2031,AZ,870,0.5,92120,53520,62350,81730,119390,135940
19-2031,CA,9820,1.01,106810,60930,76340,97860,127790,164150
19-2031,CO,1790,1.17,106480,61260,77910,101980,132560,162680
19-2031,CT,1170,1.3,104030,65230,78500,98140,126730,144740
19-2031,DC,280,0.74,148840,101400,128610,149860,172560,195190
19-2031,DE,1200,4.65,122170,80500,100800,129860,139820,170290
19-2031,FL,1490,0.28,91600,50200,60980,82740,108640,150840
19-2031,GA,1260,0.48,96910,56760,66310,92750,121830,144870
19-2031,HI,140,0.42,90030,63080,70030,84150,104850,126070
19-2031,IA,570,0.69,94080,65270,68740,86100,106810,137560
19-2031,ID,320,0.71,86120,37230,58480,78000,106750,134850
19-2031,IL,3040,0.94,98420,60740,71160,85230,123290,141310
19-2031,IN,2480,1.46,88080,56960,63790,78770,99870,133140
19-2031,KS,690,0.9,88190,53360,60050,82820,107510,132460
19-2031,KY,530,0.5,86740,54950,64800,84090,98190,126060
19-2031,LA,740,0.72,106810,58310,77160,103890,131950,168460
19-2031,MA,3430,1.77,128930,71120,85830,125000,164760,212210
19-2031,MD,2480,1.69,139100,75430,103840,140670,171310,195190
19-2031,ME,140,0.41,70750,50640,55740,64440,77750,100360
19-2031,MI,3490,1.49,101210,56260,66490,97440,131190,164200
19-2031,MN,1680,1.07,102390,60010,76890,99280,127480,158540
19-2031,MO,1640,1.05,92000,48240,62560,82800,109070,134940
19-2031,MS,200,0.33,87580,52060,62380,80060,102380,130560
19-2031,MT,300,1.1,71860,44260,49400,61890,80160,115390
19-2031,NC,4530,1.72,90800,58170,66760,82620,106240,132020
19-2031,ND,160,0.69,94470,52050,62990,97330,118870,132330
19-2031,NE,350,0.64,84560,62280,64850,74890,98830,128510
19-2031,NH,300,0.84,99570,58260,74550,100050,127160,133960
19-2031,NJ,5280,2.31,96980,60910,75050,84450,109470,144030
19-2031,NM,280,0.61,128630,59490,73070,126960,178480,212940
19-2031,NV,280,0.34,86700,49220,60960,81170,107350,130800
19-2031,NY,4230,0.82,100920,61100,75830,90600,122000,155190
19-2031,OH,4010,1.36,94470,59010,69470,85270,109760,134820
19-2031,OK,630,0.7,81250,48520,59640,74960,105140,112920
19-2031,OR,730,0.7,111320,70320,82000,104590,141720,157700
19-2031,PA,6800,2.11,87990,49800,62430,77090,101550,144860
19-2031,RI,150,0.55,106450,70210,85610,101660,124750,146830
19-2031,SC,770,0.63,90130,54420,64860,79670,105820,139570
19-2031,SD,170,0.7,72750,51270,58940,67440,83590,101030
19-2031,TN,960,0.55,88400,48530,58420,87930,104030,132630
19-2031,TX,5130,0.68,106830,58850,73160,99640,139010,170250
19-2031,UT,910,0.98,85710,54350,63610,80770,101570,129990
19-2031,VA,1640,0.75,104120,52870,65980,96650,136660,166230
19-2031,VT,80,0.47,92730,68640,74420,86120,108300,128420
19-2031,WA,2280,1.21,104480,62690,77390,97420,128500,165090
19-2031,WI,1920,1.22,82560,52020,64760,78730,96720,109450
19-2031,WV,180,0.49,92500,59600,73730,85560,111360,132380
19-2031,WY,80,0.53,99310,52150,76680,102000,127120,127120
19-2032,CA,1030,1.04,189460,96050,131060,177030,233890,300330
19-2032,CO,370,2.35,118330,76820,91030,117290,134050,160770
19-2032,CT,50,0.57,128460,72440,80080,130320,159990,201790
19-2032,DC,,**,141040,132790,135540,137600,137610,161700
19-2032,DE,90,3.42,,,,,,
19-2032,FL,200,0.36,108590,77270,80720,102340,124860,155070
19-2032,GA,350,1.31,99800,63820,66950,91970,117490,154600
19-2032,IA,180,2.09,99050,52450,67590,88320,124100,149020
19-2032,IL,380,1.15,129980,84070,104350,125850,145620,184130
19-2032,IN,320,1.82,127210,53660,82180,130540,190640,197910
19-2032,KS,40,0.55,118360,86800,103630,115490,134830,182780
19-2032,MA,890,4.5,133360,96310,103890,132600,145600,168390
19-2032,MD,270,1.77,113450,69990,77580,112400,135830,165670
19-2032,MI,230,0.97,117800,54240,77160,107410,161330,167940
19-2032,MN,290,1.79,125000,83500,101540,132160,138320,172500
19-2032,MT,50,1.82,75610,55030,55810,71810,79450,129960
19-2032,NC,490,1.84,110700,65720,85580,106470,133480,161870
19-2032,NH,80,2.07,126200,65200,73310,119990,169330,173640
19-2032,NJ,440,1.9,107960,79450,79450,103150,126290,139550
19-2032,NV,100,1.15,96880,78350,86250,97490,98970,121610
19-2032,NY,530,1,138200,87880,106710,131740,167640,204830
19-2032,OH,450,1.47,110640,54620,89790,108830,138120,159130
19-2032,OR,100,0.95,154140,105030,129360,150550,175340,199000
19-2032,PA,100,0.31,107370,68850,79700,106920,123530,159170
19-2032,SC,80,0.65,105730,70060,88990,101930,116510,137490
19-2032,TN,60,0.36,81300,57800,59780,69010,85650,150590
19-2032,TX,300,0.39,90480,50970,62510,72700,114100,151050
19-2032,UT,110,1.13,126590,67360,90430,126840,171770,175440
19-2032,VA,100,0.47,124880,63820,100930,124150,139840,184840
19-2032,WA,290,1.47,139140,76390,98000,127250,163820,209800
19-2032,WI,70,0.47,128070,73650,98160,137700,154540,160640
19-2041,AK,860,4.59,100490,61840,76290,91960,114400,147910
19-2041,AL,870,0.72,74510,41260,52750,72490,85350,114900
19-2041,AR,270,0.36,72360,35580,44930,57220,88710,122270
19-2041,AZ,1970,1.06,92740,57100,64420,80600,103010,160910
19-2041,CA,12490,1.19,112360,65350,81480,106510,132770,161910
19-2041,CO,2580,1.56,98930,65260,65670,85990,106690,140340
19-2041,CT,620,0.64,100040,60820,70200,82070,107380,130620
19-2041,DC,1270,3.15,133190,78270,98410,132620,161470,185220
19-2041,DE,290,1.04,68460,50220,57130,64690,76990,106060
19-2041,FL,5950,1.04,69830,42600,48870,60830,81600,109290
19-2041,GA,1750,0.62,98480,56470,67200,85710,115590,162410
19-2041,HI,670,1.85,80720,53500,60650,79510,92620,111700
19-2041,IA,690,0.77,81670,54340,62080,78780,91070,117040
19-2041,ID,670,1.36,76760,53360,61880,70350,85650,108100
19-2041,IL,1550,0.44,92260,46540,60790,81590,121040,153150
19-2041,IN,1290,0.7,78210,46830,52580,64700,94910,124380
19-2041,KS,590,0.72,87500,56120,64070,78210,106800,136990
19-2041,KY,1000,0.87,71160,48540,56070,71040,78850,94840
19-2041,LA,1600,1.44,82010,49890,58500,69820,95430,132810
19-2041,MA,2930,1.4,104760,63460,79890,100640,127310,139310
19-2041,MD,1760,1.11,93100,57840,65850,84190,106860,137440
19-2041,ME,530,1.45,71400,49280,56470,66480,78060,107100
19-2041,MI,3100,1.23,81800,52300,61120,76080,94520,111770
19-2041,MN,2260,1.34,87840,35510,61570,88000,105850,133570
19-2041,MO,1380,0.82,66360,49140,55000,61050,72880,88710
19-2041,MS,390,0.58,67460,37230,47010,57780,77600,112260
19-2041,MT,570,1.94,85240,64290,66300,80260,93140,124800
19-2041,NC,4150,1.46,80230,49320,61820,74130,93990,125930
19-2041,ND,240,0.96,83820,60110,67020,84570,92340,109300
19-2041,NE,510,0.87,74880,52110,55320,64040,79970,101190
19-2041,NH,480,1.23,85120,59230,66560,80810,100170,111840
19-2041,NJ,3150,1.28,86690,52760,62150,79210,102440,130590
19-2041,NM,940,1.88,92050,60920,76080,86630,104250,129080
19-2041,NV,490,0.55,89850,57570,65370,83050,105530,138740
19-2041,NY,3700,0.67,91410,58240,67040,82160,104310,139490
19-2041,OH,2460,0.77,80820,50610,62210,78540,95120,109490
19-2041,OK,520,0.53,78430,43590,59840,75910,89670,119150
19-2041,OR,1370,1.21,97100,62200,76870,97440,113320,132190
19-2041,PA,3020,0.87,82270,50660,60420,76110,95910,125520
19-2041,RI,330,1.15,104460,66420,79770,100730,123180,139050
19-2041,SC,490,0.37,83920,46200,57030,74910,100320,133470
19-2041,SD,240,0.91,72470,49390,62910,68230,79880,97060
19-2041,TN,1230,0.65,84680,54040,62670,76840,99200,133180
19-2041,TX,5630,0.7,100680,60080,66640,92000,128380,163110
19-2041,UT,1020,1.02,98090,55410,71200,90710,124990,149990
19-2041,VA,2850,1.21,90500,57720,68030,82230,102750,135580
19-2041,VT,490,2.79,83460,58570,63630,77460,97430,111700
19-2041,WA,4470,2.19,103580,71140,79950,98300,127770,153960
19-2041,WI,920,0.54,77840,48580,62560,72820,86610,104360
19-2041,WV,250,0.63,84920,51520,63950,82100,102420,119020
19-2041,WY,410,2.55,76430,58510,61780,74050,85020,100670
19-2042,AK,430,8.78,118750,66330,89400,107410,136700,176940
19-2042,AL,110,0.34,89960,49110,63130,88610,106200,136990
19-2042,AR,70,0.36,76830,49700,61330,67880,91900,125780
19-2042,AZ,550,1.13,90240,57450,63330,85190,105010,131100
19-2042,CA,3350,1.22,108910,45540,73850,106500,138120,171270
19-2042,CO,1480,3.42,132120,70410,82360,114410,162450,210090
19-2042,CT,,**,67580,60620,61160,61810,64550,83440
19-2042,DE,110,1.57,93330,66710,92240,93640,94850,108840
19-2042,FL,660,0.44,103290,55440,69220,95140,119990,164070
19-2042,GA,340,0.46,85320,58500,61570,73920,102270,123550
19-2042,HI,110,1.14,106100,83050,83070,106270,121010,137720
19-2042,IA,40,0.17,77720,61730,63500,74460,89670,95540
19-2042,ID,130,0.98,104530,67200,81940,91170,119430,174800
19-2042,IL,410,0.44,109290,65290,74390,96950,149030,177670
19-2042,IN,270,0.56,76640,45620,56020,68240,89550,127100
19-2042,KS,190,0.87,90000,56680,63690,80080,105680,136390
19-2042,KY,170,0.56,79810,44130,58230,77510,99100,115920
19-2042,LA,440,1.51,100990,51990,60780,91560,131400,158660
19-2042,MA,420,0.77,133880,80370,80940,108210,177130,227230
19-2042,MD,390,0.93,114240,63250,73930,110510,143240,185220
19-2042,ME,70,0.67,91660,73380,79350,86840,99710,131530
19-2042,MI,320,0.49,86420,62160,66130,80990,95650,119960
19-2042,MN,240,0.54,92530,52710,62220,80540,111220,157300
19-2042,MO,260,0.58,91250,57260,67070,83390,108830,130320
19-2042,MS,250,1.41,115470,70970,91560,112400,136990,161890
19-2042,MT,210,2.68,85330,54450,68900,75520,99270,121100
19-2042,NC,570,0.76,100170,63060,71170,95260,125220,143240
19-2042,ND,100,1.52,92300,62300,63560,84070,105200,132080
19-2042,NE,110,0.71,87510,59990,65510,85550,98450,117120
19-2042,NH,,**,98390,63290,72620,101150,109470,157850
19-2042,NJ,300,0.47,93180,63460,70430,88500,100720,141090
19-2042,NM,160,1.24,94290,66390,72690,88530,103380,126260
19-2042,NV,520,2.21,106850,71240,83740,99890,128340,154960
19-2042,NY,600,0.41,97780,64990,72020,86410,109270,139760
19-2042,OH,410,0.49,86230,55990,60820,81220,100860,130690
19-2042,OK,770,2.99,123090,43040,86970,119990,161860,197980
19-2042,OR,380,1.27,103270,66490,80400,98110,116410,140400
19-2042,PA,910,1,92830,61250,68970,84180,109990,129000
19-2042,RI,,**,119270,80570,96470,121010,142480,143980
19-2042,SC,230,0.65,91120,47550,63430,86070,123090,141480
19-2042,SD,80,1.17,72030,61290,64990,71150,75990,78560
19-2042,TN,230,0.47,84130,56230,63790,77870,100340,118110
19-2042,TX,4900,2.31,160070,60100,83280,145220,223850,287180
19-2042,UT,300,1.14,97600,68850,81010,89990,110660,132750
19-2042,VA,300,0.48,105120,62990,71640,88390,127770,183040
19-2042,VT,,**,93070,30800,67030,87070,121850,136200
19-2042,WA,840,1.57,117140,75890,83450,105020,136470,171690
19-2042,WI,110,0.25,88150,58790,67670,78610,100440,132830
19-2042,WV,90,0.87,83010,52770,61180,76060,100420,120250
19-2042,WY,220,5.13,80550,55130,55650,74910,98480,116650
19-2043,AK,60,4.55,108750,73690,87330,108660,126920,132770
19-2043,AZ,400,3.28,100600,64700,75460,86700,113900,160710
19-2043,CA,540,0.79,122940,76110,93640,122110,142500,181360
19-2043,CO,360,3.37,122740,82430,91250,100840,141460,201630
19-2043,FL,280,0.74,84130,58620,68100,76850,91560,119670
19-2043,GA,30,0.18,122030,85990,103080,121830,133720,155920
19-2043,IA,50,0.91,90730,66180,66180,81150,108490,136340
19-2043,ID,160,4.88,86620,58260,63370,78850,109300,135380
19-2043,IL,100,0.45,92640,59070,67590,83720,110110,133430
19-2043,IN,50,0.42,83660,60790,70570,80700,86200,116270
19-2043,LA,,**,108810,74480,80920,104520,121730,184290
19-2043,MA,50,0.38,119710,71510,106160,119350,132480,155150
19-2043,MD,90,0.83,145970,84590,113800,143010,175780,189260
19-2043,MI,40,0.21,105910,81330,89690,101060,127070,136990
19-2043,MN,300,2.7,94300,68620,79000,94580,105440,125300
19-2043,MO,50,0.43,110030,73920,105060,116100,117080,136990
19-2043,MT,190,9.79,92840,63060,81330,84500,104740,115210
19-2043,NC,150,0.8,86330,64320,68900,81770,106090,111050
19-2043,NJ,,**,127450,76810,109990,126680,148380,176480
19-2043,NM,100,2.96,105700,63660,76400,97470,120720,131370
19-2043,NV,170,2.94,116790,77570,89270,107930,134640,164980
19-2043,NY,160,0.44,95000,67760,68720,88100,104420,136590
19-2043,OH,390,1.89,95570,60800,74650,98200,108100,131100
19-2043,OK,40,0.55,97470,61110,76760,97470,115210,126440
19-2043,OR,300,4.06,98910,68040,79660,93690,113350,124900
19-2043,PA,160,0.7,93500,45300,61490,91730,117330,141070
19-2043,SC,100,1.17,74660,57830,57830,65770,78510,115210
19-2043,TN,150,1.18,,,,,,
19-2043,TX,220,0.42,89530,54650,64920,81080,104160,126440
19-2043,UT,80,1.27,97230,61580,76400,94190,114580,136990
19-2043,VA,40,0.25,119240,61990,80520,132080,136660,156750
19-2043,VT,50,4.1,89120,78860,83620,86140,90520,107300
19-2043,WA,350,2.62,123510,80450,88630,105600,153960,194900
19-2043,WI,150,1.37,86040,65290,72070,78770,88710,115920
19-2043,WY,40,4.1,99810,61110,72790,94520,107020,139920
19-3011,AK,80,2.18,121300,80110,90530,111040,141090,141270
19-3011,AL,40,0.15,127060,74520,91210,129960,153570,175170
19-3011,AR,50,0.31,94330,55130,65420,91560,107330,136990
19-3011,AZ,340,0.9,99420,75000,79450,79610,124920,138990
19-3011,CA,860,0.41,133680,74030,91320,119410,164770,207380
19-3011,CO,240,0.74,127020,73450,82430,121410,157350,193480
19-3011,CT,210,1.09,112760,74740,88440,101400,129340,166060
19-3011,DC,3000,37.34,175100,98350,115910,167590,224080,299110
19-3011,DE,70,1.22,149020,74690,102270,159120,167430,214000
19-3011,FL,500,0.44,113290,65850,72880,102430,134180,174900
19-3011,GA,260,0.46,131680,78190,98790,122570,162410,187330
19-3011,HI,50,0.71,89520,66370,71000,83050,96390,120270
19-3011,IA,70,0.4,102020,59980,64210,96310,133970,144750
19-3011,ID,130,1.31,119930,55180,86960,131270,141600,173560
19-3011,IN,80,0.21,96780,47350,47350,80750,144640,163380
19-3011,KS,80,0.5,150950,67610,117810,138790,205780,238990
19-3011,KY,100,0.42,83920,59810,64070,71400,100880,124380
19-3011,LA,140,0.64,89010,60680,66420,73050,93550,136970
19-3011,MA,1030,2.48,133270,74080,91690,106380,155130,222610
19-3011,MD,1130,3.56,146600,93710,118460,144680,178780,195190
19-3011,ME,70,0.9,97410,69140,74190,91480,115920,132950
19-3011,MI,320,0.63,117980,72860,82030,106350,150000,178170
19-3011,MN,500,1.48,117980,58380,63980,105120,142460,197870
19-3011,MO,280,0.84,134000,73260,90060,117010,172880,229510
19-3011,MT,90,1.58,97330,69850,73920,89340,105050,116210
19-3011,NC,290,0.52,136220,35460,79790,136150,172860,224270
19-3011,NE,90,0.74,86280,45000,56350,75880,101540,135300
19-3011,NH,50,0.69,98080,60080,81950,86130,108190,157110
19-3011,NJ,280,0.57,161990,83990,126940,167550,192960,195190
19-3011,NM,120,1.2,,,,,,
19-3011,NV,70,0.42,96620,70960,79750,91340,112820,128420
19-3011,NY,910,0.82,168580,82130,104420,136660,224990,292850
19-3011,OH,140,0.22,132380,69770,89300,120000,164700,216920
19-3011,OK,80,0.4,111010,67490,81420,89980,145270,171650
19-3011,OR,320,1.43,116410,81620,98170,122120,128080,147600
19-3011,PA,560,0.81,117370,64500,81470,115000,138010,164650
19-3011,TN,80,0.21,123810,83610,96170,117650,145220,162670
19-3011,TX,560,0.34,135080,66760,83900,121420,175000,219140
19-3011,UT,50,0.26,,,,,,
19-3011,VA,950,2.01,144880,74600,93920,137590,179730,232410
19-3011,WA,450,1.1,120550,80320,91060,109300,135350,167960
19-3011,WI,280,0.83,91630,53340,72920,84000,110970,132270
19-3041,AK,40,7.45,100910,65340,67570,108170,115260,152620
19-3041,CA,590,2.24,123090,85030,98770,125770,138710,161710
19-3041,FL,160,1.13,86550,39150,41200,46950,125950,171360
19-3041,IL,,**,143940,76320,104580,140770,174320,229480
19-3041,KY,30,1.16,121880,102540,104870,136870,140790,162350
19-3041,MA,250,4.71,123460,65400,83880,106530,145360,190440
19-3041,MD,50,1.34,100930,67770,81380,100660,104630,162680
19-3041,MI,90,1.4,105120,52520,64180,88040,153130,158420
19-3041,NC,170,2.43,129740,69980,82300,126760,169940,212260
19-3041,OH,130,1.59,84440,68040,71680,78850,95620,104560
19-3041,WA,130,2.57,103430,80640,97170,97170,104440,138000
19-3051,AK,230,2.51,90480,60420,77910,93860,105440,112930
19-3051,AL,520,0.86,79360,46650,58100,70710,98960,124040
19-3051,AR,80,0.22,65950,42990,51080,63530,80750,95960
19-3051,AZ,1330,1.44,98940,62670,75510,102400,127660,127660
19-3051,CA,7460,1.44,116480,77430,90330,109610,136070,166950
19-3051,CO,1300,1.59,103950,69670,81870,101340,125230,140750
19-3051,CT,350,0.73,103430,72300,81120,99880,125550,140090
19-3051,DC,120,0.58,135050,98410,110190,137000,156750,170980
19-3051,DE,290,2.08,74150,52120,61720,67110,86410,101680
19-3051,FL,2620,0.93,87080,52930,64520,80720,102240,129350
19-3051,GA,1150,0.83,84400,53970,64600,80030,99290,125940
19-3051,HI,450,2.55,85560,59990,67200,85590,95600,115350
19-3051,IA,300,0.67,79990,55550,65490,79100,92150,107370
19-3051,ID,350,1.43,77270,48990,62220,76500,87380,105540
19-3051,IL,1140,0.66,97270,56190,74230,91360,113530,145660
19-3051,IN,620,0.68,74550,47110,57470,70760,82570,101480
19-3051,KS,250,0.62,87620,58930,64920,82330,100000,128320
19-3051,KY,180,0.31,73590,49690,55360,65000,81260,106330
19-3051,LA,240,0.44,81070,52510,60850,74500,99310,115980
19-3051,MA,1540,1.48,100590,69150,82020,99780,115800,134310
19-3051,MD,900,1.14,96740,62920,74300,88570,113510,140980
19-3051,ME,190,1.03,83690,56480,68470,79120,95610,112810
19-3051,MI,1380,1.1,80120,52060,64280,78510,92520,109930
19-3051,MN,860,1.02,95430,63460,80760,97060,108180,127620
19-3051,MO,440,0.53,83680,52710,62650,80720,97310,128250
19-3051,MS,200,0.61,69110,43370,47280,60300,80330,110410
19-3051,MT,270,1.88,82640,57310,65370,80770,99310,109970
19-3051,NC,1630,1.16,83610,58830,66740,81230,97120,112110
19-3051,ND,210,1.72,87730,61070,71060,78500,101820,129930
19-3051,NE,360,1.24,76570,53770,59390,74830,89040,99820
19-3051,NH,260,1.32,78280,55900,60060,73860,92600,109240
19-3051,NJ,790,0.65,94620,60990,73380,86280,115690,137790
19-3051,NM,270,1.11,78340,57750,61610,77710,86400,104730
19-3051,NV,270,0.6,103380,65530,78490,100040,123520,168740
19-3051,NY,2420,0.88,98560,61460,75750,89630,107170,138330
19-3051,OH,760,0.48,81960,53800,62760,79950,97830,113020
19-3051,OK,350,0.73,84130,53510,62520,81520,104780,120120
19-3051,OR,1010,1.8,100620,68630,83900,103070,113320,132290
19-3051,PA,860,0.5,81790,52010,65940,80810,96500,111070
19-3051,RI,160,1.09,88410,59990,73530,90210,102930,115160
19-3051,SC,530,0.82,79550,52530,61830,75810,91880,112400
19-3051,SD,210,1.6,74900,51670,62040,71180,89290,92760
19-3051,TN,310,0.33,81750,59990,62780,78970,98010,105700
19-3051,TX,2190,0.55,86240,59510,66620,82830,102610,121780
19-3051,UT,500,1.02,87220,56730,66690,84360,101780,125070
19-3051,VA,1740,1.49,93700,61790,70530,86030,107110,133520
19-3051,VT,100,1.18,83070,61400,65810,84750,95100,103540
19-3051,WA,3180,3.15,101590,77190,87990,100990,112650,126340
19-3051,WI,1100,1.31,84470,50230,63950,84290,101870,116240
19-3051,WV,160,0.81,67660,47250,50390,61390,77060,96110
19-3051,WY,110,1.34,76070,52230,60370,70190,93610,110170
19-4021,AK,410,2.82,58040,44720,47110,56470,65590,76860
19-4021,AL,270,0.28,48940,35610,41260,49220,55250,62230
19-4021,AR,420,0.71,51030,34920,41000,46930,61280,73750
19-4021,AZ,830,0.57,59050,44040,48660,53290,68360,81960
19-4021,CA,9210,1.13,78170,46700,56200,71440,93010,121670
19-4021,CO,1990,1.55,63180,49480,49750,59400,79380,79380
19-4021,CT,650,0.85,67040,39520,58860,62360,80970,92180
19-4021,DC,210,0.66,61520,42230,49370,64770,69910,81560
19-4021,DE,180,0.82,59440,44570,48920,58550,67710,77910
19-4021,FL,3170,0.71,52420,36050,38240,48700,62120,78130
19-4021,GA,860,0.39,55190,42940,47620,52420,61110,72420
19-4021,HI,830,2.96,49080,36090,36090,48770,57780,63520
19-4021,IA,800,1.15,54470,39310,48050,48050,63280,72510
19-4021,ID,450,1.16,45870,36030,36750,42130,50290,59010
19-4021,IL,790,0.29,56790,36230,39940,55790,70060,79440
19-4021,IN,1020,0.71,63350,45140,49750,58790,77190,84900
19-4021,KS,480,0.74,58460,36700,46140,51630,70210,82650
19-4021,KY,260,0.29,52530,35280,40360,48910,61230,73040
19-4021,LA,190,0.22,49770,32390,34690,47310,61060,77400
19-4021,MA,8430,5.18,67420,49880,51190,62070,81450,94760
19-4021,MD,3470,2.8,59080,41270,47370,52900,67850,82280
19-4021,ME,510,1.78,59680,46450,50180,60160,64960,79510
19-4021,MI,1160,0.59,52300,38900,43200,51070,60350,67870
19-4021,MN,1400,1.06,53270,40940,47380,48130,58490,73280
19-4021,MO,620,0.47,56470,38800,45480,50640,65450,74600
19-4021,MS,330,0.64,58680,38550,51020,56930,62690,79440
19-4021,MT,430,1.88,52370,40330,48910,49920,56930,64980
19-4021,NC,2460,1.11,60370,41300,48790,61720,66570,79070
19-4021,ND,250,1.28,56250,44950,49290,55330,60680,69150
19-4021,NE,600,1.32,51460,35380,43160,48220,58240,67200
19-4021,NH,240,0.78,57870,41410,48980,55540,66350,77860
19-4021,NJ,1290,0.67,70010,47650,57490,66040,83310,97850
19-4021,NM,140,0.35,51640,40330,46950,49570,56570,61610
19-4021,NV,280,0.4,54100,37620,46200,51680,62000,65930
19-4021,NY,5050,1.16,60960,39040,47820,61210,73240,79630
19-4021,OH,2240,0.9,54910,36400,40410,51080,61480,79490
19-4021,OK,360,0.47,51490,38990,40730,47850,59950,75360
19-4021,OR,1590,1.81,55920,40330,47940,52190,64100,73740
19-4021,PA,2820,1.04,59630,43270,48170,54950,71510,80530
19-4021,RI,140,0.63,57740,43830,44560,45530,78340,79060
19-4021,SC,550,0.53,54730,35710,48470,53040,62190,74890
19-4021,SD,230,1.1,46460,38170,40720,41300,51930,56620
19-4021,TN,1240,0.85,57910,41440,50580,50840,63790,80330
19-4021,TX,2730,0.43,52470,36960,40130,50130,61610,80600
19-4021,UT,710,0.91,57850,40330,46100,52960,62140,82500
19-4021,VA,1820,0.99,57850,40330,48280,53360,66590,79470
19-4021,VT,220,1.62,54670,44390,47400,51190,64890,64890
19-4021,WA,3210,2.02,60770,45720,50420,60800,65600,79580
19-4021,WI,1800,1.37,55120,40330,48480,51750,59300,73570
19-4021,WV,100,0.33,57650,41620,41620,51440,65620,90900
19-4021,WY,190,1.53,51010,40330,40330,46480,56930,62980
19-4031,AK,100,0.82,76020,48800,56680,79380,86470,114430
19-4031,AL,1190,1.53,61020,37990,45690,58150,74820,84930
19-4031,AR,500,1.04,50350,35190,38140,45230,57430,83040
19-4031,AZ,390,0.32,70090,46140,54480,65860,82300,93040
19-4031,CA,6800,1.01,64570,44070,49810,59510,73680,88900
19-4031,CO,1180,1.11,68160,46850,51210,63770,80640,94970
19-4031,CT,510,0.81,60390,41040,48980,57310,70920,81630
19-4031,DC,30,0.12,55130,38670,46810,56530,60680,69820
19-4031,DE,540,3.02,72110,44520,65060,78620,82350,94660
19-4031,FL,1840,0.5,56340,39200,45100,54050,64190,75560
19-4031,GA,850,0.47,62130,42560,50560,58120,66070,94070
19-4031,HI,40,0.18,72990,45760,55570,63910,80810,118610
19-4031,IA,440,0.77,58510,44750,50630,58090,63480,74070
19-4031,ID,170,0.52,54240,36040,43670,54560,63790,77080
19-4031,IL,1320,0.58,65850,40490,48650,61890,80990,95520
19-4031,IN,1990,1.68,61580,37650,46610,59290,75430,94300
19-4031,KS,370,0.7,63190,43170,50550,61560,72130,80840
19-4031,KY,700,0.94,63000,40940,46690,60830,72560,97810
19-4031,LA,960,1.34,85720,47690,69560,85850,102810,111950
19-4031,MA,1780,1.32,70220,48730,59010,67570,81880,92720
19-4031,MD,590,0.58,53990,33550,37060,49280,61710,73090
19-4031,ME,100,0.43,54940,45010,47280,49280,59050,68850
19-4031,MI,2220,1.36,61340,44520,47880,58180,69090,85520
19-4031,MN,870,0.8,68240,48030,55770,62400,80210,92550
19-4031,MO,720,0.66,70700,43960,52540,68550,84400,101140
19-4031,MS,480,1.13,57280,36150,41600,54580,64530,81690
19-4031,MT,240,1.29,64140,41510,47490,52890,78080,102620
19-4031,NC,2660,1.46,61120,45280,47710,59030,74990,83110
19-4031,ND,150,0.93,58600,46840,52160,57760,58390,71260
19-4031,NE,280,0.74,63510,39420,53890,62640,65090,86200
19-4031,NH,220,0.88,48410,32960,37440,48940,56990,65020
19-4031,NJ,2730,1.72,61990,46380,51130,58580,72110,81390
19-4031,NM,250,0.76,62270,45840,47380,55120,72810,97680
19-4031,NV,1050,1.82,65150,44480,49690,61520,77950,86720
19-4031,NY,2200,0.61,62830,41600,49000,60900,75680,83190
19-4031,OH,3120,1.52,62150,42000,47910,59750,72930,86390
19-4031,OK,610,0.96,64110,35410,44260,60020,88490,97380
19-4031,OR,340,0.46,57450,43840,46430,57960,64780,73060
19-4031,PA,2710,1.21,62260,41090,47690,59420,75150,85890
19-4031,RI,190,1.02,62330,38060,46520,61680,70730,102540
19-4031,SC,2080,2.43,68300,48860,55410,75020,75900,81820
19-4031,SD,90,0.54,49750,41530,44640,49030,57660,60430
19-4031,TN,1470,1.21,58170,41290,46360,54840,63470,77990
19-4031,TX,6090,1.17,70480,43970,49580,62580,85910,105650
19-4031,UT,580,0.9,56740,38550,45240,49030,62740,86590
19-4031,VA,1370,0.9,55460,34390,41460,51850,65460,80680
19-4031,VT,150,1.37,69860,49530,54440,65560,86430,89040
19-4031,WA,730,0.55,64580,46390,50300,62100,74480,87610
19-4031,WI,1090,1,61130,41320,48480,59440,67840,81830
19-4031,WV,230,0.89,61190,40570,47650,58750,70130,81810
19-4031,WY,230,2.21,64330,39180,47740,56320,84370,106290
19-4042,AK,440,6.05,65520,37500,49260,55220,75790,95740
19-4042,AL,410,0.88,48630,37340,38710,45000,52180,69990
19-4042,AR,160,0.55,51930,42900,45060,48390,57630,64480
19-4042,AZ,590,0.81,62210,45760,48010,57800,71210,80120
19-4042,CA,6010,1.48,67750,37670,46990,61220,83580,106840
19-4042,CO,740,1.15,65180,47650,52730,60930,74240,86480
19-4042,CT,,**,74420,48400,56160,66120,84520,115890
19-4042,DE,150,1.39,46980,33080,40720,45720,49540,64790
19-4042,FL,2090,0.94,53620,39280,44280,48840,60710,74170
19-4042,GA,1110,1.02,52770,37020,43780,48050,57200,73900
19-4042,HI,260,1.86,55840,42290,48530,57010,60240,67810
19-4042,IA,470,1.35,54280,37900,39140,52020,64310,80390
19-4042,ID,200,1.06,64670,30800,41320,55420,74860,140150
19-4042,IL,980,0.72,65490,40970,49200,59930,78520,99680
19-4042,IN,780,1.09,53230,36180,39430,49020,63150,73190
19-4042,KS,340,1.06,51440,39520,44970,47880,57770,66680
19-4042,KY,560,1.26,53230,36910,39440,46840,61560,83100
19-4042,LA,300,0.69,,,,,,
19-4042,MA,330,0.4,60330,43990,48260,59330,64720,81340
19-4042,MD,580,0.94,61430,37370,41280,55090,73690,99480
19-4042,ME,150,1.04,55030,35550,44800,51820,61990,78540
19-4042,MI,600,0.61,56260,41600,46950,51290,62480,74570
19-4042,MN,450,0.69,72240,36730,51730,65320,91000,113530
19-4042,MO,380,0.58,55130,42050,46970,50340,62430,69060
19-4042,MS,250,0.98,43170,28880,28880,35010,58630,68300
19-4042,MT,70,0.61,61570,45700,48980,60550,76330,80730
19-4042,NC,1100,1,55580,38870,44460,51630,62880,77480
19-4042,ND,140,1.41,60510,41460,46510,61430,72740,83820
19-4042,NE,140,0.63,66090,40350,49600,66240,80350,89040
19-4042,NH,80,0.52,54670,39720,44990,54080,63840,68080
19-4042,NJ,830,0.87,58880,39000,44220,52190,68240,86270
19-4042,NM,500,2.56,70810,42890,49290,62330,79310,125840
19-4042,NV,390,1.14,63280,44670,44690,60370,77740,93820
19-4042,NY,1960,0.91,68320,40020,47100,62400,79660,107600
19-4042,OH,770,0.62,59200,43660,49050,56070,65870,78460
19-4042,OK,360,0.95,53550,35230,39760,48090,63690,84120
19-4042,OR,440,0.99,61310,37860,46240,58950,74820,83750
19-4042,PA,1180,0.87,65320,45530,50060,60650,76100,97390
19-4042,RI,90,0.84,70490,51100,51100,64830,82600,97720
19-4042,SC,500,0.97,59820,37440,40430,48700,73130,102550
19-4042,SD,60,0.56,42530,30830,32470,44180,48480,57010
19-4042,TN,320,0.43,57650,44920,47190,56960,62140,74790
19-4042,TX,3350,1.07,56190,39490,46680,50710,62840,78770
19-4042,UT,270,0.69,60640,48670,48710,58240,66310,78040
19-4042,VA,1450,1.59,55560,37840,43600,49430,62060,77300
19-4042,VT,50,0.68,58670,42110,51730,55090,69740,73760
19-4042,WA,850,1.07,77500,47360,55580,67160,106490,106490
19-4042,WI,380,0.59,58470,39000,42950,55290,72650,79040
19-4042,WV,750,4.8,53320,36970,43110,52590,61250,67390
19-4042,WY,150,2.36,55950,42970,47480,49440,61820,79510
21-1012,AK,540,0.73,79910,50870,63290,82900,97820,103420
21-1012,AL,4410,0.92,59540,37670,45590,59570,73450,78570
21-1012,AR,2310,0.78,59370,38520,46610,59770,67570,78070
21-1012,AZ,7330,1,61270,46400,49590,58250,68390,82240
21-1012,CA,45140,1.09,93610,51890,63910,86500,119790,136660
21-1012,CO,6530,1,69470,48690,57640,64780,78420,97960
21-1012,CT,3370,0.88,75730,46510,56820,73910,95940,108540
21-1012,DC,1690,1.06,82700,50900,61710,80470,103030,113620
21-1012,DE,1700,1.54,72490,47750,59700,74070,88900,96140
21-1012,FL,22800,1.01,58380,38290,46800,53140,66800,82780
21-1012,GA,11460,1.03,68410,42040,49000,63720,79140,101880
21-1012,HI,1620,1.14,68650,49350,51600,61730,88140,93720
21-1012,IA,3690,1.04,58190,43470,48310,56540,65820,77110
21-1012,ID,1990,1.02,62800,46710,51060,60320,72680,79620
21-1012,IL,13580,0.98,70230,44890,49720,62420,82890,110580
21-1012,IN,5610,0.77,61000,41180,47700,59260,71860,82690
21-1012,KS,3100,0.95,58560,42020,48150,56590,67150,77920
21-1012,KY,5030,1.11,65740,40840,49080,64350,78580,99390
21-1012,LA,4820,1.1,63910,45340,50770,61870,75030,87940
21-1012,MA,11460,1.39,85660,59460,65810,79930,100580,117630
21-1012,MD,6600,1.05,78920,48460,61410,75820,97940,116650
21-1012,ME,1780,1.22,61230,45300,49270,58630,74330,82460
21-1012,MI,9170,0.92,62900,42380,47290,59440,75870,89280
21-1012,MN,4200,0.63,69080,47870,57390,64600,78100,94100
21-1012,MO,8890,1.33,59160,41890,47620,58040,65150,78740
21-1012,MS,2620,0.99,57380,38580,46430,58710,66220,76610
21-1012,MT,890,0.76,63130,39180,46630,57900,79440,87610
21-1012,NC,9430,0.84,56710,40400,46820,57630,63460,74070
21-1012,ND,840,0.86,61790,46860,49870,58960,73860,79500
21-1012,NE,2190,0.94,68570,45050,48380,62500,80180,100160
21-1012,NH,1650,1.06,71400,47990,57090,71080,82500,96630
21-1012,NJ,8190,0.84,81430,57850,64160,77910,98490,108500
21-1012,NM,1780,0.9,75480,46660,54110,77880,87190,103110
21-1012,NV,2250,0.64,68740,46570,56270,66710,86640,94530
21-1012,NY,23380,1.06,77210,46100,57550,71610,93540,123850
21-1012,OH,13250,1.05,67200,43010,48660,61760,80120,99810
21-1012,OK,4830,1.24,56830,38100,45980,52040,64430,81630
21-1012,OR,3990,0.89,77070,50190,59130,66690,94430,119780
21-1012,PA,13570,0.98,67110,46200,51160,60880,78460,97810
21-1012,RI,1340,1.18,75730,49100,58710,75000,90080,102340
21-1012,SC,6460,1.23,62000,39800,47970,60340,75780,86250
21-1012,SD,1000,0.96,53980,41560,46550,51830,60080,65990
21-1012,TN,6470,0.87,61020,42410,48460,59960,69820,84550
21-1012,TX,31730,0.99,69940,42380,49770,67900,82460,101830
21-1012,UT,4070,1.03,66970,37260,48660,61320,80610,101780
21-1012,VA,9450,1.01,71920,45700,55880,67660,83440,103380
21-1012,VT,1120,1.62,68260,50810,57720,64570,78800,94010
21-1012,WA,6610,0.82,87680,57980,65470,82670,104690,125950
21-1012,WI,5330,0.8,66440,47470,54010,62690,77080,86510
21-1012,WV,1260,0.79,55100,37940,44700,55520,62220,73090
21-1012,WY,770,1.2,67580,49440,57730,63430,74840,91330
21-1013,AK,60,0.45,69880,46680,46690,60010,74000,113710
21-1013,AL,190,0.21,54170,40250,45340,49990,62340,75100
21-1013,AR,80,0.15,68730,47520,57440,64340,75230,90900
21-1013,AZ,,**,74150,50270,54250,65290,100720,100720
21-1013,CA,34970,4.47,79440,46350,49680,67300,98450,130340
21-1013,CO,900,0.73,80100,47030,54460,60700,74070,128400
21-1013,CT,260,0.36,103870,47500,58990,86250,164740,168750
21-1013,DE,400,1.92,74480,53730,66730,76580,82510,91140
21-1013,FL,930,0.22,64890,39460,45800,56400,75020,102280
21-1013,GA,,**,83300,42430,67320,91550,101460,102320
21-1013,HI,220,0.81,127570,48950,59220,141960,166400,166400
21-1013,IA,240,0.36,72120,42680,49970,67180,78560,127720
21-1013,ID,140,0.38,65510,59330,62700,62700,63020,74680
21-1013,IL,860,0.33,68510,51420,55420,60970,78070,104900
21-1013,IN,510,0.37,62490,46730,48340,56810,71680,82430
21-1013,KS,190,0.3,71920,46930,51120,68710,99700,101750
21-1013,KY,330,0.39,56560,41180,49140,52420,59660,74690
21-1013,MA,600,0.38,80880,49070,61050,67370,90980,128490
21-1013,MD,460,0.39,77890,50230,60760,69900,78330,115330
21-1013,ME,180,0.65,73910,64990,69120,71680,74990,91350
21-1013,MI,590,0.31,56220,39110,40750,52270,64710,78740
21-1013,MN,4870,3.85,73980,54430,61060,72470,83720,99920
21-1013,MO,390,0.31,66250,41930,43710,60440,74360,109200
21-1013,MS,140,0.28,53520,47790,49900,51440,54320,59690
21-1013,MT,100,0.44,54580,32170,38130,46960,65190,75310
21-1013,NC,1400,0.66,57090,27860,37160,48100,62310,109200
21-1013,NE,260,0.58,65640,38490,49560,62610,77290,95590
21-1013,NH,70,0.24,67210,48200,51330,60030,81380,82490
21-1013,NJ,4040,2.2,90310,62150,74070,92150,101090,110990
21-1013,NM,160,0.42,71940,52680,58950,70630,80950,92210
21-1013,NY,770,0.18,67260,50380,57550,64430,76600,83050
21-1013,OH,460,0.19,86810,41200,41840,70240,146210,157860
21-1013,OK,,**,60130,28540,40900,57670,73980,94140
21-1013,OR,850,1,102390,60060,69140,91520,138320,165190
21-1013,PA,2350,0.9,67890,47050,56120,66040,80200,91980
21-1013,SC,380,0.39,61000,44280,45660,55430,68260,91220
21-1013,SD,80,0.42,46380,37060,41840,44870,51810,53420
21-1013,TN,1440,1.02,49050,34690,40350,46700,52120,63540
21-1013,TX,1380,0.23,59350,36700,38250,46300,72820,93500
21-1013,UT,2390,3.21,93610,39800,59390,84980,116600,151840
21-1013,VA,930,0.53,74850,49720,52000,79900,91250,103330
21-1013,VT,,**,67470,41460,56160,62780,75620,90110
21-1013,WA,,**,68080,55690,59350,60000,69040,103740
21-1013,WI,180,0.14,45960,34980,34980,37870,54870,69570
21-1013,WV,90,0.31,60720,31760,43830,55700,76150,115950
21-1015,AK,130,0.64,70080,44030,47820,61590,90240,103400
21-1015,AL,540,0.42,57150,35230,41260,54040,72490,80110
21-1015,AR,600,0.75,41230,24580,27650,35210,47430,70670
21-1015,AZ,1750,0.89,50180,37130,41960,48330,54230,60670
21-1015,CA,13690,1.23,48570,35940,37560,44480,51420,69260
21-1015,CO,980,0.56,56410,36460,39180,47840,64080,89510
21-1015,CT,2410,2.33,62980,39510,44290,56340,79380,97140
21-1015,DC,,**,63780,49670,49670,49680,81550,95530
21-1015,DE,340,1.16,50860,39200,41060,48840,56450,73560
21-1015,FL,3110,0.51,49620,34410,36920,45990,54150,67980
21-1015,GA,740,0.25,57030,34900,45010,55000,62980,85510
21-1015,HI,150,0.4,53830,38820,44790,48720,60430,71000
21-1015,IA,2170,2.28,43400,34370,35660,39630,47540,58220
21-1015,ID,820,1.57,55120,29450,44260,54550,69120,75710
21-1015,IL,4140,1.11,54300,37280,44620,49350,59820,75020
21-1015,IN,2030,1.04,45570,30450,35310,44390,52620,62520
21-1015,KS,1370,1.56,43090,30930,36050,41980,47830,57430
21-1015,KY,790,0.65,56550,33000,40050,58540,70380,77790
21-1015,LA,280,0.24,61950,34130,40900,47990,71940,128130
21-1015,MA,5760,2.6,59030,38770,43330,47320,73190,101760
21-1015,MD,3300,1.96,46830,36590,36590,40860,50260,67630
21-1015,ME,330,0.83,53320,38550,38550,51150,62580,74410
21-1015,MI,3340,1.24,48060,31040,36160,44580,55750,72400
21-1015,MN,3020,1.68,55350,37660,43680,48010,62310,81840
21-1015,MO,2020,1.13,49190,37260,40220,45180,56330,62600
21-1015,MS,470,0.67,45800,29270,32990,41500,50110,71960
21-1015,MT,330,1.06,49040,37410,39080,45240,58000,59900
21-1015,NC,3820,1.27,45010,30440,35980,45890,50460,59600
21-1015,ND,210,0.82,65880,58190,60640,63050,70690,76120
21-1015,NE,480,0.77,51060,37040,39250,47050,59830,68040
21-1015,NH,430,1.04,44860,34630,38760,42600,48310,57300
21-1015,NJ,1630,0.63,59410,39700,45050,49730,69740,92670
21-1015,NM,210,0.39,55670,37300,38670,48240,67430,77010
21-1015,NV,570,0.61,43980,34400,34410,40120,46300,62550
21-1015,NY,3810,0.65,52370,37130,42030,47960,59210,76600
21-1015,OH,3690,1.09,49300,31650,37170,42620,58300,78210
21-1015,OK,1570,1.51,40340,27200,29330,38260,48410,57320
21-1015,OR,1630,1.36,58570,42650,45990,54970,67170,83510
21-1015,PA,4130,1.12,52840,36230,39560,48650,60050,77220
21-1015,RI,420,1.36,59310,46670,47010,47020,76750,85800
21-1015,SC,980,0.7,40730,30900,34230,35990,44320,55310
21-1015,SD,370,1.32,54400,41190,46010,49350,60580,76680
21-1015,TN,1590,0.8,46320,35320,37500,46060,53310,59800
21-1015,TX,1840,0.21,51980,30070,36870,49990,61150,72800
21-1015,UT,650,0.62,53910,35400,36990,43900,63490,85050
21-1015,VA,2890,1.16,56260,28850,35220,47530,73100,97240
21-1015,VT,310,1.69,55900,40750,42960,50030,63560,82180
21-1015,WA,5440,2.51,62270,46050,48910,58050,66560,84500
21-1015,WI,2390,1.34,49540,32930,37050,46530,57730,69990
21-1015,WV,470,1.1,47640,28810,34740,48050,57610,64240
21-1015,WY,70,0.39,60080,36620,45080,67640,67640,76870
21-1021,AK,1260,1.53,66110,45330,50590,62630,76290,91240
21-1021,AL,4220,0.79,51720,37780,41890,46660,59560,72490
21-1021,AR,1150,0.35,46390,36070,37350,43330,52130,59470
21-1021,AZ,7560,0.92,52420,40420,45870,50150,57540,65900
21-1021,CA,60310,1.31,71940,45360,52270,65200,82080,103050
21-1021,CO,8200,1.13,70760,45980,51540,63720,82820,102990
21-1021,CT,5230,1.22,80180,48660,62030,78970,100510,109980
21-1021,DC,2430,1.37,79540,53020,59730,73550,99500,113440
21-1021,DE,910,0.74,54650,44440,47440,48520,58670,73580
21-1021,FL,14000,0.56,57970,39760,47130,56550,64940,79580
21-1021,GA,7110,0.58,54390,35690,41600,47510,60250,83380
21-1021,HI,1170,0.74,69450,46840,58290,68270,79860,93430
21-1021,IA,3410,0.87,57120,39240,45460,52250,65040,81170
21-1021,ID,810,0.38,59900,37990,47860,59840,74190,81650
21-1021,IL,19860,1.29,70670,47120,52320,63220,81650,105660
21-1021,IN,6690,0.83,53290,38270,46780,50470,59610,72140
21-1021,KS,3190,0.88,56360,43690,48050,54300,61470,69970
21-1021,KY,8470,1.68,59270,39210,46230,59100,67260,78660
21-1021,LA,1110,0.23,54450,35260,41640,56800,63310,75110
21-1021,MA,10900,1.19,77060,48140,61150,75570,94650,104060
21-1021,MD,4710,0.67,75400,41240,56920,76390,93940,105570
21-1021,ME,2000,1.24,66180,50110,56720,63290,76630,84090
21-1021,MI,15760,1.42,61060,41260,47740,59270,75380,81100
21-1021,MN,6540,0.88,70890,47890,56510,67450,81720,99320
21-1021,MO,9620,1.3,51360,37200,44300,48520,55740,65230
21-1021,MS,3310,1.13,47750,33590,40190,46530,53730,62130
21-1021,MT,1250,0.96,54100,39250,45380,56780,59520,72000
21-1021,NC,13010,1.04,59660,42870,49010,59610,68120,76950
21-1021,ND,870,0.8,65640,47130,57070,64560,74520,81160
21-1021,NE,4830,1.87,51650,41620,44180,47770,55980,64750
21-1021,NH,1700,0.99,70740,41150,50680,71010,80810,101570
21-1021,NJ,7360,0.68,78560,47830,59530,76280,97500,109420
21-1021,NM,2990,1.36,63790,36920,45470,56160,78090,101600
21-1021,NV,4030,1.03,65930,45960,49960,61080,76630,98010
21-1021,NY,30170,1.23,72150,48400,56230,65100,79510,100100
21-1021,OH,16050,1.15,55750,39810,47310,51520,61160,75850
21-1021,OK,6500,1.51,46730,37560,40250,43950,52210,59540
21-1021,OR,6630,1.33,68400,47760,54420,64130,80130,89220
21-1021,PA,16200,1.06,55330,38430,44700,50820,63480,78470
21-1021,RI,2450,1.93,70810,42560,50760,69870,85770,97730
21-1021,SC,5520,0.95,53860,38530,44810,51800,57550,77390
21-1021,SD,2050,1.77,53320,39150,46010,51100,59100,67310
21-1021,TN,7870,0.95,57350,39650,46660,56310,68720,77230
21-1021,TX,21670,0.61,55700,37230,46330,55680,63870,73670
21-1021,UT,1930,0.44,59670,36040,43410,52000,73230,98800
21-1021,VA,9410,0.91,66500,45060,49600,61330,78530,95360
21-1021,VT,640,0.84,66970,47270,58570,67340,74940,84140
21-1021,WA,10720,1.2,74100,48750,58920,74480,86700,98100
21-1021,WI,5710,0.77,61310,44400,47980,59280,70010,80900
21-1021,WV,2380,1.34,52610,38410,45510,52220,58720,66980
21-1021,WY,710,1,55090,34280,36680,56420,61490,74870
21-1022,AK,480,1.22,68370,47000,47620,62000,84990,97810
21-1022,AL,2850,1.12,58360,40020,48350,60000,65710,74440
21-1022,AR,1250,0.8,56980,38110,45610,55640,65910,76850
21-1022,AZ,3100,0.79,68330,44620,53210,64030,80100,96470
21-1022,CA,17690,0.8,93840,54220,67630,89660,118740,134880
21-1022,CO,3670,1.06,67170,45810,49490,63480,81030,95230
21-1022,CT,1650,0.8,83290,59100,66290,79900,96470,104900
21-1022,DC,420,0.5,93120,60970,75360,94100,107500,124230
21-1022,DE,780,1.34,67360,47550,51230,64620,79420,88760
21-1022,FL,10520,0.88,66920,45760,57840,64820,76280,88470
21-1022,GA,6970,1.18,64910,43260,51790,62420,76450,86990
21-1022,HI,660,0.87,82370,51570,70500,85420,96190,102670
21-1022,IA,1550,0.82,63560,46140,51170,63050,74320,80360
21-1022,ID,750,0.72,71470,50950,58460,74500,80460,97670
21-1022,IL,4910,0.67,68190,47290,54270,64270,78610,96970
21-1022,IN,3890,1.01,68370,48050,57270,64580,78880,93510
21-1022,KS,1360,0.78,64860,46300,56720,64440,75200,79680
21-1022,KY,1980,0.82,64960,43010,49990,64080,77660,86240
21-1022,LA,1970,0.84,63510,43830,57450,61080,73340,79170
21-1022,MA,7220,1.64,77000,51270,60300,76440,92110,102070
21-1022,MD,4750,1.42,72140,40210,55660,76440,85150,96340
21-1022,ME,790,1.02,70860,55770,61000,71610,78810,85640
21-1022,MI,4860,0.91,69940,47640,60150,67600,79310,91190
21-1022,MN,2430,0.68,73510,51720,61180,73970,84260,95200
21-1022,MO,4430,1.25,60560,39180,46430,59870,73740,79560
21-1022,MS,1890,1.34,60300,39770,49490,62250,67530,78520
21-1022,MT,840,1.35,59510,46330,48570,57090,68240,77730
21-1022,NC,5120,0.86,64720,40650,53000,63280,77160,85070
21-1022,ND,330,0.63,65300,51260,56150,62860,74190,78040
21-1022,NE,980,0.8,63680,46040,53290,62420,74060,82780
21-1022,NH,590,0.71,80160,60200,70530,78260,89750,98930
21-1022,NJ,4310,0.83,85340,54950,68090,82690,99530,118300
21-1022,NM,1200,1.14,67170,45780,55820,65930,77600,90020
21-1022,NV,1160,0.62,78240,51890,63460,78470,86610,101380
21-1022,NY,20440,1.75,75170,47750,57630,73070,91950,103730
21-1022,OH,8930,1.33,65350,45150,51270,63610,76930,84050
21-1022,OK,2310,1.12,57480,36920,43180,56120,70290,81650
21-1022,OR,2320,0.98,85830,60480,67170,84350,101640,111720
21-1022,PA,9630,1.32,65690,46770,57200,61900,76040,83220
21-1022,RI,630,1.04,73020,48070,58940,75390,85700,96840
21-1022,SC,3100,1.12,62020,40450,45020,60840,76270,83990
21-1022,SD,790,1.42,59640,43750,49650,57510,72640,78420
21-1022,TN,5970,1.51,62750,41120,48820,61240,76200,83280
21-1022,TX,10880,0.64,69990,40210,52950,69990,80910,98150
21-1022,UT,1750,0.84,78270,44410,63370,78150,94110,109270
21-1022,VA,3070,0.62,69390,47530,60430,66550,78170,91060
21-1022,VT,250,0.7,82720,61760,72050,81140,100520,102820
21-1022,WA,5180,1.21,81040,48390,59690,78570,98990,124360
21-1022,WI,3770,1.06,69510,50280,59640,66910,78830,91040
21-1022,WV,1100,1.3,63470,46120,51350,60140,77540,79800
21-1022,WY,180,0.53,67410,42380,49070,62260,82760,93150
21-1023,AK,250,0.88,60380,46250,49430,56710,68690,85670
21-1023,AL,740,0.41,45480,29370,35740,41500,55640,64750
21-1023,AR,1040,0.93,63300,39440,42620,58590,73290,99070
21-1023,AZ,3690,1.33,50630,40810,45010,46380,54480,64350
21-1023,CA,19860,1.28,91050,46450,57800,79000,118860,147300
21-1023,CO,1640,0.67,69200,47100,55770,65620,80990,95950
21-1023,CT,1540,1.06,78250,49260,62300,78640,92430,108530
21-1023,DC,510,0.85,83340,57940,65360,73310,104170,115500
21-1023,DE,510,1.22,62090,47550,51230,60060,68090,81210
21-1023,FL,5150,0.61,55310,38180,44450,51590,62050,77610
21-1023,GA,1330,0.32,57470,32990,45090,52030,72490,83500
21-1023,HI,,**,62340,45790,47210,54390,77680,90870
21-1023,IA,1200,0.9,57330,37980,44630,48530,66180,80760
21-1023,ID,510,0.69,60720,40940,45760,52520,75920,92770
21-1023,IL,3460,0.66,58130,39910,46290,49960,69210,79050
21-1023,IN,2490,0.91,53990,36290,42580,48300,64610,77780
21-1023,KS,1620,1.32,60380,47750,48990,56330,66290,79650
21-1023,KY,1360,0.8,45280,33880,37230,42570,48780,63960
21-1023,LA,970,0.59,51070,31890,36380,47100,62170,72440
21-1023,MA,7440,2.4,69710,48260,53970,62500,78750,100670
21-1023,MD,2250,0.95,72980,38100,49440,73580,94690,104000
21-1023,ME,1860,3.4,64330,45870,47740,57050,77650,96370
21-1023,MI,4620,1.23,62940,42150,50140,60830,74350,82750
21-1023,MN,3590,1.42,74420,50950,60080,75020,85990,98520
21-1023,MO,1640,0.66,53470,38610,43350,49560,59200,72800
21-1023,MS,920,0.93,50750,25880,33700,48970,62520,78920
21-1023,MT,740,1.69,52180,37960,39760,45160,59850,82390
21-1023,NC,3690,0.87,59880,38970,48150,58210,67460,79720
21-1023,ND,240,0.65,62610,44050,58790,60980,65110,75840
21-1023,NE,900,1.03,45760,35760,37230,43240,51890,59160
21-1023,NH,320,0.54,75280,49140,58820,63900,77410,123560
21-1023,NJ,2420,0.66,70930,45180,47610,66590,84700,102130
21-1023,NM,800,1.08,69720,36700,44860,65640,86150,114170
21-1023,NV,1100,0.83,63790,37930,47250,62900,75940,98010
21-1023,NY,14820,1.79,86110,54650,64430,79380,95520,122340
21-1023,OH,6050,1.28,51110,34700,38170,46080,57960,75610
21-1023,OK,1780,1.22,43230,35780,37820,43120,45410,52930
21-1023,OR,2230,1.33,73050,50280,58250,68210,83740,100680
21-1023,PA,3500,0.68,52850,37790,43810,48290,58860,73940
21-1023,RI,800,1.88,76970,42900,49340,60990,110210,135200
21-1023,SC,720,0.37,43820,30250,34770,39930,49720,63970
21-1023,SD,230,0.6,53400,39230,44250,48920,61900,73610
21-1023,TN,2220,0.79,50000,38320,42780,46500,55310,68430
21-1023,TX,8220,0.68,53450,36870,41080,46630,57320,79210
21-1023,UT,1240,0.84,63570,37980,42040,50770,79540,101350
21-1023,VA,3670,1.04,72020,48530,53620,64240,80390,102480
21-1023,VT,320,1.24,76580,61510,65050,73210,81890,100140
21-1023,WA,3490,1.15,71710,46790,56050,70460,84500,102680
21-1023,WI,1880,0.75,64960,45430,49720,61860,75360,87690
21-1023,WV,420,0.7,52000,38410,47270,50070,57830,70190
21-1023,WY,200,0.82,65400,39650,49770,59310,83340,118900
21-1091,AK,310,2.26,74250,49980,61520,71940,81750,100760
21-1091,AL,540,0.61,65140,40580,45500,65210,78760,97180
21-1091,AR,200,0.36,64600,38230,44390,62270,81700,96780
21-1091,AZ,1140,0.83,73040,42770,48210,63390,84020,134630
21-1091,CA,12520,1.63,74720,49020,54850,63610,85000,113170
21-1091,CO,750,0.61,77470,41710,57490,74150,98740,117170
21-1091,CT,400,0.56,78200,47800,62270,66870,88720,115540
21-1091,DC,680,2.3,109310,63250,74470,103330,132620,170980
21-1091,DE,340,1.67,66520,37400,49510,63300,76530,99360
21-1091,FL,,**,53530,29990,29990,46360,64950,94040
21-1091,GA,3210,1.55,102140,51800,66770,99400,133720,153630
21-1091,HI,190,0.71,65700,35500,49380,63740,73680,99130
21-1091,IA,540,0.81,71880,46450,58510,75750,85260,95750
21-1091,ID,370,1.03,64280,43930,56160,61330,71400,90120
21-1091,IL,1010,0.39,68730,41480,49670,60120,77100,105660
21-1091,IN,1380,1.02,62930,36130,44650,58170,79360,96010
21-1091,KS,520,0.85,65520,36790,50920,62990,79130,97430
21-1091,KY,760,0.9,68360,44610,58450,65370,79650,98030
21-1091,LA,470,0.58,62160,40020,45550,57840,74900,91490
21-1091,MA,2420,1.58,70370,37460,43100,57510,85740,142860
21-1091,MD,2220,1.9,106630,56160,65850,104470,140670,161470
21-1091,ME,490,1.8,61860,45290,49510,58300,66990,82490
21-1091,MI,1480,0.79,59660,37750,43280,56360,70370,89050
21-1091,MN,1250,1,78300,45730,60190,78400,99130,106780
21-1091,MO,,**,64700,42960,49580,57050,75640,97800
21-1091,MS,410,0.83,55600,35860,40960,51020,69610,76490
21-1091,MT,240,1.11,54500,35230,37620,51200,62760,82990
21-1091,NC,2110,1.01,65570,44410,48730,58080,74670,99140
21-1091,ND,200,1.08,62870,47410,48250,59650,75640,90660
21-1091,NE,230,0.54,59540,38570,46520,56800,71220,83520
21-1091,NH,250,0.87,74400,46550,52320,69990,91580,108210
21-1091,NJ,1420,0.78,84800,46250,58530,73740,115420,130100
21-1091,NM,660,1.78,62290,39730,44430,57990,72700,94220
21-1091,NV,270,0.41,68980,33830,45890,62120,85690,111840
21-1091,NY,4150,1.01,67030,44830,51600,62560,77560,95980
21-1091,OH,1970,0.84,67440,40690,47300,64860,81810,98110
21-1091,OK,820,1.14,67330,39270,50130,62440,83540,103780
21-1091,OR,840,1.01,81440,54430,66420,75500,94870,111860
21-1091,PA,2690,1.05,81320,45720,58530,80670,98010,120640
21-1091,RI,150,0.72,76910,38660,56570,75360,98240,110780
21-1091,SC,470,0.49,70140,44050,50550,64720,86820,99290
21-1091,SD,190,0.97,62030,46400,54350,57370,72780,78360
21-1091,TN,490,0.36,63980,39130,40690,49630,69470,110450
21-1091,TX,5320,0.89,69630,45790,48180,59340,81370,112320
21-1091,UT,490,0.66,69310,48290,50340,59790,82850,110430
21-1091,VA,690,0.4,75640,42640,51980,64040,93040,137980
21-1091,VT,180,1.38,73150,56080,61960,68140,81640,97430
21-1091,WA,1750,1.16,77130,52910,64040,77420,84600,95680
21-1091,WI,900,0.73,73630,50710,61950,74040,84960,96940
21-1091,WV,400,1.36,70710,41580,50190,62760,83150,106710
21-1091,WY,90,0.76,68820,56430,57140,62750,72270,97980
21-1093,AK,1370,1.5,52420,37440,44490,47360,59990,78850
21-1093,AL,3370,0.57,37240,24170,29660,35830,42730,52100
21-1093,AR,3530,0.96,37560,25880,29040,36770,44500,49660
21-1093,AZ,7290,0.8,42360,35630,36870,40730,44730,49950
21-1093,CA,58730,1.15,55100,39040,46110,51090,61450,74250
21-1093,CO,5410,0.67,50370,38440,43790,47690,55930,65450
21-1093,CT,9930,2.08,46540,36890,38000,44730,50400,60980
21-1093,DC,2080,1.05,60770,40930,49190,59460,65510,86090
21-1093,DE,1050,0.77,41760,33080,36600,40710,45860,49420
21-1093,FL,22670,0.81,45380,34180,37850,44410,49520,59460
21-1093,GA,7410,0.54,41370,29030,33850,39480,47720,58050
21-1093,HI,2230,1.26,44580,36530,37830,42400,48110,58030
21-1093,IA,5230,1.19,44430,33060,36710,42480,48050,60780
21-1093,ID,3810,1.58,49020,37450,43870,47540,53290,60470
21-1093,IL,22220,1.29,50460,35030,39310,46950,57110,72780
21-1093,IN,11740,1.3,44570,31200,36470,44550,48730,58640
21-1093,KS,6070,1.5,43490,34330,36910,42570,48590,55580
21-1093,KY,4670,0.83,40190,27540,33070,37440,45970,55530
21-1093,LA,3440,0.63,37300,27060,29750,35780,43350,49810
21-1093,MA,9180,0.9,50430,39440,43960,47130,57320,63670
21-1093,MD,7280,0.94,51200,36990,42230,47210,59130,68890
21-1093,ME,4580,2.54,49470,39770,44260,47710,53860,60050
21-1093,MI,12450,1,42940,30780,36420,39160,47350,57100
21-1093,MN,11110,1.34,52370,38490,45630,49940,59880,64560
21-1093,MO,6200,0.75,42270,31730,36770,41780,47050,50710
21-1093,MS,,**,32850,22990,27090,31200,35690,45710
21-1093,MT,1200,0.83,40350,29840,34990,38570,45300,50620
21-1093,NC,9020,0.65,43880,30620,35750,42850,48450,59570
21-1093,ND,1530,1.26,48940,37270,39270,46260,54300,66170
21-1093,NE,1460,0.51,39570,31010,35820,38940,43110,46640
21-1093,NH,1860,0.97,47540,37700,41840,46950,53300,58210
21-1093,NJ,17270,1.43,51770,34340,41240,48420,58530,72800
21-1093,NM,3050,1.24,47670,32820,38220,46340,54290,63650
21-1093,NV,2420,0.55,42740,30940,34830,38570,46770,56470
21-1093,NY,40970,1.5,49080,35980,39790,47190,56140,64430
21-1093,OH,10970,0.7,41150,30250,35090,38390,46760,52570
21-1093,OK,3340,0.69,38910,27490,31720,36740,43810,54320
21-1093,OR,11260,2.03,52980,39860,46130,51230,59010,67170
21-1093,PA,24340,1.43,45060,34520,37390,44050,48530,58700
21-1093,RI,2290,1.62,50870,36580,37900,47720,57740,71270
21-1093,SC,5220,0.8,42180,30270,34580,38550,46710,58120
21-1093,SD,830,0.64,39110,29850,31810,38350,44500,48120
21-1093,TN,4380,0.47,41300,30280,35680,40310,46150,52190
21-1093,TX,21620,0.55,46210,31350,37950,45860,51500,60460
21-1093,UT,6540,1.34,42860,33790,35730,39930,47320,55840
21-1093,VA,10670,0.92,45060,32840,37130,43450,49140,60500
21-1093,VT,1920,2.24,47320,38760,43060,46640,49940,55380
21-1093,WA,7590,0.76,55900,43180,47520,54770,61640,72770
21-1093,WI,7750,0.94,50360,34990,38600,47500,60380,71390
21-1093,WV,3320,1.68,41200,29690,35870,39290,45240,52510
21-1093,WY,610,0.77,45630,34280,37210,45290,50420,61080
21-1094,AK,400,3.11,54460,38780,46120,52000,59650,77210
21-1094,AL,270,0.32,45050,33470,36800,43340,47880,62790
21-1094,AR,,**,50140,38680,44180,44890,53620,69720
21-1094,AZ,1140,0.89,53650,39310,42820,48950,58300,75010
21-1094,CA,9500,1.31,63740,46320,50040,58050,72760,88590
21-1094,CO,,**,59540,45450,49890,59260,63400,76790
21-1094,CT,290,0.43,56790,43120,45750,53560,64380,74120
21-1094,DC,280,0.99,68810,51010,57240,62510,74830,93070
21-1094,DE,280,1.43,53920,35810,44440,55850,62640,74530
21-1094,FL,1220,0.31,47830,31350,38850,45420,54060,69630
21-1094,GA,490,0.25,52940,34100,43810,50680,61140,73130
21-1094,HI,240,0.96,59940,37700,49060,58450,65630,84750
21-1094,IA,390,0.63,50290,37690,40210,47780,58700,71360
21-1094,ID,270,0.8,57780,39500,42310,52050,60660,94280
21-1094,IL,2040,0.84,51690,39040,44620,49240,58800,65540
21-1094,IN,1310,1.03,50920,38400,43250,47960,57040,68620
21-1094,KS,240,0.42,49550,37940,43090,47300,50390,63650
21-1094,KY,980,1.23,51300,33310,38850,48230,58220,71980
21-1094,LA,210,0.27,47320,35360,38420,46450,51620,59440
21-1094,MA,2970,2.06,56940,42910,47280,55560,61520,74840
21-1094,MD,3030,2.76,55120,36190,44850,50550,60200,79290
21-1094,ME,360,1.43,50330,41770,46110,48670,52930,61360
21-1094,MI,1890,1.08,54160,37720,43820,49380,64130,74610
21-1094,MN,1260,1.08,52050,42610,44460,47560,58020,69160
21-1094,MO,1820,1.56,50640,36990,44010,48770,56140,64330
21-1094,MS,410,0.88,44250,30930,35400,39520,47440,70890
21-1094,MT,330,1.62,53890,38470,40500,49780,60890,79580
21-1094,NC,1680,0.86,50160,36160,41950,47560,54790,68380
21-1094,ND,90,0.53,60120,44800,46140,59610,73490,76210
21-1094,NE,160,0.39,55020,38550,44310,51780,61310,72970
21-1094,NH,200,0.75,62320,43430,52640,66680,68250,77010
21-1094,NJ,1330,0.78,59500,39640,44470,55790,65470,83600
21-1094,NM,610,1.77,56180,38210,48830,54830,62380,73110
21-1094,NV,670,1.08,63550,41980,46180,57730,77430,95200
21-1094,NY,5800,1.51,62140,44310,50350,58130,70390,87980
21-1094,OH,1910,0.87,54580,35950,42950,50650,64810,75380
21-1094,OK,600,0.88,48730,34520,39300,45790,56280,67630
21-1094,OR,1980,2.54,56250,45000,47520,53350,62140,73760
21-1094,PA,1970,0.82,56480,38960,44650,50710,61880,80830
21-1094,RI,520,2.61,57350,45370,48050,53100,60490,76310
21-1094,SC,540,0.6,52540,38110,42240,47970,60340,70230
21-1094,SD,270,1.47,49030,39230,44360,45700,50950,60630
21-1094,TN,520,0.4,43430,34180,35850,42310,47820,58960
21-1094,TX,4210,0.75,50350,36250,43620,48720,58090,64290
21-1094,UT,580,0.85,55990,35480,42100,55700,66910,74880
21-1094,VA,620,0.38,54280,34440,43460,48910,60590,79990
21-1094,VT,170,1.44,53190,44010,47570,51500,57650,62320
21-1094,WA,2640,1.87,59800,43820,47830,57070,67470,80680
21-1094,WI,630,0.54,54140,39010,46910,51210,60820,71450
21-1094,WV,310,1.13,40090,29480,33180,37950,43110,56840
21-1094,WY,140,1.22,58310,39520,45970,54020,67750,79600
23-1011,AK,1120,0.71,167890,86230,117340,149940,190740,281780
23-1011,AL,6730,0.66,146630,62310,82920,131970,181440,249090
23-1011,AR,3430,0.54,131680,49900,69470,98880,132490,220660
23-1011,AZ,11640,0.74,157190,85990,102450,134260,177150,268170
23-1011,CA,95770,1.08,230040,97950,131120,195080,277140,369180
23-1011,CO,16720,1.2,206440,83350,107420,168520,233910,336970
23-1011,CT,8420,1.02,186170,91180,109450,163600,222930,342970
23-1011,DC,33070,9.71,242800,120580,172060,195190,360310,392750
23-1011,DE,2920,1.24,199970,101200,130630,173510,226190,354910
23-1011,FL,55210,1.15,162060,75530,99720,133180,196100,301050
23-1011,GA,23930,1.01,191190,58750,84460,134830,202800,317820
23-1011,HI,2270,0.75,127280,73890,97460,124990,155880,179010
23-1011,IA,3550,0.47,144760,63790,81860,123550,179610,268460
23-1011,ID,2490,0.6,125070,50730,81520,103400,139350,216660
23-1011,IL,33590,1.14,181240,82160,103020,160800,224450,330200
23-1011,IN,8970,0.58,175850,65750,95120,126860,193420,327960
23-1011,KS,4190,0.6,130530,76300,83810,106650,159310,213360
23-1011,KY,5770,0.59,120730,63010,78140,101550,149120,187180
23-1011,LA,10200,1.09,127520,50140,76540,104100,159100,227230
23-1011,MA,23560,1.33,205980,82100,119960,176680,282080,374410
23-1011,MD,13810,1.03,157370,81730,102270,139110,185220,269020
23-1011,ME,2280,0.73,129600,76820,82830,113120,139110,215610
23-1011,MI,16620,0.78,148820,77180,100160,130520,172340,238370
23-1011,MN,12380,0.86,174300,79820,107220,155140,216440,341170
23-1011,MO,11560,0.81,162820,67020,89900,133450,197110,299990
23-1011,MS,3100,0.55,108930,47670,63650,91690,130170,176750
23-1011,MT,2380,0.96,115830,62090,84180,103720,133660,179620
23-1011,NC,17000,0.71,160340,61610,82220,127710,210130,323720
23-1011,ND,1050,0.5,128680,70500,92510,106880,137380,194840
23-1011,NE,3490,0.7,133490,65030,81240,109170,166080,217700
23-1011,NH,2250,0.68,172990,65670,97080,120810,194690,358300
23-1011,NJ,23160,1.11,184090,93810,116060,161430,220100,328270
23-1011,NM,3380,0.8,138250,76100,95910,119680,157870,232890
23-1011,NV,6490,0.86,205630,96010,122470,150510,200970,414290
23-1011,NY,91870,1.95,220180,85200,127580,207860,322120,391420
23-1011,OH,19950,0.74,151140,69790,90830,131020,191080,269530
23-1011,OK,6980,0.84,122750,57950,74950,103060,139630,207340
23-1011,OR,7150,0.75,156620,73610,99450,138210,195620,263790
23-1011,PA,27170,0.92,169170,77100,98720,157180,208260,323370
23-1011,RI,1840,0.76,159690,80710,108200,138960,200130,268270
23-1011,SC,7890,0.71,144700,63140,80870,120310,174620,301140
23-1011,SD,1360,0.61,132270,76920,85640,102040,141270,234690
23-1011,TN,9010,0.57,163870,76510,98750,136180,198470,324880
23-1011,TX,56580,0.83,180370,79340,102810,154200,223390,349490
23-1011,UT,7020,0.83,169480,59990,93460,132830,212230,347090
23-1011,VA,18580,0.93,179240,79330,107710,167210,207480,320220
23-1011,VT,1330,0.9,179630,85510,100790,127310,188090,336450
23-1011,WA,12770,0.74,169940,94260,111080,154130,205130,298210
23-1011,WI,9160,0.64,171200,76010,94890,126760,198270,362040
23-1011,WV,2440,0.72,123210,64950,80640,102420,145270,206370
23-1011,WY,900,0.66,125050,61170,79080,100130,134570,233950
23-1012,AK,140,4.92,72050,62820,63130,67580,75960,93140
23-1012,AR,50,0.47,87120,47050,77340,80150,107330,112690
23-1012,AZ,250,0.9,62480,46580,50650,60170,70970,77710
23-1012,CA,1800,1.15,76070,59620,65740,79030,82200,90680
23-1012,CO,140,0.55,66290,61530,63380,67230,69250,70890
23-1012,CT,270,1.83,102260,61640,90220,98670,111890,146370
23-1012,DE,100,2.39,64300,60910,64720,64720,64720,64720
23-1012,FL,1300,1.53,56650,44950,49210,55180,59740,63730
23-1012,GA,560,1.33,66480,42260,49360,55120,67310,78050
23-1012,HI,330,6.09,54200,40250,43450,47010,66880,73840
23-1012,IA,90,0.65,69700,55210,57750,64260,75290,86350
23-1012,ID,60,0.81,70030,49480,60060,75540,77540,79880
23-1012,IN,70,0.24,61650,38830,44120,57140,81090,96520
23-1012,KS,40,0.31,48140,33350,38870,45720,63160,68920
23-1012,LA,90,0.55,64990,40410,50740,63180,75540,83230
23-1012,MA,500,1.61,132380,82210,143350,143350,143350,143350
23-1012,MD,370,1.55,72130,59900,63110,70110,72800,90120
23-1012,ME,30,0.62,73640,67890,67890,67890,73420,92190
23-1012,MI,280,0.76,65150,48690,52190,62260,80330,83380
23-1012,MN,410,1.61,71180,64980,64980,71070,75110,79850
23-1012,MO,100,0.42,66400,59530,62380,66060,68580,74710
23-1012,MT,40,0.92,52460,44240,46310,47320,47900,66970
23-1012,ND,40,1.19,89920,70690,79130,85530,107150,111580
23-1012,NE,110,1.25,57240,38350,38350,49570,67180,104860
23-1012,NJ,530,1.44,61530,58890,58890,58890,63940,69740
23-1012,NV,70,0.5,72800,53300,59680,69600,83670,96610
23-1012,NY,850,1.03,126340,82190,86730,133320,163650,171870
23-1012,OH,240,0.5,60080,41730,41730,49840,74100,102440
23-1012,OK,130,0.89,65960,31200,31200,44990,115020,125990
23-1012,OR,30,0.2,82920,77370,77370,86870,86870,86870
23-1012,PA,970,1.87,52010,34310,39330,50590,61960,76250
23-1012,SC,230,1.19,59310,41100,47040,50330,68710,82490
23-1012,TN,400,1.44,77120,50240,58420,75190,89300,100100
23-1012,TX,220,0.18,67810,46320,53350,63130,74490,82400
23-1012,UT,630,4.23,56770,45430,47570,51900,60030,85700
23-1012,VA,380,1.09,70140,54310,59680,65940,76140,89960
23-1012,WA,580,1.92,85030,62400,66850,80240,103000,113700
23-1012,WI,180,0.72,57090,48480,51280,54250,62020,67900
23-1012,WV,260,4.27,59970,52120,52120,52120,67890,83890
23-1021,AL,70,0.32,150430,76160,112400,134810,207480,207480
23-1021,AR,340,2.46,74670,45610,50670,63660,83700,121260
23-1021,AZ,300,0.89,119550,76480,100430,123240,125630,169330
23-1021,CO,220,0.71,129600,77950,91180,121410,165420,207480
23-1021,CT,300,1.69,105130,78520,78520,95310,122870,154560
23-1021,DC,300,3.99,171730,107050,137560,181060,207480,207480
23-1021,DE,70,1.39,76560,40540,50680,56830,88670,127730
23-1021,FL,570,0.55,126380,73920,96550,115920,149430,207480
23-1021,GA,490,0.96,95120,48930,56810,67990,131680,195190
23-1021,HI,50,0.77,108100,79860,89810,106480,121390,139480
23-1021,IA,80,0.51,121720,78810,104630,123500,136810,143490
23-1021,ID,110,1.17,73600,59840,65050,65050,65050,115920
23-1021,IL,550,0.85,110300,59990,72860,104990,133270,180960
23-1021,IN,70,0.21,154990,89440,117000,145290,207480,207480
23-1021,KS,40,0.28,139250,108890,118680,126570,136990,207480
23-1021,LA,140,0.68,137490,61110,88610,126440,207480,224240
23-1021,MA,270,0.7,124550,82620,96910,113750,159830,183350
23-1021,MD,430,1.49,131160,62390,83630,133460,175720,203990
23-1021,ME,120,1.73,88220,60280,65210,75960,105370,147390
23-1021,MI,390,0.84,128760,61550,102150,127420,144660,207480
23-1021,MN,120,0.4,124550,83280,97860,126360,139780,158390
23-1021,MO,160,0.53,138730,74980,90190,129670,207480,207480
23-1021,MS,110,0.91,96930,38910,50590,66310,133470,207480
23-1021,MT,90,1.65,88190,48280,65910,83910,108390,129440
23-1021,NC,260,0.5,120970,78890,79830,129960,131660,207480
23-1021,NE,30,0.31,128540,92480,112400,117060,133470,207480
23-1021,NJ,330,0.74,133870,87130,105930,128320,161430,184120
23-1021,NM,140,1.57,99950,53680,63590,80800,131770,196660
23-1021,NV,170,1.05,102370,61480,74710,87240,128920,150510
23-1021,NY,1400,1.37,123150,87130,101190,123170,132480,166320
23-1021,OH,690,1.19,98990,57530,69800,79000,121040,160370
23-1021,OK,90,0.51,129270,63630,90480,122930,153570,207480
23-1021,OR,480,2.34,102760,64130,77320,89220,130890,166040
23-1021,PA,800,1.26,108790,67130,77200,98010,130640,160120
23-1021,SC,130,0.54,108940,55480,62830,94880,129960,207480
23-1021,TN,380,1.09,106490,41740,58190,107740,144680,207480
23-1021,TX,1300,0.88,102010,45450,66420,100400,129960,161700
23-1021,UT,190,1.05,108540,57390,73920,103380,130000,176050
23-1021,WA,330,0.89,130140,98350,108240,122390,142130,181940
23-1021,WI,60,0.19,143910,92660,121220,132250,179030,207480
23-1021,WV,90,1.16,91700,51570,56630,78870,115920,187990
23-2011,AK,570,0.69,73440,53830,61100,68700,84880,99320
23-2011,AL,5700,1.07,52730,30750,38150,47260,63490,77100
23-2011,AR,1610,0.49,60110,36290,43670,47420,61880,81700
23-2011,AZ,7890,0.96,67850,45700,48840,61630,79250,96340
23-2011,CA,47130,1.02,81320,50460,60170,77390,98430,119580
23-2011,CO,5620,0.77,80760,56930,62560,78190,95070,106160
23-2011,CT,5210,1.21,69040,46440,50180,63820,80580,100040
23-2011,DC,6400,3.61,95400,59770,72240,89750,114920,131650
23-2011,DE,2480,2.03,69860,48880,55190,63110,78360,99390
23-2011,FL,40950,1.63,63250,38830,48230,61000,75780,83410
23-2011,GA,14160,1.15,71210,39530,48940,62400,81120,101210
23-2011,HI,1170,0.74,65400,47010,52670,62840,75120,85440
23-2011,IA,2980,0.76,58780,37900,47820,54550,66560,83520
23-2011,ID,2030,0.94,54640,36930,43990,49690,62540,75420
23-2011,IL,14130,0.92,72310,46860,56160,63670,81970,104580
23-2011,IN,5910,0.73,61830,40650,46870,57030,74240,92160
23-2011,KS,2210,0.61,57680,38860,47000,55000,64170,79090
23-2011,KY,3540,0.7,59240,36560,47220,59830,70920,78730
23-2011,LA,4890,1,59360,36960,47520,60250,72790,78230
23-2011,MA,7800,0.85,81160,49770,62580,77640,96820,117480
23-2011,MD,6460,0.93,73060,48260,51660,65640,84700,108380
23-2011,ME,1210,0.75,64260,48260,57840,62420,71500,80550
23-2011,MI,7730,0.69,67240,46590,51280,62170,76820,96610
23-2011,MN,7400,0.99,73960,47730,56230,75570,83420,102920
23-2011,MO,7130,0.96,64380,42150,47520,61410,75980,96820
23-2011,MS,2270,0.77,49500,35660,36900,46180,58790,67960
23-2011,MT,1010,0.78,58930,46140,48560,57290,66960,76660
23-2011,NC,13650,1.09,60770,38570,47640,57500,71930,84410
23-2011,ND,730,0.67,58880,45300,49290,59430,66120,78430
23-2011,NE,1630,0.63,63480,44230,49390,63250,73940,86990
23-2011,NH,1430,0.83,66940,46870,53540,62040,77040,86190
23-2011,NJ,12010,1.11,72550,47070,60040,71500,80920,99900
23-2011,NM,1740,0.79,61530,43660,48130,59840,72520,80490
23-2011,NV,3620,0.92,66350,47640,55410,64680,76980,82160
23-2011,NY,34220,1.4,76890,48330,57430,68410,94200,115720
23-2011,OH,9270,0.66,64180,41720,49500,60420,77360,94660
23-2011,OK,3110,0.72,55510,36020,40330,53170,61840,82060
23-2011,OR,4870,0.98,69830,48250,55490,61490,80950,98640
23-2011,PA,14670,0.96,68510,45710,50710,63370,78980,96080
23-2011,RI,2070,1.63,58630,43370,44860,56250,66120,79650
23-2011,SC,7420,1.27,55790,38020,46630,53880,61620,75640
23-2011,SD,600,0.52,62260,48890,53730,58320,67200,84090
23-2011,TN,6080,0.73,60790,43570,47270,58820,67470,83100
23-2011,TX,29540,0.83,65480,39190,47410,62310,77740,98440
23-2011,UT,3250,0.74,67810,43930,48790,63220,80160,100510
23-2011,VA,10250,0.99,70740,47860,56050,63990,81590,100550
23-2011,VT,660,0.86,69020,48650,58530,67160,78620,87390
23-2011,WA,9460,1.05,83740,50470,62670,79400,100960,116750
23-2011,WI,4780,0.64,61270,45220,47690,58500,71130,86210
23-2011,WV,1660,0.93,63590,35770,41410,59000,78360,107310
23-2011,WY,600,0.84,52540,35890,47390,49490,56420,64780
23-2093,AK,100,1.02,74710,46710,58830,75960,86930,100320
23-2093,AL,,**,63910,45360,48570,61330,77340,87440
23-2093,AR,650,1.59,52050,34060,37880,47510,62460,71470
23-2093,AZ,1210,1.19,58360,39780,46270,49580,69820,83900
23-2093,CA,,**,76950,51500,59190,67230,90570,115040
23-2093,CO,1400,1.56,76700,50080,59450,77600,87920,106640
23-2093,CT,90,0.16,66110,46790,54660,62940,70850,97390
23-2093,DE,140,0.93,66430,49060,55220,65270,72870,82090
23-2093,FL,4800,1.55,60310,40190,48340,58450,70140,79210
23-2093,GA,660,0.43,54810,24590,39940,48320,72020,84040
23-2093,HI,90,0.47,,,,,,
23-2093,IA,400,0.83,45540,28440,37290,46330,53520,60620
23-2093,ID,640,2.4,63830,45460,47370,61730,76000,91720
23-2093,IL,1290,0.68,55480,38150,46070,49990,61750,74640
23-2093,IN,,**,49630,35570,38470,46150,58810,71260
23-2093,KS,710,1.58,59690,33790,46690,54640,66400,91270
23-2093,KY,270,0.44,57420,38180,43070,52860,61530,82300
23-2093,LA,390,0.64,49350,32990,37600,38470,63540,70940
23-2093,MA,,**,70970,52990,53080,69100,95680,95690
23-2093,MD,420,0.49,57650,37730,46290,55460,67600,74380
23-2093,ME,70,0.34,48300,32620,32620,48900,62390,62400
23-2093,MI,,**,52180,34240,39140,49540,61730,72500
23-2093,MN,560,0.61,60000,49240,50790,58250,70080,77530
23-2093,MO,1470,1.6,52060,36520,39640,48190,59910,76510
23-2093,MS,150,0.42,47590,33800,41040,47060,55530,58200
23-2093,NC,400,0.26,52980,33280,35300,50500,64220,78210
23-2093,ND,140,1.06,66500,48760,51710,59980,83330,99820
23-2093,NE,360,1.11,54290,43910,45860,48880,63100,68460
23-2093,NH,,**,66970,48580,50550,62090,82390,82390
23-2093,NJ,550,0.41,67660,48640,56120,61930,75250,90930
23-2093,NM,480,1.78,60450,40730,45880,57940,71280,82780
23-2093,NV,620,1.28,69760,47160,59590,71050,80750,94320
23-2093,NY,2130,0.7,70040,50640,56950,61380,78410,93890
23-2093,OH,1860,1.07,58980,40680,46760,56680,66990,78830
23-2093,OK,1500,2.81,57630,35760,39990,50270,65940,94330
23-2093,OR,640,1.05,84130,60940,65420,76930,97510,110660
23-2093,PA,2220,1.17,62640,33980,45120,52220,74610,95610
23-2093,RI,120,0.77,63860,48650,48650,63300,67390,84410
23-2093,SC,,**,50050,36300,37160,46740,55060,77400
23-2093,SD,180,1.28,63270,45760,48410,59300,65430,97610
23-2093,TN,1160,1.14,53760,35880,42750,50240,62840,78300
23-2093,TX,6770,1.54,64810,38320,48860,60120,79610,96480
23-2093,UT,1160,2.15,64770,40830,49200,62210,81740,86430
23-2093,VA,1340,1.04,58850,39090,48160,54230,64470,80830
23-2093,WA,930,0.83,71270,48830,58400,66440,81330,97280
23-2093,WI,700,0.76,54180,39050,45520,48070,58730,72220
23-2093,WV,350,1.61,75540,50620,61940,77230,87240,98530
23-2093,WY,200,2.32,55180,36580,45890,48710,64030,77920
25-1011,AK,130,0.75,181700,63170,94560,168930,331040,332000
25-1011,AL,1260,1.13,103170,48310,62710,82170,128810,171420
25-1011,AR,450,0.65,90100,35500,53280,64620,114270,167190
25-1011,AZ,1240,0.73,100890,63470,71230,81600,127690,157770
25-1011,CA,5290,0.55,140670,60910,80600,128470,176570,250700
25-1011,CO,2080,1.37,90800,37830,55620,78210,126190,166020
25-1011,CT,1310,1.46,137480,59750,78090,103750,168350,294680
25-1011,DC,630,1.69,144980,62930,81170,128370,172370,265940
25-1011,DE,280,1.11,139290,54830,79650,130370,167870,207780
25-1011,FL,2900,0.55,92230,50580,61630,78870,103220,156480
25-1011,GA,1940,0.75,95630,15080,56880,82820,127970,167390
25-1011,HI,390,1.17,82710,39710,40220,76860,102100,139370
25-1011,IA,890,1.08,107120,49750,61120,83200,129830,207890
25-1011,ID,240,0.52,106830,48320,62680,84190,143810,174920
25-1011,IL,3580,1.11,108900,37590,58130,94770,141710,215800
25-1011,IN,2030,1.2,108930,48720,66000,86640,134320,181340
25-1011,KS,660,0.86,117120,48140,61090,83310,140190,238150
25-1011,KY,760,0.72,96250,39430,59180,80140,127800,175390
25-1011,LA,640,0.63,137530,58030,81690,129040,176570,218880
25-1011,MA,4190,2.18,132880,59760,80430,103110,169010,238900
25-1011,MD,2280,1.56,131980,62460,86220,126560,165080,205950
25-1011,ME,300,0.89,98850,51250,61300,83250,114710,169920
25-1011,MI,2240,0.96,125880,43360,64730,111190,163360,229160
25-1011,MN,980,0.63,120440,63170,79320,95820,134990,214490
25-1011,MO,1720,1.11,127260,49640,64380,100310,167370,280710
25-1011,MS,530,0.87,88140,34450,56330,75680,107940,159370
25-1011,MT,170,0.62,109550,50890,62520,81490,129880,199660
25-1011,NC,2960,1.13,100340,42480,61720,79600,131980,173320
25-1011,ND,250,1.11,116420,58730,71780,110050,161610,203170
25-1011,NE,530,0.99,110100,52190,65480,88690,136480,205000
25-1011,NH,580,1.61,123790,47680,63250,83070,142010,350260
25-1011,NJ,3190,1.41,104370,32220,52750,85250,137070,179290
25-1011,NM,410,0.88,96210,42680,51030,83980,135750,173650
25-1011,NV,400,0.49,112810,47690,66500,98920,142920,176170
25-1011,NY,7480,1.46,121940,50420,77230,104490,162800,206360
25-1011,OH,3100,1.06,102290,36550,58280,79770,132980,210020
25-1011,OK,770,0.86,94470,38340,52500,82060,107470,172690
25-1011,OR,940,0.91,107330,52100,78190,100180,129620,171370
25-1011,PA,4630,1.45,111930,46820,74100,101760,150080,178670
25-1011,RI,360,1.36,125040,66110,83350,103820,162750,203360
25-1011,SC,1500,1.23,96220,38780,49990,78830,129380,172580
25-1011,SD,260,1.07,83150,51260,62150,72650,101240,139230
25-1011,TN,1260,0.73,109730,53780,65060,85950,132980,169710
25-1011,TX,7710,1.04,114720,40550,61280,101210,159440,212160
25-1011,UT,460,0.5,136750,68250,95540,115870,165540,236200
25-1011,VA,2450,1.13,128850,47680,64450,103860,177770,234460
25-1011,VT,110,0.68,107730,55200,73440,101170,137250,172180
25-1011,WA,1190,0.63,115920,55420,67150,100390,154370,209090
25-1011,WI,1940,1.25,111340,57080,78770,96680,132340,173020
25-1011,WV,420,1.14,117120,56670,77240,104480,161640,206080
25-1011,WY,150,1.03,90520,47380,47380,69550,119520,167800
25-1021,AL,500,1.04,99120,56310,64640,92640,123780,159600
25-1021,AR,160,0.55,58290,23500,24890,56180,72590,98540
25-1021,AZ,700,0.95,99400,71240,71240,84050,122760,157530
25-1021,CA,2480,0.6,137170,60850,93000,128210,171030,225640
25-1021,CO,920,1.41,89810,30800,59960,80530,112350,139900
25-1021,CT,390,1.02,117700,60950,79690,106290,135280,167540
25-1021,DC,210,1.3,110080,66190,80080,101380,129500,166170
25-1021,DE,120,1.13,114750,60340,83040,102080,133040,162570
25-1021,FL,950,0.42,76960,50520,61640,76950,84410,106370
25-1021,GA,1160,1.04,101320,15080,63810,98030,134900,172850
25-1021,IA,290,0.82,98860,61450,75490,89510,121260,157790
25-1021,ID,120,0.59,,,,,,
25-1021,IL,1540,1.11,103710,42860,63890,98750,132960,165810
25-1021,IN,1240,1.7,104750,60800,77000,102660,134530,173770
25-1021,KS,260,0.79,85760,30360,57900,67400,112370,170660
25-1021,KY,310,0.67,93320,46680,59280,83470,109370,139570
25-1021,LA,200,0.45,97360,51120,71560,77530,126590,154840
25-1021,MA,1490,1.79,128720,66120,85380,128030,163640,208700
25-1021,MD,830,1.32,104840,31760,66580,98850,135890,180340
25-1021,ME,120,0.79,110290,60870,72020,99730,136240,161560
25-1021,MI,810,0.81,113580,60920,81900,107690,138300,176080
25-1021,MN,480,0.71,95420,63010,76990,85710,114240,132670
25-1021,MO,510,0.76,101950,53990,67080,90770,128700,162330
25-1021,MS,160,0.59,82400,48860,60370,75520,97590,143160
25-1021,MT,60,0.5,85660,45490,61800,81560,97630,163930
25-1021,NC,1650,1.46,89040,45270,61320,80080,105740,135900
25-1021,ND,90,0.87,96590,55840,64930,81400,134030,172000
25-1021,NE,260,1.11,106280,49160,70840,94360,131180,162290
25-1021,NH,210,1.34,99940,64730,72460,83630,102800,160470
25-1021,NJ,1440,1.48,94680,32220,52990,81500,128410,176830
25-1021,NM,200,1,96820,56150,62670,79440,105430,156260
25-1021,NV,140,0.39,107460,60650,81320,106640,125030,181670
25-1021,NY,3170,1.44,105620,51180,73980,96450,130360,170200
25-1021,OH,1180,0.93,94990,39390,63100,91230,124640,160060
25-1021,OK,210,0.55,80880,37030,39940,76570,107800,137100
25-1021,OR,530,1.17,118010,62240,84160,107310,135220,198650
25-1021,PA,1520,1.1,96210,37000,62140,97500,126390,153860
25-1021,RI,160,1.4,103950,60770,80720,100790,128690,161420
25-1021,SC,380,0.73,93910,56790,64940,78240,113640,146070
25-1021,SD,150,1.41,78350,52040,61380,75540,88910,106900
25-1021,TN,560,0.75,100820,60930,64420,81600,131950,166310
25-1021,TX,3540,1.1,101440,47960,62310,97480,129950,161040
25-1021,UT,550,1.38,123530,67070,95090,124460,150600,163860
25-1021,VA,1670,1.78,120790,54950,75440,106780,159640,200140
25-1021,VT,110,1.6,105820,65440,83150,94930,128030,161390
25-1021,WA,800,0.99,100450,57370,71540,90950,122930,168390
25-1021,WI,510,0.76,105230,73660,81530,97730,114540,167710
25-1021,WV,270,1.69,83480,49880,61180,73880,94580,128240
25-1021,WY,40,0.63,67980,44710,52150,63900,77690,94750
25-1022,AL,850,1.31,72580,50230,60560,65900,79630,97860
25-1022,AR,290,0.72,59740,37250,45800,54340,61540,77860
25-1022,AZ,680,0.68,77600,61220,71230,71230,80760,99460
25-1022,CA,3810,0.68,141340,77570,101600,130680,169110,226560
25-1022,CO,890,1.01,90330,50780,63780,81930,104430,134020
25-1022,CT,820,1.58,98040,58960,63980,85020,123000,160520
25-1022,DC,260,1.19,99090,63230,76540,81880,124000,159740
25-1022,DE,130,0.84,104480,61060,76060,101510,127030,154180
25-1022,FL,2660,0.87,66710,51670,56640,60700,77120,84940
25-1022,GA,1100,0.73,73310,40020,53520,66440,85920,108500
25-1022,IA,450,0.94,91700,52810,65400,80300,103060,134040
25-1022,ID,200,0.76,,,,,,
25-1022,IL,2390,1.28,82100,42060,59660,77080,103290,129280
25-1022,IN,1100,1.12,88750,50490,61090,78780,104680,133480
25-1022,KS,460,1.05,74760,45280,48400,64330,85430,131990
25-1022,KY,490,0.79,77500,47300,58970,65820,83420,129890
25-1022,LA,340,0.58,78720,47290,61430,79940,98330,118750
25-1022,MA,1880,1.68,100910,60490,68350,85490,116170,165490
25-1022,MD,820,0.97,103800,54030,66240,83360,126290,176630
25-1022,ME,170,0.86,92300,59380,61500,81130,105550,139640
25-1022,MI,1420,1.05,104810,45310,67670,99330,125010,174260
25-1022,MN,690,0.76,96340,61310,79760,85570,107360,130940
25-1022,MO,740,0.82,82840,47270,58810,74640,100800,124800
25-1022,MS,360,1.01,66030,46630,51900,61760,76460,97590
25-1022,MT,120,0.78,84960,51520,61020,80610,98570,122520
25-1022,NC,1870,1.23,80600,49410,59700,73620,87120,132720
25-1022,ND,120,0.91,83500,54300,62670,76770,107290,119810
25-1022,NE,270,0.86,88600,54740,62020,79310,102150,133390
25-1022,NH,150,0.72,97190,54460,65160,91670,104060,163190
25-1022,NJ,1660,1.27,90840,32220,52910,80660,108870,139910
25-1022,NM,400,1.48,72210,42680,42680,66550,84470,106310
25-1022,NV,250,0.52,83900,53020,66370,82540,104170,109070
25-1022,NY,4080,1.37,99810,52400,67080,87230,124830,162400
25-1022,OH,1600,0.94,85940,45280,60290,81330,102320,127610
25-1022,OK,430,0.81,64180,34290,47450,64660,78300,95400
25-1022,OR,820,1.37,98190,59000,66850,91770,120890,138260
25-1022,PA,2000,1.07,90020,49790,62450,82170,104600,126790
25-1022,RI,260,1.68,113690,62810,79180,95600,131890,183740
25-1022,SC,700,0.99,79170,51340,61750,77580,83680,105490
25-1022,SD,130,0.91,74340,52060,60660,64620,87210,106840
25-1022,TN,870,0.87,86050,49780,61330,76240,95830,137100
25-1022,TX,4870,1.13,85160,47430,60030,76990,100010,130280
25-1022,UT,370,0.7,88080,49510,62290,83270,98520,134290
25-1022,VA,1570,1.25,86140,42400,53610,75830,103470,136000
25-1022,VT,170,1.79,94650,61030,68000,84860,105750,140210
25-1022,WA,820,0.75,96120,59360,72640,85560,103740,131990
25-1022,WI,780,0.87,96330,60640,71280,80480,102080,141160
25-1022,WV,210,0.98,75300,50050,58440,69370,80430,114880
25-1022,WY,110,1.24,73830,47890,56300,76910,80990,101470
25-1042,AL,1160,1.7,91440,49800,61440,77540,100610,161460
25-1042,AR,430,1.03,81870,34860,57840,77670,95120,129250
25-1042,AZ,,**,110880,62760,71230,83030,132880,169900
25-1042,CA,3610,0.61,146810,75280,99550,129150,177180,250700
25-1042,CO,810,0.87,100200,47720,71600,98680,125380,157300
25-1042,CT,870,1.59,109380,61330,73930,96470,127880,200720
25-1042,DC,350,1.53,113410,61920,76560,96830,129860,206510
25-1042,DE,130,0.84,108550,63780,83200,101380,126230,161320
25-1042,FL,2020,0.63,66170,51670,55560,57140,75070,92580
25-1042,GA,980,0.62,106450,55840,70740,88020,127920,170430
25-1042,IA,540,1.08,100360,59130,63810,78060,103960,167300
25-1042,ID,220,0.79,98600,50670,67620,81620,129200,136380
25-1042,IL,2340,1.19,108130,47340,62740,99060,132780,207930
25-1042,IN,1100,1.07,97940,56070,62770,83130,122210,163900
25-1042,KS,430,0.92,95460,54220,64780,81300,110250,135550
25-1042,KY,470,0.72,82110,46330,58220,70630,99120,132940
25-1042,LA,390,0.63,95740,55710,62360,79010,107180,167040
25-1042,MA,2060,1.75,134120,64180,78980,105050,163500,296440
25-1042,MD,970,1.09,98930,48530,66580,83500,118500,165040
25-1042,ME,270,1.3,97880,58610,67530,84080,127570,159880
25-1042,MI,1460,1.03,109950,61290,78380,103620,133070,173750
25-1042,MN,780,0.82,109120,65360,78640,96880,130340,163920
25-1042,MO,1060,1.12,104480,52700,62600,80970,127650,174850
25-1042,MS,580,1.54,77750,46250,53350,66830,81610,129060
25-1042,MT,110,0.69,102630,64120,80380,100480,125910,158670
25-1042,NC,1960,1.23,87520,51490,61630,77700,104290,136020
25-1042,ND,170,1.21,91500,49020,58490,90740,108090,135380
25-1042,NE,500,1.51,100660,58680,61580,81190,130760,167530
25-1042,NH,170,0.79,126680,65910,78100,102410,160070,205070
25-1042,NJ,1570,1.14,92210,32220,50500,79540,123660,165620
25-1042,NM,150,0.52,105120,62510,76460,98820,129280,147510
25-1042,NV,350,0.7,89550,64630,65880,85040,106850,123880
25-1042,NY,3870,1.24,114100,56520,75500,98180,132570,205870
25-1042,OH,1350,0.75,83840,46940,61060,79600,100670,126400
25-1042,OK,470,0.85,76680,38170,53950,65960,97220,106110
25-1042,OR,800,1.25,107030,61270,77840,100820,127000,165440
25-1042,PA,2410,1.23,95300,57810,68320,85970,116500,130330
25-1042,RI,250,1.55,105470,60950,61990,102300,131270,166050
25-1042,SC,750,1,93250,53360,62100,82300,100310,150920
25-1042,SD,160,1.1,83890,58490,62120,76570,102280,126370
25-1042,TN,830,0.79,94800,53170,62910,78940,111690,135990
25-1042,TX,3840,0.85,95570,50320,62210,82470,105370,159210
25-1042,UT,300,0.54,90700,39320,63850,81580,110300,138950
25-1042,VA,1760,1.33,93310,46210,62590,79190,107070,154320
25-1042,VT,170,1.78,94860,61730,66580,82230,104660,129810
25-1042,WA,960,0.84,111370,59690,77900,97280,133500,212090
25-1042,WI,950,1,96070,60550,65410,78920,106100,177920
25-1042,WV,220,0.97,75960,47950,58980,67190,88010,123830
25-1042,WY,160,1.71,85360,48500,60880,82930,99980,129430
25-1052,AL,310,1.14,88450,58230,63450,76430,100110,132730
25-1052,AR,110,0.64,67380,45110,62880,64720,75890,87200
25-1052,AZ,210,0.52,107300,66050,76540,103790,133170,157720
25-1052,CA,1650,0.71,154490,78450,102980,132960,188810,278510
25-1052,CO,330,0.9,98960,54270,69200,96600,110570,161930
25-1052,CT,350,1.61,101510,63180,70860,78820,109450,160060
25-1052,DC,100,1.12,117940,64710,81340,103370,132350,208260
25-1052,DE,80,1.34,123060,79960,96400,104610,159290,206950
25-1052,FL,340,0.27,82330,58070,62750,77630,82290,103680
25-1052,GA,500,0.79,99740,53570,65530,85300,119830,168570
25-1052,IA,230,1.12,101070,61090,64100,82050,127200,154290
25-1052,ID,60,0.52,,,,,,
25-1052,IL,880,1.12,100070,50240,63490,97860,125550,160620
25-1052,IN,530,1.28,95440,57800,63250,81530,103460,160680
25-1052,KS,170,0.91,114750,58020,75070,93830,135240,178690
25-1052,KY,250,0.97,96830,58980,62710,82550,130020,164170
25-1052,LA,140,0.56,100930,64650,72330,83680,115880,162610
25-1052,MA,820,1.74,130570,66080,80930,108270,168200,216670
25-1052,MD,310,0.87,112680,62720,80680,101530,133140,172220
25-1052,ME,70,0.83,98200,58810,61450,85250,121990,160030
25-1052,MI,560,0.99,108740,53670,74600,101030,129080,181960
25-1052,MN,430,1.14,122920,66560,81030,104380,168240,210350
25-1052,MO,460,1.22,101260,51840,62100,83000,123830,169540
25-1052,MS,130,0.88,74580,44340,51970,66420,93000,125100
25-1052,MT,80,1.18,96990,64410,66640,84680,128370,134450
25-1052,NC,900,1.42,90050,52190,62050,78620,103790,134210
25-1052,ND,60,1.03,113150,51740,77800,111020,132990,172240
25-1052,NE,150,1.13,94230,57320,74630,85050,97590,130190
25-1052,NH,70,0.78,121450,65550,83300,102220,127680,212020
25-1052,NJ,750,1.36,92670,32220,62430,81600,111000,158820
25-1052,NM,80,0.69,93100,63380,67120,85240,101310,140810
25-1052,NV,60,0.32,107720,65720,83670,101640,125750,173850
25-1052,NY,1840,1.47,111660,61710,76800,99880,129880,199220
25-1052,OH,700,0.98,85450,49200,62210,77910,102030,128310
25-1052,OK,220,1.01,76110,42120,49180,64450,101940,116240
25-1052,OR,460,1.82,115700,65690,82650,101350,130580,182260
25-1052,PA,1270,1.63,96320,59370,73730,95070,103640,132680
25-1052,RI,110,1.7,110720,59670,66830,100920,132530,183750
25-1052,SC,270,0.91,93030,52120,64250,81200,105600,160250
25-1052,SD,70,1.15,80790,58020,61960,75810,102500,123190
25-1052,TN,370,0.89,95780,59730,65130,79150,111490,137280
25-1052,TX,1470,0.82,96270,55480,62640,81810,105820,160430
25-1052,UT,200,0.88,114960,64850,76680,102110,127180,162180
25-1052,VA,760,1.44,93880,52540,62660,80330,106500,139460
25-1052,VT,90,2.26,89250,59000,63470,78560,93690,133780
25-1052,WA,390,0.85,93990,58540,74110,85970,101620,127710
25-1052,WI,450,1.2,107080,62730,76850,83480,108120,181370
25-1052,WV,90,0.94,91910,59200,64150,81830,103280,142030
25-1052,WY,30,0.87,90300,71770,75070,82830,101300,126060
25-1081,AL,840,1.02,68550,46750,51850,63730,78350,100490
25-1081,AR,250,0.49,70200,46730,61040,74500,78820,92000
25-1081,AZ,1590,1.26,89200,49730,64500,78520,104910,135140
25-1081,CA,3100,0.44,113870,59620,79040,111850,132730,159270
25-1081,CO,1060,0.95,70720,32000,42980,66870,85030,107200
25-1081,CT,900,1.35,87230,49100,62720,80620,101030,127400
25-1081,DC,230,0.85,87940,49820,64800,80810,104330,123890
25-1081,DE,120,0.64,,,,,,
25-1081,FL,1290,0.33,66220,37500,49500,63640,75140,94970
25-1081,GA,1750,0.92,57190,15080,15080,62510,78070,92890
25-1081,HI,460,1.86,60910,47190,48790,49800,64530,96650
25-1081,IA,690,1.12,73730,29850,45060,62090,86750,130120
25-1081,ID,170,0.5,74240,29990,60070,65720,97760,128880
25-1081,IL,3930,1.65,67070,37690,47140,61560,78810,100000
25-1081,IN,1830,1.46,73610,40180,52320,66150,83060,104380
25-1081,KS,590,1.05,74660,40260,49540,63010,84040,128700
25-1081,KY,620,0.8,67150,37170,45930,61450,80840,104060
25-1081,LA,460,0.61,106100,49040,59780,83710,106290,212740
25-1081,MA,2050,1.44,93170,49990,65160,79980,104760,137750
25-1081,MD,870,0.81,79000,31760,50740,78820,97460,125900
25-1081,ME,190,0.76,78590,55130,60620,77050,86770,103360
25-1081,MI,1140,0.66,89600,45300,60080,79910,109200,138850
25-1081,MN,950,0.82,82760,48410,62790,78950,98040,125400
25-1081,MO,1140,1,72890,40620,50580,65910,83230,104210
25-1081,MS,430,0.96,65960,31440,50050,61860,76840,103070
25-1081,MT,130,0.63,68520,33640,48130,70320,78490,101510
25-1081,NC,2130,1.1,73220,41030,51980,70050,84490,105820
25-1081,ND,230,1.36,80400,48520,59430,77540,97720,103850
25-1081,NE,600,1.5,87560,50060,61460,78950,96060,133500
25-1081,NH,630,2.34,59890,45970,46410,49250,67200,95400
25-1081,NJ,2580,1.54,79490,32220,49910,77600,101990,129930
25-1081,NM,290,0.84,71440,39670,47630,64830,85240,108790
25-1081,NV,310,0.51,78930,45620,57290,74240,100410,123390
25-1081,NY,5430,1.43,96740,51680,65580,82020,107710,168280
25-1081,OH,2120,0.98,71590,26880,50130,62400,83810,113680
25-1081,OK,560,0.84,62400,22380,40380,60880,79060,90230
25-1081,OR,1240,1.61,85420,36310,65790,73880,95810,150520
25-1081,PA,3390,1.43,75280,39210,49460,74910,96950,113950
25-1081,RI,190,0.97,87490,50300,62810,80030,103170,125510
25-1081,SC,1270,1.41,72570,33150,48000,66690,83710,105770
25-1081,SD,190,1.08,67350,55550,60860,63350,74640,82690
25-1081,TN,950,0.74,75410,47330,57760,72390,83350,103790
25-1081,TX,6400,1.16,74180,37270,49650,68280,97610,108130
25-1081,UT,330,0.48,75460,43100,58280,77090,94570,108230
25-1081,VA,1630,1.01,81190,41650,54380,77060,97620,124330
25-1081,VT,170,1.44,80400,43410,64890,78100,97740,126780
25-1081,WA,1270,0.91,77330,50540,60110,75170,86890,103650
25-1081,WI,1540,1.34,76440,44280,61650,74790,83190,106970
25-1081,WV,320,1.15,69320,45310,49630,63270,78440,99210
25-1081,WY,80,0.76,74350,48110,52150,66350,80160,101380
25-1123,AK,90,0.78,81200,65030,81060,82770,83010,83840
25-1123,AL,1040,1.32,65490,46450,54730,62910,75450,92140
25-1123,AR,320,0.67,64210,31770,47550,56520,76410,83540
25-1123,AZ,870,0.73,87830,61860,71250,76990,100220,137250
25-1123,CA,5460,0.81,134950,62360,95900,130490,167640,216190
25-1123,CO,1220,1.14,78420,47390,59540,72910,86800,119830
25-1123,CT,940,1.5,98200,60240,73600,97310,106090,131520
25-1123,DC,410,1.56,95530,62590,64640,82300,101620,138270
25-1123,DE,,**,99090,63970,79580,97100,117950,124580
25-1123,FL,2480,0.67,64490,49740,58010,59740,65460,82720
25-1123,GA,1140,0.63,71890,41530,54340,65530,80490,105510
25-1123,IA,510,0.89,78230,48960,58860,79720,93410,102530
25-1123,IL,2570,1.13,80140,37270,51090,77570,102600,125520
25-1123,IN,1000,0.84,82520,47790,57770,69180,93490,132830
25-1123,KS,460,0.86,72240,46440,49490,62340,83490,107350
25-1123,KY,540,0.73,70580,40450,50950,65090,82540,106250
25-1123,LA,430,0.6,72690,50510,55890,60350,81840,102640
25-1123,MA,2900,2.14,103940,62050,70720,83980,118120,175580
25-1123,MD,830,0.81,93770,46130,66590,83760,104760,135130
25-1123,ME,230,0.99,93890,60230,61450,84290,128370,139640
25-1123,MI,1730,1.06,94670,50770,64910,90240,127540,137400
25-1123,MN,920,0.84,86950,56640,76150,84200,98340,127160
25-1123,MO,1040,0.95,79580,47310,59650,73070,94790,111020
25-1123,MS,530,1.22,59850,30450,47170,60680,73940,78540
25-1123,MT,130,0.68,77540,48710,60600,73160,83480,116850
25-1123,NC,2140,1.17,68270,42620,51160,63370,78590,99810
25-1123,ND,120,0.76,70400,50870,60140,63690,77920,96820
25-1123,NE,500,1.32,88050,45610,59470,78450,98220,127140
25-1123,NH,230,0.89,99470,63750,80270,98650,104920,135440
25-1123,NJ,1950,1.23,88440,32220,49670,78760,104110,149590
25-1123,NM,230,0.71,82010,51650,60220,66450,83940,126760
25-1123,NV,280,0.48,81100,54920,62740,85830,86310,102540
25-1123,NY,6110,1.7,104260,52220,66260,84850,122980,173580
25-1123,OH,2240,1.09,74050,46840,56980,65140,93600,104370
25-1123,OK,500,0.79,59080,30930,41950,53200,68340,83040
25-1123,OR,960,1.32,101490,52060,70470,91870,116340,162800
25-1123,PA,2530,1.12,87040,49290,63200,80670,102840,122700
25-1123,RI,540,2.93,92970,64700,79190,79190,102290,129890
25-1123,SC,840,0.99,76390,47400,59030,64470,82990,104990
25-1123,SD,110,0.65,65870,49200,57400,62960,77820,85340
25-1123,TN,1150,0.95,70650,48580,59070,64220,78850,99170
25-1123,TX,4310,0.83,86400,46840,61190,78900,102500,130870
25-1123,UT,420,0.66,78770,48110,59510,73280,98900,130040
25-1123,VA,1810,1.19,82420,43250,54480,67330,98070,135710
25-1123,VT,170,1.48,95840,51290,65400,86870,106780,160980
25-1123,WA,1000,0.76,81800,56220,66820,79840,98700,102360
25-1123,WI,840,0.77,92220,60540,66330,80800,101350,127910
25-1123,WV,250,0.95,69180,40890,51080,63280,79350,99190
25-1123,WY,140,1.3,69610,48730,61890,62030,76910,96480
25-2011,AK,520,0.52,50670,35090,35210,46130,60880,76950
25-2011,AL,7910,1.22,31160,21150,23190,28310,33240,47350
25-2011,AR,3270,0.81,38180,27190,28480,34190,45940,56690
25-2011,AZ,9400,0.94,38800,31760,35180,36300,38150,47790
25-2011,CA,55700,0.99,51190,37870,43910,47400,59150,65350
25-2011,CO,5210,0.59,53270,35820,38200,45500,63160,84700
25-2011,CT,5230,1,50830,35460,37510,45740,58880,80400
25-2011,DC,2350,1.09,68100,40240,45490,62150,77450,108270
25-2011,DE,2000,1.34,37240,31200,34770,36360,37560,44270
25-2011,FL,35740,1.17,37040,29550,30520,35860,37610,46980
25-2011,GA,16850,1.12,47920,28150,35340,43920,59100,77130
25-2011,HI,1410,0.73,50670,37160,41280,48780,58270,64110
25-2011,IA,5910,1.23,35760,27730,29240,33830,37550,48390
25-2011,ID,1010,0.38,35650,26500,29980,32800,39220,46950
25-2011,IL,22420,1.19,45150,36030,37750,40910,46790,60890
25-2011,IN,7110,0.72,38240,28720,30520,36650,44130,50920
25-2011,KS,1330,0.3,46580,27850,37450,47750,55640,61790
25-2011,KY,8520,1.38,35400,23490,27840,29780,39300,51760
25-2011,LA,3570,0.6,41280,23700,29680,38020,50250,59970
25-2011,MA,18710,1.67,48460,35890,37820,45890,48580,60440
25-2011,MD,8020,0.94,47470,35760,36750,44600,47710,67510
25-2011,ME,1110,0.56,45350,36170,37560,43890,48430,60110
25-2011,MI,10950,0.81,39730,30310,34650,37110,45310,50720
25-2011,MN,10320,1.14,45130,36060,37570,43430,47240,61190
25-2011,MO,5580,0.62,39030,29030,30440,36090,44030,54610
25-2011,MS,3600,1,35500,20980,23310,36250,45020,53370
25-2011,MT,960,0.61,38440,28370,31480,36540,44950,49550
25-2011,NC,18370,1.21,37340,28700,30700,35710,40330,47530
25-2011,ND,540,0.41,41620,25990,30660,39720,48420,59560
25-2011,NE,1630,0.52,50150,31620,38080,47040,59990,73620
25-2011,NH,2220,1.06,41950,34670,36350,39350,46700,51470
25-2011,NJ,16190,1.23,56770,37020,39030,48220,64370,86910
25-2011,NM,2490,0.93,50510,32270,37230,44070,60740,79560
25-2011,NV,2360,0.49,42970,30100,32790,38870,46650,64590
25-2011,NY,23870,0.8,51930,36050,38610,46520,59680,75660
25-2011,OH,19840,1.16,36500,27260,29530,35180,37280,48240
25-2011,OK,7010,1.33,37310,23100,28520,31790,46930,58130
25-2011,OR,6300,1.04,48130,35680,38670,45140,56840,63550
25-2011,PA,22760,1.22,37250,29590,31200,36050,38270,46460
25-2011,RI,1890,1.22,39850,31200,35900,36830,43280,46180
25-2011,SC,4550,0.64,36190,26820,29280,34500,37170,49900
25-2011,SD,1470,1.05,42440,30980,34830,44500,48260,56370
25-2011,TN,5420,0.54,41170,27160,29290,34280,53450,64480
25-2011,TX,41200,0.95,35970,26430,28420,33860,37690,49680
25-2011,UT,3670,0.69,36450,28770,29780,35010,37550,47300
25-2011,VA,13570,1.07,42490,30290,34660,37140,45150,60710
25-2011,VT,940,1.01,52520,36650,44400,49730,59440,66020
25-2011,WA,13210,1.21,48140,38080,42800,45660,48490,60130
25-2011,WI,11330,1.25,36500,28530,30190,36160,38670,46090
25-2011,WV,2190,1.01,37650,23520,27040,32480,47940,58810
25-2011,WY,1040,1.2,37330,23600,27850,29930,50940,58880
25-2012,AL,310,0.21,53360,37400,39820,50900,63790,67510
25-2012,AR,1490,1.63,55220,47240,50420,52060,58980,65710
25-2012,AZ,3020,1.33,57550,45850,49190,52830,62620,76760
25-2012,CA,7430,0.58,88160,53210,64100,82550,107340,124400
25-2012,CO,3260,1.62,68150,47300,55120,62870,78850,97710
25-2012,CT,1420,1.2,88070,61730,73960,90030,102050,111450
25-2012,DC,180,0.37,86500,63530,76160,81500,98110,123530
25-2012,DE,70,0.21,68420,46940,52300,74030,80450,82950
25-2012,FL,8810,1.27,59970,49960,51630,58100,62520,77460
25-2012,GA,4530,1.32,69870,48610,59810,65680,77980,95070
25-2012,HI,90,0.21,58230,47740,47740,53160,69840,75340
25-2012,IA,1160,1.06,58170,47020,48830,58420,65780,75860
25-2012,ID,460,0.77,64620,49840,54860,62240,77010,81240
25-2012,IL,4660,1.09,71160,46040,53010,64020,81390,103420
25-2012,IN,2120,0.95,57920,46260,49030,58250,61860,76200
25-2012,KS,1300,1.29,57130,47180,49210,56670,61600,65070
25-2012,KY,2450,1.75,59670,44980,49130,60280,65070,79920
25-2012,LA,3730,2.76,54040,44720,50670,53130,59270,60530
25-2012,MA,1980,0.78,84950,58900,65150,84100,100840,106600
25-2012,MD,1560,0.8,78160,56520,62860,75910,93010,108360
25-2012,ME,570,1.28,57810,45350,46360,52660,65770,79290
25-2012,MI,1890,0.61,66710,39070,47990,63300,81740,95320
25-2012,MN,2840,1.38,72880,45280,56040,75500,86720,98680
25-2012,MO,2300,1.12,58740,44520,47780,56590,65300,79100
25-2012,MS,1350,1.66,49960,37980,47020,48880,56780,60110
25-2012,MT,400,1.11,56060,38570,44840,47590,62670,81070
25-2012,NC,2250,0.65,53120,40760,46910,53180,59530,63620
25-2012,ND,600,1.99,58850,47490,49470,59420,62070,77890
25-2012,NE,1120,1.57,63530,46260,51400,62200,75720,78160
25-2012,NH,520,1.09,64240,47150,50850,60240,78920,83570
25-2012,NJ,5370,1.79,78110,60040,62830,74210,96940,102870
25-2012,NM,950,1.56,71000,51420,60740,74380,80640,88570
25-2012,NV,1400,1.29,66570,55020,55020,64930,78040,82740
25-2012,NY,6950,1.02,86620,49020,62380,77630,103570,137710
25-2012,OH,3290,0.85,70590,46040,57550,72570,82080,97880
25-2012,OK,1690,1.41,52620,43790,46540,47860,56450,60420
25-2012,OR,1330,0.96,72090,49190,57560,68580,84920,98100
25-2012,PA,2510,0.59,68760,41700,57700,64430,80960,92600
25-2012,RI,360,1.02,77600,38050,63420,85470,96130,99320
25-2012,SC,1540,0.96,60850,47730,50430,60890,70140,79090
25-2012,SD,610,1.9,51640,46520,48050,49410,57440,59910
25-2012,TN,2740,1.19,57680,46980,49990,58070,63070,74440
25-2012,TX,3820,0.39,60880,43730,55960,63780,66350,72640
25-2012,UT,530,0.44,69280,40900,58120,63190,78360,95620
25-2012,VA,3740,1.3,69880,48850,59390,63920,82510,100930
25-2012,VT,250,1.16,68220,49120,55980,63280,79650,89030
25-2012,WA,5270,2.12,95380,65400,79150,99960,108050,125990
25-2012,WI,1510,0.73,60320,39990,48780,59350,72090,79340
25-2012,WV,730,1.48,58600,47630,50240,58790,62000,72210
25-2012,WY,360,1.86,61500,50980,58080,60990,63680,75280
25-2021,AK,3500,1.2,78580,62140,62800,79260,97090,98610
25-2021,AL,22030,1.17,59590,47750,49290,61380,64160,73950
25-2021,AR,12590,1.08,56210,49380,50940,52700,60750,63120
25-2021,AZ,24240,0.84,58920,43370,47900,56590,63440,79470
25-2021,CA,155160,0.95,95670,61940,77140,99650,119970,127070
25-2021,CO,24860,0.97,70110,48410,59020,63410,80160,98950
25-2021,CT,16330,1.08,83380,58870,62630,80600,100840,105890
25-2021,DC,3750,0.6,93910,63950,77950,96580,102650,128370
25-2021,DE,2900,0.67,73230,50330,60960,75920,86260,94100
25-2021,FL,79090,0.89,59530,48680,50800,58930,62510,75780
25-2021,GA,43820,1,70720,49260,61110,72290,77870,98030
25-2021,HI,6040,1.08,70670,55210,59530,71410,76740,95120
25-2021,IA,17300,1.24,59110,47260,48620,60580,64210,77400
25-2021,ID,6850,0.9,60940,45940,48900,61600,65960,80710
25-2021,IL,61520,1.13,74630,47040,58430,75320,97830,105250
25-2021,IN,27720,0.97,60850,47330,49620,59700,69830,77730
25-2021,KS,14350,1.12,56730,47700,49090,56450,61330,71730
25-2021,KY,19080,1.07,59870,45600,48400,60610,64570,79740
25-2021,LA,22060,1.28,58170,46680,49110,58770,61850,76380
25-2021,MA,29930,0.92,88720,60620,76990,94000,102180,118190
25-2021,MD,29610,1.2,80090,56290,62290,77680,100560,107040
25-2021,ME,7490,1.31,65930,46570,48820,62390,78290,92100
25-2021,MI,40910,1.04,69000,47670,52040,65110,79150,94680
25-2021,MN,26640,1.01,74790,48870,59250,76350,91290,100880
25-2021,MO,33180,1.27,56730,39980,47200,50910,61620,78820
25-2021,MS,11060,1.07,52300,46020,47660,49790,59490,62990
25-2021,MT,4960,1.09,58150,38160,46830,57530,65190,78450
25-2021,NC,42410,0.96,54070,45570,47470,54930,59730,62590
25-2021,ND,4430,1.15,59140,46530,49360,60030,61970,75990
25-2021,NE,8710,0.95,63730,46700,51260,62380,75750,78130
25-2021,NH,5190,0.85,69930,48110,60410,72410,80880,92920
25-2021,NJ,40300,1.05,82120,61840,64060,78200,98670,105480
25-2021,NM,6210,0.8,72170,58120,62680,74550,78060,86560
25-2021,NV,9550,0.69,65840,49560,54980,65040,78130,82670
25-2021,NY,101410,1.17,93400,56760,66100,85760,126930,136260
25-2021,OH,47870,0.97,72740,47680,59960,77370,82720,99210
25-2021,OK,18500,1.21,52320,41400,46720,48200,58260,61930
25-2021,OR,12600,0.72,74370,48500,60020,77130,92190,103540
25-2021,PA,48370,0.89,75780,51990,61380,77060,88660,99630
25-2021,RI,3830,0.86,79660,45070,61860,90930,96020,99610
25-2021,SC,25030,1.22,62210,48410,50280,60820,74120,77570
25-2021,SD,4290,1.05,52680,47120,48000,50130,58030,60180
25-2021,TN,28240,0.96,59850,48100,50360,59980,64590,76840
25-2021,TX,116260,0.93,61890,48500,59460,62760,65410,73570
25-2021,UT,14820,0.96,73630,49610,60210,74810,82600,100340
25-2021,VA,37880,1.03,71540,49770,60120,65550,82350,100290
25-2021,VT,3610,1.33,68410,48700,59300,63070,78800,97230
25-2021,WA,28980,0.91,97970,64610,80320,102350,115880,127570
25-2021,WI,24920,0.95,65960,48610,51460,61210,76820,84470
25-2021,WV,5420,0.87,54890,48080,50170,55630,58340,60790
25-2021,WY,2600,1.04,63630,51630,59310,61150,73860,76860
25-2022,AK,1150,0.89,81140,62630,76170,78940,96300,97110
25-2022,AL,10000,1.19,60320,48320,49240,61770,63760,74090
25-2022,AR,6140,1.18,58830,49780,51680,59570,61830,74100
25-2022,AZ,9020,0.7,62000,46940,49940,59710,65990,81420
25-2022,CA,37300,0.51,94680,62410,76270,98950,111610,129500
25-2022,CO,13280,1.16,70440,49580,59760,63760,79560,99400
25-2022,CT,7920,1.17,86920,60070,65240,93610,102380,110120
25-2022,DC,1540,0.55,84060,59860,78130,79900,96830,108730
25-2022,DE,2350,1.22,71270,48310,60510,67780,81900,94760
25-2022,FL,31370,0.79,60040,49310,51750,58940,63220,75520
25-2022,GA,23610,1.21,69780,47540,58830,64780,78680,97960
25-2022,HI,2480,0.99,71870,51180,59150,69230,79220,96720
25-2022,IA,6270,1.01,60080,40920,47780,60450,73900,79110
25-2022,ID,2360,0.69,62940,46870,50570,60930,74510,79070
25-2022,IL,24770,1.02,75870,47810,59440,76110,94520,105580
25-2022,IN,11700,0.92,63170,47720,50170,60700,74450,79750
25-2022,KS,6230,1.09,59840,48290,50300,60580,64320,78430
25-2022,KY,8040,1.01,60150,46270,48870,61120,65150,79650
25-2022,LA,5560,0.72,59040,46260,48790,58760,62310,78020
25-2022,MA,16570,1.14,87300,60590,76190,89450,100980,107610
25-2022,MD,14530,1.32,83070,59890,62660,78510,101450,115540
25-2022,ME,2780,1.09,66830,47640,58820,63590,75820,80650
25-2022,MI,15420,0.88,68160,46530,50630,63790,79150,95370
25-2022,MN,8890,0.76,70420,47560,50480,62640,81390,99340
25-2022,MO,11330,0.97,61510,43760,47670,59310,73640,91130
25-2022,MS,6260,1.35,52930,46020,47260,50790,59340,60860
25-2022,MT,1980,0.97,61240,39140,47730,61550,75900,80290
25-2022,NC,20650,1.05,53350,44660,47050,52010,59110,61770
25-2022,ND,1400,0.82,60780,47090,50420,60100,62750,79760
25-2022,NE,4150,1.02,63630,38790,51310,62510,76530,78290
25-2022,NH,3120,1.15,69030,47600,58840,71140,80570,92660
25-2022,NJ,23650,1.38,81690,61450,64310,78770,98180,104790
25-2022,NM,4260,1.23,73110,61630,64080,75240,77640,82880
25-2022,NV,3910,0.63,68810,49610,61050,66300,79630,83160
25-2022,NY,38670,1,95960,60040,75990,94840,124280,137370
25-2022,OH,30450,1.38,73280,46040,55620,77090,93520,101940
25-2022,OK,7620,1.12,53920,43400,46490,48440,59440,68990
25-2022,OR,6940,0.89,77690,49360,60870,78350,94160,100250
25-2022,PA,22720,0.94,77630,48610,61250,77930,96600,105330
25-2022,RI,2370,1.19,80970,46460,63160,92760,95610,99150
25-2022,SC,9750,1.06,62580,48090,50860,60810,74510,78160
25-2022,SD,2130,1.17,53290,47000,48030,50980,58320,60790
25-2022,TN,13060,1,61030,48540,50780,60690,64650,76830
25-2022,TX,80160,1.43,64480,51410,61140,63390,69340,75750
25-2022,UT,5960,0.86,80660,54940,62880,79180,97910,102400
25-2022,VA,18290,1.12,69870,50590,59850,63520,78440,99370
25-2022,VT,1620,1.33,72710,49300,60830,73940,81630,97630
25-2022,WA,10510,0.74,99330,65250,81010,102140,118740,128170
25-2022,WI,14460,1.23,65220,47870,51770,61960,76510,79990
25-2022,WV,4090,1.46,56210,45540,54620,57210,59850,63130
25-2022,WY,1290,1.15,65560,51900,60550,62480,74060,78670
25-2031,AK,2790,1.25,82460,63360,78250,79650,97880,98140
25-2031,AL,15880,1.1,62280,48190,51240,61990,72470,76300
25-2031,AR,12890,1.44,59710,49430,51410,59660,62270,75760
25-2031,AZ,21190,0.95,64440,46240,49670,58360,64890,93530
25-2031,CA,99230,0.8,105880,64600,79710,101370,125920,132600
25-2031,CO,18310,0.93,73330,48970,60860,72900,83790,101300
25-2031,CT,14800,1.27,84460,51710,62800,80970,101260,113610
25-2031,DC,2800,0.58,88460,50750,66480,82750,102320,128170
25-2031,DE,5360,1.61,74240,51420,61690,77960,82460,95220
25-2031,FL,49810,0.73,61570,49210,52340,60410,64770,77100
25-2031,GA,25730,0.77,72000,49450,60950,75480,79240,96820
25-2031,HI,5590,1.3,73230,56040,59270,74310,81220,98360
25-2031,IA,12310,1.15,61860,47480,49390,61200,73970,79270
25-2031,ID,6570,1.12,66470,47950,50070,61690,78280,91620
25-2031,IL,44670,1.07,89320,49020,62330,79990,104670,135960
25-2031,IN,20430,0.93,67640,48300,51580,61880,77430,95070
25-2031,KS,10860,1.1,58930,47630,49440,59920,64160,76230
25-2031,KY,12780,0.93,63450,47130,49990,61560,75290,83310
25-2031,LA,15210,1.15,61170,47590,49390,59850,62580,79720
25-2031,MA,28460,1.14,90270,61500,77890,95260,102530,122660
25-2031,MD,16640,0.88,79820,58150,62300,78670,98690,102690
25-2031,ME,5540,1.26,66820,47520,50870,64880,79920,83450
25-2031,MI,25540,0.85,71200,47830,57670,66030,81230,98720
25-2031,MN,16020,0.79,80020,49160,60620,76460,97400,121220
25-2031,MO,24380,1.21,60310,40540,47680,59240,71000,79300
25-2031,MS,10400,1.3,53690,45760,47750,50980,60360,62850
25-2031,MT,3670,1.05,61550,38120,47420,60990,74470,81270
25-2031,NC,28620,0.85,55760,45430,47760,57650,60740,64460
25-2031,ND,3070,1.04,61830,47630,50260,61210,74400,81310
25-2031,NE,7170,1.02,65520,46870,60740,63450,76070,78510
25-2031,NH,5860,1.25,72040,48570,60860,77060,81980,96510
25-2031,NJ,38140,1.3,87100,63040,75790,82200,102410,108230
25-2031,NM,8120,1.36,72920,59330,63190,75900,79550,84170
25-2031,NV,8920,0.84,68570,54850,54850,65520,83190,83190
25-2031,NY,70660,1.06,97220,60070,76050,97070,131980,136450
25-2031,OH,49540,1.3,78110,48370,61170,78800,97520,103150
25-2031,OK,15480,1.32,54950,45150,46860,48710,59720,71650
25-2031,OR,11730,0.87,79050,49640,61990,79570,96140,101310
25-2031,PA,52240,1.26,77650,51440,61750,78800,92980,102360
25-2031,RI,4910,1.43,84120,51670,66470,92610,97230,100370
25-2031,SC,16080,1.02,65340,48740,55790,62580,76600,80700
25-2031,SD,3360,1.07,53960,47130,48180,51050,59500,62040
25-2031,TN,21230,0.95,62950,49050,52870,61860,73740,79180
25-2031,TX,111660,1.16,65740,50410,61390,63590,73720,78020
25-2031,UT,11030,0.93,75460,51400,61660,76330,83410,98730
25-2031,VA,31100,1.1,75060,49900,60250,72170,83820,107930
25-2031,VT,2450,1.18,72350,49800,60660,76220,80510,99830
25-2031,WA,14880,0.61,99350,62950,81360,102670,121100,128410
25-2031,WI,15910,0.79,66880,48550,58910,62870,77420,83340
25-2031,WV,3590,0.75,56630,48450,52200,56610,60870,64040
25-2031,WY,1600,0.83,66020,51440,60490,62690,74950,78830
25-2059,AL,110,0.24,54660,37590,37590,49520,77170,88710
25-2059,AR,70,0.25,63760,50490,51860,61690,72630,79630
25-2059,AZ,,**,67330,45680,55290,59500,81940,92330
25-2059,CA,8920,2.24,101160,64830,82090,103050,120860,126210
25-2059,CO,180,0.28,76690,44960,53760,79290,92510,98920
25-2059,CT,1400,3.77,66570,40730,45920,61480,79580,102050
25-2059,DC,130,0.87,72850,42860,63600,71130,78740,107140
25-2059,DE,50,0.43,84030,61820,75040,85040,96090,102500
25-2059,FL,900,0.42,69330,50570,53100,68690,79060,97240
25-2059,GA,980,0.92,76370,48440,61740,76130,92300,101560
25-2059,IA,340,0.99,67400,36390,56100,71050,80800,90870
25-2059,IL,2560,1.92,69780,47660,51420,64850,79110,100320
25-2059,IN,80,0.11,61280,48240,55350,60920,64260,72490
25-2059,KY,290,0.66,64840,48410,51740,63140,75080,83780
25-2059,LA,610,1.45,60900,47390,52790,61170,63670,79130
25-2059,MA,300,0.37,81220,56800,65610,78440,96370,108850
25-2059,MD,3020,5.02,82430,61390,64410,76100,100370,105130
25-2059,ME,,**,64880,52480,52490,56780,81330,89000
25-2059,MI,3320,3.45,75610,49500,62060,78540,85470,101330
25-2059,MN,180,0.28,72690,47490,62350,69470,80900,98100
25-2059,MO,210,0.33,57710,43310,46220,49610,66700,83240
25-2059,MS,60,0.24,49000,27410,28690,46700,64230,69620
25-2059,NC,,**,66360,50440,60040,65170,74890,74940
25-2059,ND,90,0.92,63400,50830,58080,61500,67980,80180
25-2059,NE,60,0.28,65560,38950,46130,59760,78850,105680
25-2059,NH,160,1.05,65870,51830,55570,66670,74190,78800
25-2059,NJ,610,0.65,72910,48780,62910,71110,79770,103980
25-2059,NM,100,0.51,94040,79710,86520,86520,107250,107250
25-2059,NV,1230,3.64,65590,54800,54800,64410,78710,83210
25-2059,NY,2170,1.03,78020,47130,58690,65970,81570,126430
25-2059,OH,580,0.48,58020,37530,39210,51230,74700,92020
25-2059,OR,820,1.9,86380,58820,71280,82240,95890,136490
25-2059,PA,450,0.34,74940,46990,57910,76530,97760,99500
25-2059,RI,110,1.05,74530,50670,62800,80080,83300,98940
25-2059,TN,180,0.26,66680,45490,61030,63300,76670,81740
25-2059,TX,880,0.29,63720,43980,50590,65710,71500,84230
25-2059,UT,100,0.27,73090,52440,60400,67860,85650,99250
25-2059,VA,540,0.6,79960,51690,60830,77280,105130,108040
25-2059,VT,70,1.13,51340,45140,45140,46980,57180,65980
25-2059,WA,170,0.21,77090,48630,63820,76790,90270,101280
25-2059,WI,160,0.24,67230,40540,50420,66910,79320,80510
25-2059,WV,530,3.44,42640,30050,32830,39920,49400,51810
25-3011,AL,470,0.92,50320,37770,42910,48870,58440,63410
25-3011,AR,230,0.72,44300,30250,30250,43240,55220,66870
25-3011,AZ,570,0.74,64480,32570,41240,61750,77130,91670
25-3011,CA,1660,0.38,97890,55930,68750,102030,125090,131510
25-3011,CO,820,1.19,57010,40030,40030,51170,72790,79200
25-3011,CT,410,1,70930,39680,56160,72180,83090,99470
25-3011,DC,570,3.36,72130,48670,62530,62940,81610,102810
25-3011,DE,200,1.7,76660,49360,62390,78600,82670,104630
25-3011,FL,3670,1.54,60080,47430,52490,58920,63010,77310
25-3011,GA,470,0.4,46740,34460,41030,47540,52170,58880
25-3011,HI,300,1.97,47470,38390,42640,44600,46060,68270
25-3011,IA,370,0.98,49330,37110,39710,48010,54220,64710
25-3011,ID,270,1.31,57960,43740,45710,50040,75050,77260
25-3011,IL,1970,1.34,66810,47330,49410,62370,82360,98470
25-3011,IN,650,0.85,58620,41880,50470,58660,62320,78760
25-3011,KS,160,0.47,51890,39290,46920,52030,56550,64080
25-3011,KY,350,0.72,46710,38790,40450,44990,50200,61360
25-3011,LA,100,0.21,65600,42860,46070,66870,77570,83250
25-3011,MA,1420,1.63,68650,48490,52110,62290,83380,98890
25-3011,MD,450,0.67,58090,43140,47990,59950,64370,65540
25-3011,ME,330,2.13,62610,54840,56220,58880,67570,76580
25-3011,MI,560,0.53,59230,39600,48120,59900,63650,78420
25-3011,MN,2880,4.06,75930,50430,61540,76800,84410,100280
25-3011,MO,620,0.88,58310,37720,41020,51770,80240,80840
25-3011,MS,240,0.87,51930,38020,46980,49900,54340,67360
25-3011,MT,110,0.9,61300,47760,47760,56500,73900,77900
25-3011,NC,3720,3.14,54100,40440,46090,51810,61980,72130
25-3011,ND,180,1.75,66760,47310,58860,63820,76500,85510
25-3011,NE,130,0.52,50220,28080,40800,49040,54360,85680
25-3011,NH,50,0.31,61550,52980,52980,64440,65460,72480
25-3011,NJ,1350,1.31,77410,41030,59870,81100,94450,104410
25-3011,NM,210,1,57660,42070,42680,49170,67230,83490
25-3011,NV,40,0.12,52670,45300,45300,48930,57190,69750
25-3011,NY,2810,1.21,86880,48930,64460,78010,96650,128900
25-3011,OH,750,0.56,53910,36670,44480,47190,65320,76460
25-3011,OK,300,0.72,53150,39050,48950,51840,57050,71910
25-3011,OR,510,1.08,80160,43330,54920,65700,101980,116910
25-3011,PA,790,0.54,61820,42990,49640,57230,73260,86320
25-3011,RI,,**,59330,49310,50830,57690,63390,79660
25-3011,SC,480,0.88,62770,41600,50190,62940,74630,79380
25-3011,SD,100,0.91,45080,34950,35370,35760,58080,63270
25-3011,TN,240,0.3,66070,48960,51900,60340,80910,97920
25-3011,TX,1830,0.54,53480,38640,44520,49490,61760,63790
25-3011,UT,60,0.13,52160,48140,48140,49680,51290,60690
25-3011,VA,700,0.71,70180,47570,49440,64540,83500,104190
25-3011,VT,70,0.89,68350,42220,47300,62500,79600,94820
25-3011,WA,1310,1.54,71640,48930,59330,69990,79800,98940
25-3011,WI,1050,1.49,67160,44250,49140,64980,80190,96060
25-3011,WV,250,1.49,63300,47840,64280,65050,65690,70790
25-3011,WY,100,1.41,53400,46190,49620,52060,62050,62050
25-3021,AK,190,0.28,55300,36830,42550,47710,64480,85880
25-3021,AL,2130,0.47,41510,21520,28230,38430,51670,60810
25-3021,AR,900,0.32,35270,23080,25950,30810,40220,49990
25-3021,AZ,2330,0.34,47770,34830,37230,44110,56510,68390
25-3021,CA,60260,1.55,61550,36850,40480,49570,74640,102720
25-3021,CO,9700,1.58,49430,34190,36430,44710,56460,75050
25-3021,CT,5080,1.4,64210,35610,44920,55240,76680,109990
25-3021,DC,600,0.4,70820,49470,60960,66430,82120,96380
25-3021,DE,260,0.25,45800,31200,31380,34730,60060,81300
25-3021,FL,11800,0.56,50020,29810,35060,45830,61410,75510
25-3021,GA,10030,0.96,55630,26810,34320,52320,74410,93760
25-3021,HI,1730,1.29,60920,31670,45090,51960,76630,101030
25-3021,IA,2910,0.87,42060,21570,28090,35670,50020,72800
25-3021,ID,2190,1.2,38590,21700,29070,36490,45090,58060
25-3021,IL,15030,1.15,50730,31200,35710,44230,58910,79650
25-3021,IN,3710,0.54,40640,23880,28860,36980,46920,62350
25-3021,KS,1070,0.35,42190,28480,31200,41290,47550,59380
25-3021,KY,1630,0.38,44900,22120,28270,39990,55240,77190
25-3021,LA,3030,0.73,46010,22400,29790,37760,62560,79580
25-3021,MA,11950,1.54,63000,36550,39430,49430,78380,108120
25-3021,MD,6570,1.11,63530,33050,37160,51630,81070,106600
25-3021,ME,1120,0.82,52010,32130,37440,46720,59470,79280
25-3021,MI,7190,0.76,46800,28000,31300,40350,55850,74400
25-3021,MN,9050,1.44,49000,30790,37090,45660,59760,70930
25-3021,MO,5010,0.8,46040,29770,33700,43090,56180,69920
25-3021,MS,690,0.28,43870,21640,24020,38770,58550,70560
25-3021,MT,1070,0.97,47540,29340,34060,45050,56650,72380
25-3021,NC,9320,0.88,47770,25420,30650,41710,60510,76490
25-3021,ND,470,0.51,40190,28010,29600,35100,45700,62080
25-3021,NE,3360,1.54,47150,28080,29280,38240,60070,74870
25-3021,NH,1820,1.25,63620,33320,43890,59880,78520,96850
25-3021,NJ,13380,1.46,61540,36370,43640,53780,75750,96680
25-3021,NM,1840,0.99,52260,29360,37440,45890,63830,89170
25-3021,NV,1690,0.51,52270,26000,33990,47020,61360,102170
25-3021,NY,31120,1.5,70270,35670,42200,57790,83920,130050
25-3021,OH,8860,0.75,42260,24580,28660,37360,47980,68540
25-3021,OK,2710,0.74,54610,22120,27770,38010,59280,106510
25-3021,OR,5580,1.33,54240,33490,39650,53790,61860,76330
25-3021,PA,15270,1.18,46400,27940,32500,41740,54060,75130
25-3021,RI,1400,1.31,45750,31200,37280,41960,47350,61600
25-3021,SC,3430,0.7,45230,22160,30160,39800,54950,76960
25-3021,SD,140,0.15,53430,32390,38360,49720,64540,79770
25-3021,TN,3530,0.5,46410,23740,31770,38730,54600,76730
25-3021,TX,16680,0.55,43470,24020,28910,36140,53660,71610
25-3021,UT,5180,1.4,48990,25630,30630,43580,53790,80320
25-3021,VA,8730,0.99,59120,29780,36210,49160,76350,102120
25-3021,VT,1190,1.84,65900,37740,45150,53190,84720,120390
25-3021,WA,12890,1.7,54590,36360,40280,48020,62760,80410
25-3021,WI,5140,0.82,44260,26310,31200,37820,49160,69990
25-3021,WV,540,0.36,44300,22720,31470,45010,55500,63820
25-3021,WY,610,1.02,49050,26180,36730,46640,62740,72110
25-4022,AK,350,1.27,76430,48760,62440,78810,97710,98530
25-4022,AL,2750,1.51,63100,37890,52400,64650,74090,78310
25-4022,AR,1490,1.33,54130,31640,42920,56800,63160,73210
25-4022,AZ,1990,0.71,61670,35730,45550,60500,75070,96490
25-4022,CA,10180,0.65,92300,50750,66540,89790,108800,132870
25-4022,CO,1990,0.8,75070,51200,62110,76480,84260,101280
25-4022,CT,2550,1.75,82290,50340,63050,79210,99120,116720
25-4022,DC,960,1.59,96550,63540,76960,96550,108780,126660
25-4022,DE,370,0.89,80970,56940,66090,77700,95070,102160
25-4022,FL,6670,0.78,68540,49320,59750,67060,77620,92240
25-4022,GA,3330,0.79,75300,48500,61680,76750,84300,101730
25-4022,HI,300,0.56,72460,51280,58290,68270,82400,97760
25-4022,IA,1770,1.32,58520,31620,39550,58440,76040,86600
25-4022,ID,650,0.88,57950,35940,39000,54130,70740,90950
25-4022,IL,5390,1.03,69420,38650,49720,62700,80690,103540
25-4022,IN,1920,0.7,55660,32520,41120,53500,65720,79300
25-4022,KS,1620,1.31,61760,34780,52570,61900,74510,80570
25-4022,KY,1980,1.15,65970,45950,54020,65200,76840,85190
25-4022,LA,2130,1.28,61410,46800,51630,60650,64240,78240
25-4022,MA,4980,1.59,80220,50260,62550,78540,97710,109060
25-4022,MD,3220,1.35,89530,57380,68350,88570,105070,123910
25-4022,ME,780,1.42,60770,36580,47200,59540,73890,83640
25-4022,MI,3940,1.04,63020,39450,48780,60010,76240,89750
25-4022,MN,2220,0.88,75800,48040,62570,77650,90510,99990
25-4022,MO,2970,1.17,59470,34510,45790,58700,73810,86850
25-4022,MS,1060,1.06,54220,29340,47250,56970,62030,68970
25-4022,MT,640,1.45,64940,40750,50180,63870,78550,84440
25-4022,NC,4010,0.94,64140,44600,51450,61420,73900,83650
25-4022,ND,570,1.53,64550,36400,48470,62830,75940,98000
25-4022,NE,1200,1.36,63200,33820,46620,64060,77490,92860
25-4022,NH,1150,1.95,67000,40560,50650,63580,81940,94300
25-4022,NJ,4100,1.11,82240,56320,63900,78380,99770,107050
25-4022,NM,580,0.78,65900,41600,50440,62530,75540,97490
25-4022,NV,610,0.45,81580,56310,66670,84540,95150,102940
25-4022,NY,11870,1.42,84890,52340,63490,78590,99530,129970
25-4022,OH,4820,1.01,63350,39710,48740,60630,76460,92900
25-4022,OK,1820,1.24,57740,32350,48040,58180,64200,82650
25-4022,OR,1690,1,78580,43740,60220,78070,93620,116250
25-4022,PA,5050,0.97,66530,37240,46990,62880,81120,98490
25-4022,RI,780,1.8,76960,50040,61670,75860,94670,100990
25-4022,SC,2130,1.07,64320,36490,49260,62640,77130,92890
25-4022,SD,490,1.25,53840,37760,42750,51210,60600,77500
25-4022,TN,2540,0.9,61560,36860,51330,62090,74130,80140
25-4022,TX,9150,0.76,72400,49240,61260,71860,81710,100790
25-4022,UT,1630,1.09,61500,35810,41600,53730,77440,99890
25-4022,VA,4590,1.3,77240,48510,61770,77430,94380,107600
25-4022,VT,600,2.29,63660,36390,50650,62360,75160,86070
25-4022,WA,2750,0.9,98530,64440,80690,100030,118540,129690
25-4022,WI,2450,0.97,68360,46350,58260,66870,79290,85970
25-4022,WV,610,1.01,46340,29910,33100,42980,56960,63130
25-4022,WY,440,1.82,49500,27990,35550,46530,60420,74290
25-9031,AK,550,1.15,76720,52990,56840,72320,97590,108020
25-9031,AL,2040,0.66,75160,46460,57170,69000,97710,109710
25-9031,AR,1300,0.68,70750,48380,57470,67100,79530,95550
25-9031,AZ,6560,1.38,68900,46080,51230,62620,77940,98910
25-9031,CA,20950,0.79,98180,50740,66560,97010,126380,152260
25-9031,CO,3400,0.81,84350,56210,65930,82160,99580,107960
25-9031,CT,1780,0.72,95520,58820,68810,96170,116220,129910
25-9031,DC,1220,1.19,113260,68330,84470,105990,127760,156430
25-9031,DE,980,1.38,77090,49390,62900,79290,92140,98990
25-9031,FL,18030,1.24,66560,44900,49230,60790,77550,98440
25-9031,GA,7830,1.09,85500,56700,71570,81060,99900,119600
25-9031,HI,1130,1.23,92940,60870,76590,96080,104100,122810
25-9031,IA,2760,1.21,74360,50390,61790,74970,83350,96200
25-9031,ID,1490,1.19,68380,51310,56380,63030,79810,99360
25-9031,IL,10330,1.16,76590,45220,58170,76050,96910,112420
25-9031,IN,2640,0.56,69970,44770,54120,66300,79660,99680
25-9031,KS,1950,0.93,69940,47870,55730,64750,78060,95310
25-9031,KY,3380,1.16,69230,43360,51960,63640,81920,102340
25-9031,LA,2140,0.75,69440,47580,57200,63120,79180,98300
25-9031,MA,6170,1.16,92600,53880,66300,95320,112100,129480
25-9031,MD,4350,1.08,97360,49440,74420,102220,124940,143670
25-9031,ME,480,0.51,75690,49010,60770,76700,86630,103880
25-9031,MI,5680,0.88,81460,51830,63860,79290,98600,108970
25-9031,MN,3130,0.73,86930,59730,65080,80550,98940,118330
25-9031,MO,3110,0.72,73360,48410,59150,72080,86260,103690
25-9031,MS,1840,1.08,65100,37700,49020,61830,77470,96100
25-9031,MT,740,0.99,65810,46440,50730,60920,80350,96250
25-9031,NC,8260,1.14,68480,46370,56380,63340,77850,95150
25-9031,ND,650,1.03,74910,55770,63160,75340,82730,94600
25-9031,NE,1370,0.91,80080,51320,63010,79150,95160,104010
25-9031,NH,510,0.51,81450,45790,59990,81210,99070,115940
25-9031,NJ,3770,0.6,91700,61050,75370,96090,104640,121880
25-9031,NM,510,0.4,84680,55000,67400,80870,100550,120720
25-9031,NV,1130,0.5,70840,44080,56170,67410,82770,96760
25-9031,NY,18730,1.32,85810,50620,62850,80560,102110,125880
25-9031,OH,3510,0.43,77690,46660,59450,77760,96160,107290
25-9031,OK,2540,1.02,67550,42970,51100,63980,80810,101780
25-9031,OR,2940,1.02,92740,58550,70490,84620,114780,130890
25-9031,PA,7540,0.85,75800,48220,59430,75580,87860,105350
25-9031,RI,1240,1.68,66430,38430,46200,63110,79970,101410
25-9031,SC,4370,1.3,71460,38120,48990,65460,83440,104290
25-9031,SD,500,0.75,62420,46910,50480,57910,69070,89590
25-9031,TN,4120,0.86,72520,45030,61820,74390,85500,99180
25-9031,TX,31970,1.55,81800,52490,65920,78710,98700,106070
25-9031,UT,3680,1.45,70340,38100,49150,65780,82140,100280
25-9031,VA,5830,0.97,88620,50310,64680,83230,102760,131940
25-9031,VT,730,1.65,85460,59380,64610,78360,103540,108120
25-9031,WA,4720,0.91,94830,61660,69300,97250,118940,129430
25-9031,WI,2130,0.49,88770,56320,68880,83000,103420,125680
25-9031,WV,730,0.71,73640,42110,57250,69600,95290,100370
25-9031,WY,290,0.71,78150,56760,63540,76140,85050,115330
27-1011,AK,40,0.35,79370,60260,67230,75200,94250,104990
27-1011,AL,210,0.3,85210,56540,66190,77220,98240,131700
27-1011,AR,240,0.54,82350,52990,62060,71930,82070,130030
27-1011,AZ,450,0.4,,,,,,
27-1011,CA,12430,2,156060,81500,106470,137780,192380,249210
27-1011,CO,720,0.73,112040,73110,81910,99990,123570,162610
27-1011,CT,1160,2,101260,69990,69990,71900,130280,161580
27-1011,DC,310,1.3,,,,,,
27-1011,FL,2520,0.74,105200,56780,73680,99660,126200,163450
27-1011,GA,1420,0.85,117070,49990,52900,110430,157750,198360
27-1011,HI,40,0.18,91610,48920,63090,89300,108780,154410
27-1011,IA,280,0.52,91220,62990,70770,80940,106910,126990
27-1011,ID,,**,89980,51990,78680,80680,80680,155210
27-1011,IL,2960,1.42,114870,69200,79820,103550,134680,172050
27-1011,IN,350,0.32,122190,61990,82960,105690,141460,185690
27-1011,KS,,**,76950,38350,57990,60460,96120,121470
27-1011,KY,320,0.47,80360,42990,59530,76160,98320,121940
27-1011,LA,160,0.24,98270,56780,70720,83640,103800,187000
27-1011,MA,1850,1.49,147040,78470,101290,149320,169710,218270
27-1011,MD,570,0.6,110790,61160,80470,98400,125440,175690
27-1011,ME,,**,102820,39950,70470,100300,138120,161030
27-1011,MI,1080,0.72,98020,54590,65000,86660,121620,166880
27-1011,MN,920,0.92,117900,70810,89380,109700,134990,177680
27-1011,MO,780,0.78,108630,60590,79030,100940,126360,162340
27-1011,MS,90,0.23,79440,44020,53790,66020,87920,174410
27-1011,MT,100,0.56,70850,45700,51030,73850,83920,96030
27-1011,NC,,**,95460,56460,82340,90000,99690,142740
27-1011,ND,30,0.23,83170,53200,78740,83170,95260,104290
27-1011,NE,140,0.4,77260,54530,60130,73270,90650,102590
27-1011,NH,160,0.7,117230,70990,83020,132000,134520,169950
27-1011,NJ,1840,1.26,136160,87700,101450,129200,163540,195450
27-1011,NM,60,0.19,,,,,,
27-1011,NV,290,0.56,111350,60000,70130,98070,128170,185100
27-1011,NY,8720,2.64,159200,80060,105750,137320,198330,280320
27-1011,OH,1050,0.55,100300,57740,77570,94390,120430,148080
27-1011,OK,290,0.49,92600,62960,73900,80680,99990,143260
27-1011,OR,1040,1.55,152490,89390,103310,133840,185240,216700
27-1011,PA,1250,0.6,102660,65470,76670,97450,113610,149940
27-1011,RI,90,0.55,95580,56730,66250,72550,107810,194000
27-1011,SC,550,0.7,105970,64380,80090,87990,129040,180030
27-1011,SD,30,0.21,69360,56730,61060,66610,74660,85530
27-1011,TN,930,0.83,108720,50530,71590,89860,125590,172130
27-1011,TX,2480,0.52,101580,55730,75510,88270,108320,172130
27-1011,UT,290,0.5,110860,55230,75900,106500,132130,164030
27-1011,VA,670,0.48,107540,64010,83480,101150,125120,165010
27-1011,VT,80,0.82,122490,77360,96270,129260,153890,153890
27-1011,WA,650,0.54,130550,69690,82790,121170,157140,215900
27-1011,WI,730,0.73,95070,58470,66240,81130,106260,131850
27-1011,WV,30,0.14,69420,45370,53150,63550,82490,111080
27-1014,AL,110,0.4,,,,,,
27-1014,AZ,190,0.45,84890,59870,65810,89650,100230,100230
27-1014,CA,7410,3.17,134360,71710,99280,130540,164800,206160
27-1014,CO,210,0.56,93080,57350,77570,91290,105120,124990
27-1014,FL,1530,1.2,93850,71140,81730,85870,104410,114920
27-1014,GA,350,0.56,77830,40000,58480,81390,96200,106120
27-1014,IA,,**,59740,39300,42580,47530,60980,104000
27-1014,IL,630,0.81,92680,60760,67230,81180,108640,136710
27-1014,IN,300,0.73,73530,50920,54640,75250,93090,93090
27-1014,KS,,**,70870,56470,59000,62720,85040,102530
27-1014,KY,40,0.16,61110,44700,45490,50970,73990,89930
27-1014,MA,,**,84280,57900,63090,80640,98370,109820
27-1014,MD,170,0.49,83310,52710,57520,85830,96640,110750
27-1014,MI,230,0.4,103090,54260,68590,86630,121830,194550
27-1014,MN,30,0.08,68440,62070,64980,64990,69960,77990
27-1014,MO,80,0.21,74600,48020,59160,65470,77570,103740
27-1014,NC,370,0.58,86020,53790,62530,88350,105260,120150
27-1014,NE,90,0.65,56270,43340,43340,50830,77330,80520
27-1014,NJ,320,0.58,,,,,,
27-1014,NM,80,0.68,61400,52070,52790,54000,54010,82180
27-1014,NV,370,1.84,97610,72720,77420,97350,105920,129470
27-1014,NY,1540,1.24,110760,60190,76420,96770,136840,176190
27-1014,OH,200,0.28,92130,45310,62160,67000,156170,166260
27-1014,OK,,**,66380,50820,52920,66980,69560,77860
27-1014,OR,870,3.43,,,,,,
27-1014,PA,300,0.39,74780,49680,57490,71760,93410,103940
27-1014,RI,,**,74170,45810,48640,80040,84510,99060
27-1014,TN,90,0.21,91320,60320,66070,83080,101530,170300
27-1014,TX,,**,94660,56020,62460,78930,121960,150000
27-1014,UT,320,1.44,91180,29990,60590,88210,126770,152720
27-1014,VA,380,0.73,89750,47140,66920,81510,110180,138210
27-1014,WA,1130,2.48,141450,65270,100550,133480,174990,209400
27-1014,WI,210,0.55,81240,53270,56670,64890,91050,154340
27-1014,WV,40,0.46,59180,50860,50860,60940,61270,77740
27-1022,AR,190,1.08,,,,,,
27-1022,AZ,,**,48700,38830,43110,45720,57500,61650
27-1022,CA,6470,2.57,,,,,,
27-1022,CO,360,0.91,94270,59180,73670,94140,105220,132990
27-1022,CT,50,0.2,94620,45040,51720,81510,116380,194570
27-1022,FL,1100,0.8,53350,27710,41130,43020,64190,82330
27-1022,GA,120,0.17,95070,48860,61530,78340,116940,152970
27-1022,HI,,**,52820,43100,44120,47990,51830,74990
27-1022,IN,120,0.27,56210,39190,39840,40740,60200,85580
27-1022,KS,40,0.22,71770,48860,50670,59150,79540,104620
27-1022,KY,120,0.43,,,,,,
27-1022,MA,540,1.08,113650,57710,81390,103520,138880,174250
27-1022,MD,120,0.32,,,,,,
27-1022,ME,30,0.35,59620,31770,40700,49530,74240,124210
27-1022,MI,40,0.07,74660,31800,53220,63430,84160,102330
27-1022,MN,420,1.02,45670,42110,42110,42110,46050,56080
27-1022,MO,200,0.48,,,,,,
27-1022,NC,460,0.68,87590,32280,52310,74990,105890,195590
27-1022,NH,40,0.44,102050,64430,79670,100160,115080,131920
27-1022,NJ,160,0.27,103480,65790,80960,101610,126530,132470
27-1022,NY,5760,4.31,111740,62610,76370,98640,131370,177430
27-1022,OH,90,0.11,73870,43820,54530,82050,86730,93070
27-1022,OR,860,3.17,,,,,,
27-1022,PA,320,0.38,77880,48520,53410,63840,92400,133820
27-1022,TX,1850,0.95,54600,28170,39490,40040,63210,98620
27-1022,UT,430,1.8,,,,,,
27-1022,VA,100,0.17,87480,50410,60790,94120,102790,118490
27-1022,VT,60,1.32,75210,50940,58660,79610,82040,99810
27-1022,WA,,**,90130,55080,71650,82030,100250,136830
27-1022,WI,120,0.3,59030,37950,40200,57030,64040,75770
27-1024,AK,180,0.45,67140,39380,45190,62570,77980,103440
27-1024,AL,1760,0.65,57010,33050,39030,51070,67430,89130
27-1024,AR,1390,0.84,52670,31570,37530,46220,58230,79730
27-1024,AZ,3560,0.86,63570,43780,50250,58510,75290,88590
27-1024,CA,27390,1.18,86800,46190,55500,75130,99240,129560
27-1024,CO,4200,1.15,74460,47030,55000,66330,85810,118560
27-1024,CT,1930,0.89,75420,47420,58510,72700,84790,106830
27-1024,DC,1150,1.29,94630,62240,75300,87920,114280,136660
27-1024,DE,360,0.58,64420,41040,49050,60130,76820,92920
27-1024,FL,12660,1,68070,39810,49510,61660,80680,101860
27-1024,GA,5920,0.95,64240,34860,44750,60250,77670,100110
27-1024,HI,520,0.65,61870,31890,46140,58070,78420,91080
27-1024,IA,2100,1.06,54820,36970,44610,50310,63640,75510
27-1024,ID,920,0.84,55780,32900,40930,50350,64550,82140
27-1024,IL,8960,1.15,66980,36060,47530,62560,81320,98750
27-1024,IN,3450,0.85,61990,38520,46600,55480,70260,98020
27-1024,KS,1730,0.94,57850,37440,43770,53630,64560,86260
27-1024,KY,2060,0.81,56050,32620,42210,52960,65330,81690
27-1024,LA,1750,0.71,54850,35910,42640,49910,62570,76300
27-1024,MA,4450,0.96,79690,47830,60030,76710,95990,108970
27-1024,MD,3050,0.87,77770,44810,57600,75120,94930,109630
27-1024,ME,560,0.69,61780,39160,47840,60030,74120,79000
27-1024,MI,6070,1.08,60250,38770,46370,57350,70400,86320
27-1024,MN,5570,1.48,68280,42690,51570,63860,78380,96960
27-1024,MO,4500,1.2,59660,36950,45420,56750,70920,83270
27-1024,MS,830,0.56,52280,32260,37380,45640,57720,75480
27-1024,MT,610,0.93,61670,37790,43640,56890,70980,104780
27-1024,NC,5660,0.9,63250,37680,46710,58450,74410,95380
27-1024,ND,460,0.85,56160,37610,45270,56470,63760,75700
27-1024,NE,1670,1.28,58000,37440,46400,56700,65590,78840
27-1024,NH,790,0.91,67240,47030,52830,60490,78190,95680
27-1024,NJ,5670,1.04,79430,47490,59150,73790,92040,122940
27-1024,NM,850,0.77,57870,35400,41980,56730,70520,75680
27-1024,NV,1570,0.8,64700,39470,49540,62890,79510,88890
27-1024,NY,14530,1.18,82410,43680,58610,77340,100370,131250
27-1024,OH,7280,1.03,65130,39050,47380,60080,77150,99370
27-1024,OK,2040,0.94,55570,27310,39410,53630,65980,80980
27-1024,OR,4140,1.66,85140,45260,57420,66040,103220,170680
27-1024,PA,8150,1.06,66620,39430,47670,60730,80480,102090
27-1024,RI,750,1.17,78900,49330,62050,78220,93370,107580
27-1024,SC,1930,0.66,60610,37190,44740,57170,72530,90000
27-1024,SD,470,0.81,50880,36290,40990,48390,57560,66620
27-1024,TN,3880,0.93,62670,37910,47510,57270,75170,92540
27-1024,TX,13670,0.76,62570,36340,45990,60150,75540,92910
27-1024,UT,2720,1.23,67600,39170,49960,62310,79000,96810
27-1024,VA,4740,0.91,76670,39020,52470,72310,95420,121680
27-1024,VT,410,1.06,72420,42640,50200,65690,92790,123500
27-1024,WA,3960,0.88,77910,47780,57390,72710,93490,115210
27-1024,WI,4130,1.1,62410,42680,48390,59900,73360,85050
27-1024,WV,520,0.58,45600,29530,35260,40350,48550,61640
27-1024,WY,240,0.67,51110,32820,39960,45150,57010,82990
27-1025,AK,40,0.27,73320,44980,60150,63320,83960,114740
27-1025,AL,620,0.64,62200,32560,41240,61050,75430,103030
27-1025,AR,740,1.24,80310,45390,57560,69990,99850,137160
27-1025,AZ,1600,1.07,69240,48380,55150,61460,81110,97850
27-1025,CA,8500,1.02,89740,50940,63370,80230,102940,131770
27-1025,CO,2300,1.74,86940,48830,61790,78390,102510,133810
27-1025,CT,630,0.8,71730,44320,53780,67330,82750,117610
27-1025,DC,620,1.92,102040,66930,75980,98450,127070,140870
27-1025,DE,190,0.84,64670,48770,57400,60360,71490,86890
27-1025,FL,7410,1.62,65980,39050,47270,60860,79300,96930
27-1025,GA,3050,1.36,78660,45190,52750,71760,94530,123820
27-1025,HI,270,0.95,73680,45930,52040,63780,79990,121480
27-1025,IA,510,0.72,68360,39510,47830,58040,74590,118770
27-1025,ID,350,0.88,,,,,,
27-1025,IL,2570,0.92,85520,44620,59870,76290,93090,131990
27-1025,IN,1020,0.69,65460,40860,49060,62580,76950,94750
27-1025,KS,400,0.61,66910,43040,49110,61090,79590,94380
27-1025,KY,490,0.54,63620,38690,44430,59240,75630,97470
27-1025,LA,350,0.4,59410,37500,45990,60610,69120,81280
27-1025,MA,1580,0.95,83670,52230,61640,80110,95410,123100
27-1025,MD,1440,1.13,70600,45850,59310,65070,80110,99330
27-1025,ME,230,0.78,64440,34280,52630,63830,72520,93840
27-1025,MI,1930,0.95,62180,32800,47620,59340,75640,97400
27-1025,MN,1220,0.9,72420,41280,54070,73270,83920,103010
27-1025,MO,1010,0.74,67280,44360,49340,59610,79700,103440
27-1025,MS,330,0.62,57000,31660,34250,43740,55280,88710
27-1025,MT,290,1.24,63500,31540,43750,61770,78850,86070
27-1025,NC,2610,1.15,66260,39870,49490,61400,78210,100450
27-1025,ND,160,0.79,60190,39100,47740,59190,64730,84960
27-1025,NE,430,0.91,70220,43840,50870,64870,86310,100200
27-1025,NH,300,0.95,64750,38330,47580,64140,75760,97070
27-1025,NJ,1670,0.85,79580,46890,58810,74020,104060,134780
27-1025,NM,90,0.23,70320,41480,47990,60850,72800,90540
27-1025,NV,590,0.83,,,,,,
27-1025,NY,5340,1.2,75510,35990,48980,75580,93100,125620
27-1025,OH,2180,0.86,70070,47080,51160,61410,83880,103530
27-1025,OK,490,0.62,69220,38460,46670,68520,82060,105380
27-1025,OR,1030,1.14,76170,48570,58320,66350,84310,104040
27-1025,PA,1820,0.65,67890,44470,50560,62400,81330,97820
27-1025,RI,550,2.37,67150,50270,50290,58100,76810,99990
27-1025,SC,940,0.89,67970,40720,48610,63790,84510,101360
27-1025,SD,150,0.72,74170,46650,58620,65220,77420,124490
27-1025,TN,1530,1.01,68480,40240,48260,63660,79730,101460
27-1025,TX,6450,1,72090,39430,49180,65160,81850,103850
27-1025,UT,1110,1.39,66290,48130,52830,61740,74660,96590
27-1025,VA,1550,0.82,70840,43230,49980,62560,81680,100030
27-1025,VT,110,0.76,72660,43600,54190,63870,78670,136150
27-1025,WA,1330,0.81,81360,48050,63370,76570,96470,109820
27-1025,WI,1200,0.89,70280,35740,48670,62740,77460,99940
27-1025,WV,90,0.28,54150,38130,39850,49800,59610,77510
27-1025,WY,90,0.72,89250,21290,64300,96100,105160,145600
27-2011,AL,150,0.2,,,,,,
27-2011,AR,70,0.15,,,,,,
27-2011,AZ,380,0.33,,,,,,
27-2011,CA,26170,4.06,,,,,,
27-2011,CO,200,0.2,,,,,,
27-2011,CT,180,0.3,,,,,,
27-2011,FL,6400,1.82,,,,,,
27-2011,GA,1520,0.88,,,,,,
27-2011,IL,1060,0.49,,,,,,
27-2011,IN,510,0.45,,,,,,
27-2011,KY,90,0.13,,,,,,
27-2011,MA,660,0.51,,,,,,
27-2011,MD,520,0.53,,,,,,
27-2011,MI,150,0.09,,,,,,
27-2011,MN,520,0.49,,,,,,
27-2011,MO,450,0.44,,,,,,
27-2011,MS,80,0.18,,,,,,
27-2011,MT,70,0.41,,,,,,
27-2011,NC,730,0.42,,,,,,
27-2011,NJ,470,0.31,,,,,,
27-2011,NV,790,1.45,,,,,,
27-2011,NY,6630,1.94,,,,,,
27-2011,OH,170,0.08,,,,,,
27-2011,OR,470,0.68,,,,,,
27-2011,PA,890,0.41,,,,,,
27-2011,SC,140,0.17,,,,,,
27-2011,TN,370,0.32,,,,,,
27-2011,TX,2160,0.43,,,,,,
27-2011,UT,630,1.03,,,,,,
27-2011,WI,260,0.25,,,,,,
27-2012,AK,160,0.54,59690,41600,45030,54060,70310,82890
27-2012,AL,1040,0.53,73650,39340,45780,63340,81000,107890
27-2012,AR,700,0.58,44440,24090,27000,38820,54180,76110
27-2012,AZ,1720,0.58,94670,36260,49640,67320,105330,208990
27-2012,CA,34110,2.03,155750,63570,83110,129790,172410,306850
27-2012,CO,1960,0.74,86150,45730,58500,78060,99310,134670
27-2012,CT,2200,1.41,107640,49960,63030,88260,138850,177870
27-2012,DC,2640,4.09,115040,69260,82580,104270,133180,170490
27-2012,DE,150,0.33,110780,50420,59640,72650,158510,238670
27-2012,FL,7160,0.78,95330,46460,62360,79920,109670,164090
27-2012,GA,5010,1.11,103280,50540,64540,79950,125780,168740
27-2012,HI,510,0.88,74520,44230,49620,66190,82750,131490
27-2012,IA,720,0.5,64710,36900,42980,58550,75650,101230
27-2012,ID,380,0.48,69860,38400,47520,61150,77580,128260
27-2012,IL,3170,0.56,95920,41250,58790,81080,106320,169040
27-2012,IN,1480,0.5,64940,37040,41890,59870,80490,96100
27-2012,KS,420,0.31,67800,36260,40210,60600,78740,113050
27-2012,KY,950,0.52,61920,35860,45680,54550,74830,95970
27-2012,LA,880,0.49,87230,35750,45750,62920,108800,150220
27-2012,MA,3440,1.03,94850,45820,60220,80970,105940,150140
27-2012,MD,1610,0.63,90950,43740,58580,79350,111990,148700
27-2012,ME,400,0.67,85650,44000,48970,71320,126820,138230
27-2012,MI,2310,0.57,79620,38500,49900,65720,94590,122220
27-2012,MN,1390,0.51,81760,39800,53510,76360,100300,130750
27-2012,MO,1630,0.6,78870,37610,48710,66460,103440,124130
27-2012,MS,390,0.36,56050,27230,41370,48100,63090,84010
27-2012,MT,390,0.83,63490,32570,40070,52580,76990,98820
27-2012,NC,3500,0.77,75170,34120,40230,63700,88430,133170
27-2012,ND,170,0.43,62700,37970,42910,57870,75600,97300
27-2012,NE,470,0.49,62370,33750,44280,52580,76690,101070
27-2012,NH,300,0.48,65050,26560,45560,61560,80810,96560
27-2012,NJ,2970,0.75,124310,62310,78120,119840,161550,206770
27-2012,NM,520,0.65,,,,,,
27-2012,NV,1630,1.14,93070,38420,54630,78480,119620,164900
27-2012,NY,27990,3.14,134810,61960,79700,107550,169260,222580
27-2012,OH,1610,0.31,78200,44950,52590,69350,93090,122450
27-2012,OK,770,0.49,70320,38220,45590,61600,89010,102800
27-2012,OR,1640,0.91,95710,49350,60260,87460,123320,143490
27-2012,PA,4200,0.75,83200,40700,55040,75460,100290,130560
27-2012,RI,560,1.2,90730,43090,58050,84250,98910,136360
27-2012,SC,1190,0.56,73000,38760,45540,56030,84990,136360
27-2012,SD,170,0.39,65090,38140,47320,60260,72610,109180
27-2012,TN,2920,0.97,78680,36120,49650,73020,99220,132610
27-2012,TX,6610,0.51,85080,40610,49020,71710,99100,146340
27-2012,UT,1670,1.04,92790,36500,50000,76350,118520,168140
27-2012,VA,2820,0.75,74770,40780,47550,65900,93180,119090
27-2012,VT,290,1.04,70180,45180,47030,55660,82460,106760
27-2012,WA,2270,0.69,98990,47810,62760,81550,128030,167760
27-2012,WI,1600,0.59,79780,38680,49080,66390,92420,130050
27-2012,WV,230,0.35,63710,35700,39650,46660,75520,124880
27-2012,WY,130,0.49,60010,36850,42230,60420,73930,85090
27-2042,AL,190,0.4,,,,,,
27-2042,AR,110,0.36,,,,,,
27-2042,AZ,410,0.54,,,,,,
27-2042,CA,6840,1.61,,,,,,
27-2042,CO,420,0.63,,,,,,
27-2042,CT,520,1.31,,,,,,
27-2042,DC,200,1.21,,,,,,
27-2042,FL,2130,0.92,,,,,,
27-2042,GA,540,0.47,,,,,,
27-2042,HI,740,5.08,,,,,,
27-2042,IA,250,0.7,,,,,,
27-2042,IL,1300,0.92,,,,,,
27-2042,IN,400,0.53,,,,,,
27-2042,KS,260,0.78,,,,,,
27-2042,KY,130,0.28,,,,,,
27-2042,LA,150,0.34,,,,,,
27-2042,MA,680,0.8,,,,,,
27-2042,MD,570,0.88,,,,,,
27-2042,ME,30,0.23,,,,,,
27-2042,MI,1340,1.31,,,,,,
27-2042,MN,540,0.79,,,,,,
27-2042,MO,620,0.9,,,,,,
27-2042,MS,80,0.3,,,,,,
27-2042,MT,260,2.17,,,,,,
27-2042,NC,750,0.65,,,,,,
27-2042,NJ,570,0.58,,,,,,
27-2042,NM,60,0.28,,,,,,
27-2042,NV,260,0.72,,,,,,
27-2042,NY,5470,2.42,,,,,,
27-2042,OH,1760,1.36,,,,,,
27-2042,OK,280,0.7,,,,,,
27-2042,OR,1310,2.86,,,,,,
27-2042,PA,1160,0.82,,,,,,
27-2042,SC,330,0.62,,,,,,
27-2042,TN,1860,2.44,,,,,,
27-2042,TX,1430,0.44,,,,,,
27-2042,UT,230,0.58,,,,,,
27-2042,VA,400,0.42,,,,,,
27-2042,VT,30,0.47,,,,,,
27-2042,WA,750,0.91,,,,,,
27-2042,WI,380,0.56,,,,,,
27-3011,AK,80,1.7,51500,34040,35880,44790,59040,78080
27-3011,AL,300,1.05,46020,21170,26210,38530,56870,76230
27-3011,AR,300,1.71,35340,24680,27040,36160,39500,45540
27-3011,AZ,410,0.94,86570,32630,35730,47930,77980,202370
27-3011,CA,1620,0.65,,,,,,
27-3011,CO,310,0.79,92440,32410,37440,50660,84150,180930
27-3011,CT,290,1.24,,,,,,
27-3011,DC,70,0.75,,,,,,
27-3011,FL,990,0.73,95660,28370,40450,56360,97150,161210
27-3011,GA,490,0.74,56950,24700,30640,42020,58690,102380
27-3011,HI,140,1.69,77360,35390,39220,51030,64940,166400
27-3011,IA,320,1.51,42970,20800,28680,37090,50280,59970
27-3011,ID,50,0.43,54020,31150,35540,46940,60330,99510
27-3011,IL,770,0.92,54760,31200,32190,46720,61370,82720
27-3011,IN,1040,2.38,63420,28360,42600,61760,82970,107210
27-3011,KS,440,2.26,38410,16650,27900,35130,46640,57900
27-3011,KY,340,1.24,48620,22160,28160,36170,53810,102420
27-3011,LA,190,0.72,47610,18920,22530,33020,46060,73400
27-3011,MA,280,0.55,98750,36260,45730,60200,108360,213970
27-3011,MD,290,0.77,92840,37350,55950,74480,110140,159470
27-3011,ME,170,1.93,48350,30470,30910,44000,55970,62090
27-3011,MI,650,1.09,69110,25960,30570,46640,77070,130350
27-3011,MN,750,1.85,55180,28360,34860,43530,50560,75730
27-3011,MO,470,1.17,60900,29120,31060,45460,74510,102480
27-3011,MS,160,1.04,59800,17820,20800,34040,57990,163530
27-3011,MT,130,1.89,37110,29370,30330,35000,38270,55290
27-3011,NC,830,1.23,78110,22540,35240,47910,68610,176730
27-3011,ND,180,3.1,42860,28350,29620,38500,46700,65300
27-3011,NE,280,2.02,49440,28440,37600,45020,54780,73990
27-3011,NH,70,0.72,56460,34560,36910,46000,73730,75880
27-3011,NJ,190,0.33,125080,40390,50640,70800,172670,270090
27-3011,NM,190,1.6,44170,25820,27400,38940,46000,68250
27-3011,NV,160,0.74,121090,33280,44730,60460,135480,313640
27-3011,NY,1460,1.1,182810,35300,46060,81310,205730,621330
27-3011,OH,910,1.2,54160,24040,33330,42440,56160,87830
27-3011,OK,300,1.3,45540,22960,28480,36110,48700,80180
27-3011,OR,240,0.87,52270,33240,36950,46190,60280,72810
27-3011,PA,830,1,67000,26370,31810,52080,76230,109110
27-3011,RI,90,1.3,68800,31200,38580,55110,76920,131790
27-3011,SC,150,0.49,47070,18960,21520,30960,48530,93420
27-3011,SD,230,3.62,41920,28580,34040,40630,47700,53940
27-3011,TN,970,2.18,63190,30160,34370,48290,73750,103960
27-3011,TX,960,0.5,83670,22990,35540,49050,84600,157830
27-3011,UT,190,0.79,73440,32810,37440,46080,91860,147430
27-3011,VA,460,0.81,55790,27000,31030,44400,71960,94130
27-3011,VT,110,2.76,47650,30820,35080,35220,46660,58620
27-3011,WA,620,1.27,69180,38750,43610,44420,76410,102910
27-3011,WI,580,1.44,59370,28090,31200,40630,61240,104600
27-3011,WV,130,1.31,36310,21750,22670,35400,37980,46520
27-3011,WY,50,1.4,40420,29190,32190,36760,44850,56130
27-3023,AK,90,1.04,55900,38310,38530,43820,65960,78680
27-3023,AL,530,0.99,52660,31540,36810,43440,48950,88610
27-3023,AR,260,0.77,40310,29430,30910,37450,45640,65490
27-3023,AZ,450,0.55,55680,31630,36690,43100,64150,86820
27-3023,CA,4140,0.9,,,,,,
27-3023,CO,590,0.81,68760,36850,45170,60770,78160,99700
27-3023,CT,470,1.09,105770,45000,47150,61620,104280,210770
27-3023,DC,1720,9.72,174360,64600,81550,105390,160330,222040
27-3023,DE,70,0.56,73160,36560,47010,55600,87500,145070
27-3023,FL,2490,0.99,72580,39380,48690,58730,83620,122560
27-3023,GA,1520,1.23,87210,38280,46700,81910,100560,161040
27-3023,HI,120,0.77,73280,30630,31680,56730,88620,146930
27-3023,IA,590,1.49,51320,33160,36830,43540,54230,82950
27-3023,ID,220,1.03,57450,32520,40810,51190,71320,85040
27-3023,IL,1060,0.69,87560,36680,42790,60590,86060,140620
27-3023,IN,530,0.66,63130,31970,35000,47610,61770,100780
27-3023,KS,400,1.1,55810,31200,31200,45870,55610,136810
27-3023,KY,370,0.73,62340,29320,34940,47530,71760,103670
27-3023,LA,410,0.83,63920,38810,43740,50750,76490,101120
27-3023,MA,810,0.88,,,,,,
27-3023,MD,580,0.83,77570,40880,46140,63680,85400,125710
27-3023,ME,250,1.57,54840,35900,41190,50090,59690,75650
27-3023,MI,960,0.86,81950,35400,38980,62760,98390,144750
27-3023,MN,510,0.69,49360,33890,36600,46490,59460,65510
27-3023,MO,480,0.65,56580,29550,36760,46920,73290,82220
27-3023,MS,310,1.07,49700,29930,36520,45240,49810,63560
27-3023,MT,290,2.24,50390,34120,35470,47960,57610,73320
27-3023,NC,930,0.74,65010,32280,39800,58670,76040,101970
27-3023,ND,160,1.46,53840,39000,40710,43420,62260,82090
27-3023,NE,350,1.34,47960,35930,36600,40420,47010,78360
27-3023,NH,90,0.53,56770,33170,37910,48450,64930,103300
27-3023,NJ,500,0.46,68580,34770,46550,59830,82770,106320
27-3023,NM,170,0.78,64650,36800,42110,54610,68580,118910
27-3023,NV,370,0.96,83550,46000,55530,78550,99990,126150
27-3023,NY,5750,2.35,251110,49500,77860,100770,162020,327640
27-3023,OH,1340,0.96,59660,34310,38100,47880,65900,82320
27-3023,OK,400,0.92,60420,29260,37790,48210,75260,93360
27-3023,OR,410,0.83,57560,32280,35430,49200,70720,88260
27-3023,PA,1160,0.76,,,,,,
27-3023,RI,150,1.17,71530,43110,48440,74570,76150,97770
27-3023,SC,480,0.83,61420,37070,40780,47940,61360,109330
27-3023,SD,190,1.63,44010,32610,35850,43520,45990,50940
27-3023,TN,600,0.73,70270,27620,33020,62390,79110,130540
27-3023,TX,2670,0.75,63390,28990,41850,48470,70610,95830
27-3023,UT,240,0.54,77340,39360,48010,61880,83630,129720
27-3023,VA,1110,1.07,76820,39270,46400,62140,105680,134080
27-3023,VT,90,1.11,54200,37800,38950,46970,47590,103900
27-3023,WA,880,0.98,71610,39160,46190,54760,79640,125750
27-3023,WI,740,1,62050,37170,43030,57530,69490,97380
27-3023,WV,190,1.07,43540,23260,30340,35280,45250,71280
27-3023,WY,80,1.14,39390,21520,31230,36040,46220,55760
27-3031,AK,640,1.08,77650,45140,61680,70050,91920,117210
27-3031,AL,2410,0.63,70760,39320,48130,61710,82360,111970
27-3031,AR,980,0.41,77080,39170,49980,65000,96060,137190
27-3031,AZ,5350,0.91,76700,45080,52580,66710,85950,111220
27-3031,CA,32710,0.99,97140,49550,64460,85030,121180,160520
27-3031,CO,7410,1.41,95790,51710,64090,80680,105190,139040
27-3031,CT,1910,0.62,95000,51410,62160,84990,122400,162280
27-3031,DC,16720,13.07,120200,64260,78200,102740,149120,202170
27-3031,DE,930,1.05,79960,43720,59870,76120,94320,126290
27-3031,FL,17820,0.98,71950,37000,48340,63660,83190,115680
27-3031,GA,6860,0.77,84550,43590,56150,73200,98060,128190
27-3031,HI,1800,1.57,70190,42070,50640,63880,81900,104240
27-3031,IA,2890,1.02,68340,38890,49040,62970,81450,104700
27-3031,ID,1220,0.78,66910,36580,45400,61110,84070,101890
27-3031,IL,6200,0.56,86060,47690,59400,76380,102950,139570
27-3031,IN,3750,0.64,72510,42060,51700,64900,83480,105580
27-3031,KS,2340,0.89,69850,39820,50540,64860,83430,105500
27-3031,KY,2580,0.71,67550,37190,47920,60150,77670,103530
27-3031,LA,1710,0.48,67520,38640,49490,60470,77890,98610
27-3031,MA,6760,1.02,90400,51710,61410,79660,107220,139240
27-3031,MD,4190,0.83,88560,42060,58600,79560,108160,147220
27-3031,ME,1400,1.2,67260,38890,48130,62450,79940,100770
27-3031,MI,7510,0.94,73660,38560,50160,65300,86770,117290
27-3031,MN,8260,1.54,74790,42220,54880,68620,89500,111180
27-3031,MO,4820,0.9,67840,38490,47700,61130,78220,102850
27-3031,MS,950,0.45,64830,38630,46220,59810,77910,96690
27-3031,MT,1760,1.89,67960,43770,50470,63780,75820,96050
27-3031,NC,9910,1.1,78940,39840,51530,67230,89990,136450
27-3031,ND,640,0.82,73940,47980,57240,70280,85980,100710
27-3031,NE,1590,0.85,66120,41490,50250,61780,78870,93990
27-3031,NH,1140,0.92,81020,50430,59000,73280,96100,122390
27-3031,NJ,4980,0.64,88460,49820,58410,80130,105030,138190
27-3031,NM,1130,0.71,75750,43080,53540,68700,89670,123110
27-3031,NV,1600,0.57,79430,44710,53450,73840,93120,120160
27-3031,NY,28250,1.6,95760,51730,63420,81250,107920,157610
27-3031,OH,6670,0.66,74520,41540,50040,64840,85890,121460
27-3031,OK,2280,0.73,72520,39380,49730,64920,88610,113780
27-3031,OR,4510,1.26,80470,45190,55970,74900,100330,123880
27-3031,PA,11180,1.01,65660,32810,45930,57460,77480,102330
27-3031,RI,1140,1.24,84730,47750,63310,77540,102280,129360
27-3031,SC,2950,0.7,80010,38920,49150,62730,92560,143940
27-3031,SD,210,0.25,71890,48460,55990,64520,83480,102480
27-3031,TN,3380,0.57,65360,37450,47320,60900,79210,98370
27-3031,TX,25220,0.98,72860,39840,50480,65160,85370,109640
27-3031,UT,1800,0.57,74170,41410,49920,62670,89190,119270
27-3031,VA,9990,1.33,92860,46840,60610,80380,111600,162050
27-3031,VT,1260,2.27,69920,45330,54080,66060,80880,101520
27-3031,WA,6430,0.99,95030,60760,71140,87470,111890,136020
27-3031,WI,4410,0.82,73830,44790,56830,67240,83430,105970
27-3031,WV,350,0.27,64450,39720,47740,56730,72240,103380
27-3031,WY,480,0.93,75790,50430,60160,67490,80980,115210
27-3041,AK,60,0.33,73930,43030,59220,63630,76640,106250
27-3041,AL,530,0.43,72280,35600,43510,63330,87990,103890
27-3041,AR,260,0.34,52010,28840,38090,50180,62390,76950
27-3041,AZ,820,0.43,73920,42360,56280,63090,83730,109090
27-3041,CA,14830,1.38,111810,52510,71090,98030,136820,173590
27-3041,CO,1830,1.08,79150,44570,58510,77870,98170,115940
27-3041,CT,1050,1.05,95580,47020,61160,85950,123380,145340
27-3041,DC,3310,7.99,109290,64440,77400,83920,130360,170460
27-3041,DE,170,0.61,77120,41770,48980,75020,102160,106420
27-3041,FL,3790,0.65,77370,43230,47880,73950,95740,121380
27-3041,GA,1920,0.67,80920,46080,60770,76650,90360,124000
27-3041,HI,100,0.27,66010,32930,49820,55070,77360,107200
27-3041,IA,900,0.98,67790,38050,45800,57200,75180,108820
27-3041,ID,230,0.46,,,,,,
27-3041,IL,4560,1.27,80620,46410,62370,76060,100750,107850
27-3041,IN,830,0.44,63020,30860,39930,56440,77900,99380
27-3041,KS,500,0.59,69630,35690,50770,61920,77640,107140
27-3041,KY,490,0.41,72640,39040,45540,59430,84160,149990
27-3041,LA,330,0.29,62750,36680,44640,58860,76030,97740
27-3041,MA,3100,1.44,89740,47320,61490,83170,103620,136360
27-3041,MD,1850,1.13,83200,46740,60820,75550,100300,124990
27-3041,ME,300,0.79,63910,33170,46280,50180,73390,121320
27-3041,MI,1690,0.65,66850,33230,49120,63090,77370,99980
27-3041,MN,1970,1.13,69290,43370,48200,62650,79710,102270
27-3041,MO,880,0.51,68130,36060,45330,61620,82420,104680
27-3041,MS,290,0.43,58480,28440,36980,54380,74620,83200
27-3041,MT,200,0.67,67960,32190,44230,61750,82370,122940
27-3041,NC,1870,0.64,77380,44050,55950,73740,84050,103990
27-3041,ND,200,0.79,60420,30660,43750,60520,68170,92930
27-3041,NE,360,0.59,52460,32280,39120,46320,58730,72740
27-3041,NH,250,0.62,75310,47870,54980,66510,88590,113570
27-3041,NJ,2120,0.84,107030,53150,64990,81680,107830,138610
27-3041,NM,230,0.46,70400,38390,44730,64250,81240,116640
27-3041,NV,,**,73330,42520,53840,72510,89240,104370
27-3041,NY,16800,2.94,116740,57910,76790,101480,140320,179370
27-3041,OH,1800,0.55,77140,37440,51270,72160,98440,124730
27-3041,OK,500,0.5,55610,31550,39460,50780,65160,85730
27-3041,OR,1110,0.96,74780,44660,57740,71540,90740,111390
27-3041,PA,3240,0.91,72000,37240,46530,63460,87770,114560
27-3041,RI,340,1.14,76890,50900,59000,77960,82020,102890
27-3041,SC,500,0.36,67920,39380,48250,62000,76300,119660
27-3041,SD,140,0.53,60200,47770,55940,56730,63320,79180
27-3041,TN,1390,0.72,66960,37600,46010,59550,80940,105010
27-3041,TX,6460,0.78,57300,29040,29950,45950,73160,105440
27-3041,UT,590,0.57,73400,40470,49360,65040,82130,119680
27-3041,VA,2720,1.12,89740,45760,58990,80590,109090,144810
27-3041,VT,240,1.34,81310,48320,60170,66860,97030,143630
27-3041,WA,1860,0.89,83960,50320,56900,77850,100580,128630
27-3041,WI,1510,0.87,70670,39470,47490,64270,82950,102530
27-3041,WV,260,0.64,62040,28180,39490,56630,82980,100910
27-3041,WY,110,0.65,53200,29590,40230,46710,65570,82920
27-3043,AL,180,0.28,72720,39830,51840,66950,93550,115210
27-3043,AR,270,0.68,54190,30560,39150,47970,62790,79350
27-3043,AZ,600,0.6,63240,42300,47340,55990,74570,90990
27-3043,CA,8390,1.49,106560,56730,75530,86480,127870,193080
27-3043,CO,1300,1.46,81030,42810,51710,76830,95420,132630
27-3043,CT,480,0.92,110420,52250,73610,98460,129260,153560
27-3043,DC,1050,4.85,128890,74990,100320,129300,158020,172480
27-3043,FL,3010,0.98,74890,41650,47410,68080,93100,102540
27-3043,GA,820,0.55,83270,38460,58700,74710,99260,133540
27-3043,HI,60,0.3,,,,,,
27-3043,IA,290,0.6,62780,48260,50280,61010,69220,88560
27-3043,ID,90,0.34,65800,44660,48770,56360,69120,108890
27-3043,IL,2640,1.4,77240,41830,43440,68220,97280,134400
27-3043,IN,450,0.46,85430,51640,59080,75820,90590,128640
27-3043,KS,240,0.53,62370,30920,43740,65840,72700,92660
27-3043,KY,350,0.56,55440,39580,40760,48780,64550,76010
27-3043,LA,480,0.81,82560,29740,55860,89520,105970,114810
27-3043,MA,1350,1.2,94580,58910,67770,85260,108030,138950
27-3043,MD,540,0.63,109650,59560,77020,104330,140670,165050
27-3043,ME,200,0.99,,,,,,
27-3043,MN,720,0.79,76110,50700,61970,72810,86390,103890
27-3043,MO,600,0.67,66070,42000,48130,58140,77570,98930
27-3043,MS,130,0.37,56330,25820,41600,54180,63770,85550
27-3043,MT,90,0.56,,,,,,
27-3043,NC,1810,1.19,72340,42180,47940,63660,83360,117820
27-3043,ND,80,0.63,57180,35000,47480,50860,65590,83920
27-3043,NE,240,0.75,69010,44230,55290,65470,77260,93600
27-3043,NH,180,0.85,79310,43200,50750,71830,98550,132870
27-3043,NJ,1180,0.9,87170,49770,60610,81590,103120,128820
27-3043,NM,90,0.34,,,,,,
27-3043,NV,190,0.39,63980,40560,48130,63910,74940,83130
27-3043,NY,7480,2.51,,,,,,
27-3043,OH,830,0.49,69630,40190,55680,65930,81060,101710
27-3043,OK,220,0.42,66250,38230,43640,58770,76950,98230
27-3043,OR,950,1.56,87800,46180,52620,80540,104010,158190
27-3043,PA,1080,0.58,90060,40270,54030,77410,102480,178490
27-3043,RI,110,0.74,82940,42060,56180,70190,84170,130000
27-3043,SC,520,0.74,58440,38210,41610,51920,76330,91140
27-3043,SD,60,0.44,57230,45760,54080,56700,59710,68890
27-3043,TN,1260,1.25,66180,38720,47120,58870,78900,100910
27-3043,TX,2320,0.54,81210,49070,53950,69990,96260,125240
27-3043,UT,410,0.76,71670,36260,53800,64530,86240,101460
27-3043,VA,1530,1.21,88260,44190,64730,85000,104000,131040
27-3043,VT,110,1.23,96260,73290,79920,94430,107590,132810
27-3043,WA,770,0.71,90740,50600,65330,85700,109000,129480
27-3043,WI,710,0.78,67210,47410,51710,64370,77220,90880
27-3043,WV,110,0.52,67860,24340,47530,64410,72340,103380
27-3043,WY,,**,52430,41170,41560,49650,57600,66510
27-4021,AK,50,0.48,50090,34040,36650,39190,55290,101430
27-4021,AL,530,0.76,43480,24590,28470,36130,55760,72550
27-4021,AR,240,0.56,34700,24890,27150,32810,37280,43950
27-4021,AZ,1360,1.26,47330,32080,34640,36970,46660,84130
27-4021,CA,7980,1.32,70040,36470,38410,47840,72100,125490
27-4021,CO,1140,1.19,58170,36440,38730,47070,69990,92200
27-4021,CT,630,1.12,57250,34010,44300,49790,69730,79880
27-4021,DC,260,1.13,104630,46080,83170,110970,125220,148360
27-4021,DE,180,1.11,51040,32980,35380,50100,60200,71170
27-4021,FL,4390,1.33,52130,29990,33890,42640,64890,80400
27-4021,GA,1420,0.87,57260,22690,32120,43770,72860,103550
27-4021,HI,440,2.09,57030,30800,35730,45960,59710,105820
27-4021,IA,430,0.83,42860,15080,23670,38290,49440,77830
27-4021,ID,190,0.67,37950,22470,28080,33320,45130,53790
27-4021,IL,2150,1.06,50600,31200,32300,36570,57590,96770
27-4021,IN,810,0.76,40650,24960,30840,35960,47200,59350
27-4021,KS,300,0.63,44120,29340,34240,37790,50470,72380
27-4021,KY,380,0.57,49990,23990,30200,47170,59600,76490
27-4021,LA,510,0.79,43530,19180,26240,36830,56550,70310
27-4021,MA,830,0.69,71300,38480,43410,57990,98490,112760
27-4021,MD,790,0.86,57560,31200,36300,46450,81180,93660
27-4021,ME,180,0.86,52320,33270,36030,46680,64550,79230
27-4021,MI,970,0.66,,,,,,
27-4021,MN,730,0.74,56220,36890,44450,46470,65050,84530
27-4021,MO,950,0.97,47380,29600,31880,39170,58250,74530
27-4021,MS,190,0.5,45970,24030,35130,45860,58030,65370
27-4021,MT,190,1.09,49120,24070,28910,39900,52000,110570
27-4021,NC,2130,1.3,47540,28330,33170,37120,52660,76060
27-4021,ND,70,0.49,45730,35350,36070,37410,50850,71500
27-4021,NE,220,0.66,47070,28080,30990,41920,61580,71150
27-4021,NH,220,0.97,49740,22110,35300,44780,59290,76570
27-4021,NJ,1460,1.02,53410,34990,36400,40520,60740,91780
27-4021,NM,230,0.79,58220,34800,40980,48090,67030,79780
27-4021,NV,890,1.71,41360,26610,26940,37460,47620,57640
27-4021,NY,3650,1.13,71710,37890,43080,60050,93620,109470
27-4021,OH,1540,0.83,46780,23670,31650,38470,53180,80990
27-4021,OK,330,0.58,40300,17210,21180,36750,49980,63370
27-4021,OR,510,0.78,69290,37010,42560,53630,80680,110380
27-4021,PA,1870,0.93,49190,29020,34040,40520,55870,75100
27-4021,RI,220,1.34,49440,34600,35080,37300,57850,76810
27-4021,SC,630,0.82,44380,26480,27940,37890,56890,71810
27-4021,SD,190,1.22,43740,31150,35090,45330,50150,54750
27-4021,TN,780,0.71,44060,28820,32780,37950,51540,67060
27-4021,TX,4330,0.92,43720,24910,34980,41280,51510,62720
27-4021,UT,660,1.14,51290,31440,34150,52140,62200,81070
27-4021,VA,1580,1.15,52640,31200,35640,46550,55800,91060
27-4021,VT,60,0.58,,,,,,
27-4021,WA,960,0.81,56270,37440,40690,48050,65450,83200
27-4021,WI,850,0.87,49640,31540,37110,42060,56940,80550
27-4021,WV,110,0.46,41220,29130,35400,36110,45770,57510
27-4021,WY,50,0.56,44960,28430,30530,39330,50130,70290
27-4031,AK,50,1.01,69770,43140,55290,83620,83620,83630
27-4031,AL,220,0.75,59130,41190,45100,61800,65530,69630
27-4031,AR,60,0.34,55740,30070,33560,48680,73240,93090
27-4031,AZ,520,1.17,94680,38520,50990,68250,151130,162960
27-4031,CA,4700,1.86,106350,53910,76060,106900,130960,154240
27-4031,CO,300,0.76,81310,47900,65470,74990,78280,122170
27-4031,CT,170,0.72,67680,37000,52720,65630,84010,89900
27-4031,DC,240,2.51,100990,62450,82300,98300,123470,134450
27-4031,FL,970,0.71,71320,32230,41010,62220,90230,132320
27-4031,GA,570,0.84,97600,36250,48900,85050,130960,159090
27-4031,HI,90,1.06,48830,30880,30880,44230,70170,76600
27-4031,IA,90,0.43,58250,36700,45280,57220,75000,81180
27-4031,ID,120,1.01,60460,33540,38510,58140,71040,98770
27-4031,IL,1060,1.25,96520,38840,69900,100170,126860,133940
27-4031,IN,200,0.46,57550,34640,48670,56810,65450,76540
27-4031,KS,110,0.56,63870,36270,48830,60690,77400,90820
27-4031,KY,170,0.63,55460,43420,47040,53790,59870,70480
27-4031,LA,270,1,61710,38590,43900,58440,71740,95990
27-4031,MA,370,0.73,79290,31300,49020,61320,103020,133760
27-4031,MD,290,0.77,70570,44900,48330,65870,76720,97800
27-4031,ME,70,0.81,58270,32810,33610,37590,57840,154230
27-4031,MI,380,0.62,58780,38280,45720,55290,67560,81030
27-4031,MN,300,0.73,66800,34320,37620,51420,92410,115420
27-4031,MO,170,0.41,,,,,,
27-4031,MS,60,0.37,55450,31540,39340,49920,75730,79170
27-4031,MT,110,1.56,47260,26100,33620,50910,57620,65620
27-4031,NC,380,0.55,68820,43040,52600,62720,79290,85710
27-4031,ND,40,0.65,56930,38130,50690,53650,57600,84990
27-4031,NE,100,0.68,47990,28080,38200,46180,52120,65120
27-4031,NH,,**,51780,33180,36070,45880,64550,70850
27-4031,NJ,750,1.26,,,,,,
27-4031,NM,290,2.4,57300,38730,49040,49050,54310,101160
27-4031,NV,320,1.49,67540,33160,40910,62110,88460,99560
27-4031,NY,2930,2.19,99080,56710,75310,93410,110860,133410
27-4031,OH,520,0.68,68690,43080,47730,64860,82390,104830
27-4031,OK,220,0.94,57800,34830,38760,48620,66290,103440
27-4031,OR,280,1.02,,,,,,
27-4031,PA,670,0.79,53660,21580,23980,51760,61990,95910
27-4031,RI,50,0.78,55880,42290,43040,49790,65040,76500
27-4031,SC,40,0.11,58850,40740,46120,57940,71070,76110
27-4031,SD,50,0.75,50620,28880,39380,44160,72910,77180
27-4031,TN,460,1.01,67350,40440,50180,57030,65190,131050
27-4031,TX,1100,0.57,66720,32360,44950,63110,78670,111990
27-4031,UT,240,1.02,75460,39940,56990,73450,99540,105270
27-4031,VA,420,0.74,66460,41710,45820,58440,79530,98870
27-4031,VT,130,3.08,64740,36810,41950,46350,56800,119660
27-4031,WA,440,0.9,73900,37780,44120,60250,105250,130410
27-4031,WI,300,0.73,55880,32280,40370,52810,63780,85320
27-4031,WV,60,0.57,50280,28330,36130,43390,62830,67790
29-1011,AK,90,1.03,120280,88010,101990,103500,133690,161080
29-1011,AL,430,0.8,91340,51850,70170,80990,103270,155260
29-1011,AR,320,0.95,76900,27040,41390,76290,86710,112910
29-1011,AZ,1050,1.28,92100,58470,76020,100260,107880,120130
29-1011,CA,2760,0.59,101190,51990,61560,75470,103830,179230
29-1011,CO,1340,1.82,69390,32990,39990,74040,84530,101650
29-1011,CT,240,0.55,85900,36800,47880,79560,116790,134840
29-1011,DE,140,1.14,,,,,,
29-1011,FL,3220,1.27,91920,51990,66060,84280,102000,130410
29-1011,GA,1500,1.2,64700,21530,36220,61660,80210,123100
29-1011,HI,220,1.39,83320,59800,59990,72800,106310,109060
29-1011,IA,970,2.45,72750,35990,49370,75050,82430,122740
29-1011,ID,220,0.98,79850,58730,67990,80770,89440,91640
29-1011,IL,2190,1.41,77220,37630,44820,66650,79990,136330
29-1011,IN,780,0.95,83540,43850,60560,77790,98770,119990
29-1011,KS,570,1.56,66520,37250,37250,57600,79650,122120
29-1011,KY,470,0.92,85450,36510,62840,81740,103640,118620
29-1011,LA,370,0.74,97160,46190,48470,80280,121360,169720
29-1011,MA,780,0.84,93800,53520,71790,75940,125380,155580
29-1011,MD,390,0.55,88690,47940,64820,85330,105770,123000
29-1011,ME,250,1.55,108320,51740,76410,107300,123980,168200
29-1011,MI,1270,1.13,78200,42400,50830,71220,93510,126500
29-1011,MN,1160,1.54,96610,46250,62480,79510,122510,172610
29-1011,MO,660,0.88,86830,48140,51970,65090,91250,156000
29-1011,MS,130,0.45,94280,47510,55480,78450,112770,198260
29-1011,MT,240,1.86,76560,35610,49320,76120,89690,129440
29-1011,NC,1020,0.81,106140,47020,59500,91540,124610,161720
29-1011,ND,360,3.3,81020,35490,48500,77990,101770,136340
29-1011,NE,500,1.91,85010,44700,61120,66050,102120,121960
29-1011,NH,130,0.72,92250,26240,48510,69990,102420,218990
29-1011,NJ,1370,1.26,126020,78690,100370,134990,134990,154160
29-1011,NM,140,0.65,80610,30980,42370,75040,96050,127460
29-1011,NV,240,0.62,75370,51690,60830,74190,96150,96920
29-1011,NY,1360,0.55,124630,63240,82630,120950,130870,215640
29-1011,OH,1380,0.97,86340,43460,55220,77710,101000,160670
29-1011,OK,500,1.15,115550,44990,63920,85580,134630,262620
29-1011,OR,610,1.22,98660,58250,74300,81540,111780,130910
29-1011,PA,1770,1.15,73180,34770,42480,67230,93350,113640
29-1011,RI,170,1.34,101430,65400,65990,81840,114990,199990
29-1011,SC,680,1.16,87310,44930,60610,79310,91920,126460
29-1011,SD,260,2.24,84230,58770,61910,76210,90100,113180
29-1011,TN,500,0.6,87960,60560,75390,83990,98240,117950
29-1011,TX,2840,0.79,96420,51850,60370,87520,110410,146080
29-1011,UT,490,1.1,62900,29990,36810,53900,76500,103500
29-1011,VA,900,0.86,89310,37330,49680,88030,123790,151790
29-1011,VT,120,1.6,,,,,,
29-1011,WA,1130,1.25,102930,62630,81850,104070,107140,137480
29-1011,WI,1210,1.61,101880,57740,72600,83020,119130,166520
29-1011,WV,60,0.36,98370,52350,61890,83160,124160,157050
29-1011,WY,110,1.57,79840,49330,49590,62640,83550,129460
29-1021,AK,310,1.18,215360,124200,129910,230990,279870,320440
29-1021,AR,1210,1.16,174280,99010,127540,178930,209720,223010
29-1021,AZ,3470,1.34,181040,62230,118910,194180,221380,336320
29-1021,CA,16770,1.15,170690,74510,124470,165950,213260,272730
29-1021,CO,2940,1.28,160810,84590,103820,166240,210080,229070
29-1021,CT,1950,1.44,183990,89430,121420,160440,205220,362870
29-1021,DC,340,0.61,,,,,,
29-1021,DE,390,1.01,,,,,,
29-1021,FL,9320,1.17,195930,98680,128440,174900,229990,314860
29-1021,GA,2620,0.67,214040,93590,154550,206760,257910,373420
29-1021,HI,830,1.66,227370,83310,93720,167820,392340,416000
29-1021,IA,1240,0.99,198470,100920,136100,181520,209880,259990
29-1021,ID,650,0.94,139320,91070,104520,124190,155060,203610
29-1021,IL,6940,1.42,193050,123920,124800,156110,272510,291530
29-1021,IN,2300,0.9,195140,81370,123420,166650,281220,327980
29-1021,KY,790,0.49,157630,44820,103720,134160,165180,344040
29-1021,LA,1500,0.97,176540,80530,101670,170750,213660,309360
29-1021,MA,2780,0.96,223200,101470,157670,181600,315990,417670
29-1021,MD,2100,0.95,185740,107880,134850,168500,215960,254820
29-1021,ME,310,0.6,237360,152740,160980,209200,351830,385460
29-1021,MI,3620,1.03,188930,109960,132570,169930,212630,303980
29-1021,MN,2370,1.01,211780,132930,194990,219200,220230,226940
29-1021,MO,2440,1.04,241580,95610,131980,204960,334680,427970
29-1021,MS,740,0.8,149300,59700,77620,143660,195110,240450
29-1021,MT,380,0.94,168460,63710,121610,167200,202310,230580
29-1021,NC,4140,1.05,207550,107810,151810,207000,232880,337630
29-1021,ND,260,0.76,222340,138570,151110,220660,275680,308040
29-1021,NE,790,0.97,186420,68040,130720,179750,248590,265940
29-1021,NH,500,0.91,200420,99780,129650,177480,260000,341950
29-1021,NJ,2980,0.87,198290,77920,132710,171330,260000,349780
29-1021,NM,780,1.12,185010,101180,118560,155260,226330,306320
29-1021,NV,1100,0.88,178460,99600,128880,162200,195630,262350
29-1021,NY,7340,0.95,202040,75410,109220,183060,221910,375740
29-1021,OH,2790,0.63,180440,64910,96370,167410,222820,316970
29-1021,OK,980,0.72,188280,97290,107880,166170,228710,346890
29-1021,OR,1660,1.05,240170,143990,169430,211690,306890,353310
29-1021,PA,4460,0.92,172710,65520,112640,163390,210650,316950
29-1021,RI,360,0.91,162440,103490,124990,161560,197350,240650
29-1021,SC,2140,1.16,181570,96920,121090,158640,228820,310840
29-1021,SD,390,1.05,164030,94560,104540,158140,191280,250780
29-1021,TN,2200,0.84,210700,84360,133710,215290,269120,311900
29-1021,TX,8920,0.79,178360,83990,119990,162360,216390,308220
29-1021,UT,1020,0.73,144880,84020,101100,133320,165580,222820
29-1021,VA,4140,1.26,197820,105400,134870,197110,259530,321250
29-1021,VT,240,1,214130,112490,156050,204960,234980,326360
29-1021,WA,3240,1.14,195810,85240,119250,169730,235180,346840
29-1021,WI,2560,1.09,203600,121780,155940,193690,265220,306370
29-1021,WV,420,0.75,200640,96270,129990,170370,268400,362930
29-1021,WY,240,1.06,146240,71150,101970,123830,176870,235090
29-1031,AK,130,0.82,87810,70100,78330,87980,97510,105970
29-1031,AL,780,0.74,68920,50970,60940,66190,77700,87450
29-1031,AR,650,1,83050,44700,56450,65540,83050,174060
29-1031,AZ,1800,1.11,64960,43150,43150,64410,78780,92370
29-1031,CA,8720,0.96,98780,72780,83270,98850,110660,130850
29-1031,CO,1640,1.14,78730,59840,65170,75510,87920,114350
29-1031,CT,860,1.01,82260,61570,68830,80600,90020,100140
29-1031,DC,270,0.78,84530,50010,77210,82150,98430,111530
29-1031,DE,290,1.19,81180,57810,65650,78060,95320,111600
29-1031,FL,4370,0.88,73270,49920,62990,76050,82040,93530
29-1031,GA,2020,0.83,74860,47250,62200,73200,83280,96430
29-1031,HI,370,1.19,84050,65330,76370,81920,94070,100610
29-1031,IA,630,0.81,71310,50720,62960,72690,80100,92940
29-1031,ID,420,0.98,69790,47870,59790,71610,78430,87780
29-1031,IL,2840,0.93,77060,51330,62800,73520,83010,115190
29-1031,IN,1670,1.05,66780,43050,56830,66450,78040,84320
29-1031,KS,580,0.81,71110,56320,61870,66830,79510,90310
29-1031,KY,1040,1.04,65570,31820,50010,69520,78880,89710
29-1031,LA,800,0.83,71130,49230,61940,70460,80880,91560
29-1031,MA,2860,1.58,82390,63310,71540,76660,94530,107150
29-1031,MD,1430,1.04,80860,61470,70490,77800,86900,100900
29-1031,ME,510,1.6,72160,35360,45230,64610,87820,129180
29-1031,MI,2370,1.08,67750,48420,57800,66850,78530,84530
29-1031,MN,1180,0.8,77620,62660,68020,77540,85140,94580
29-1031,MO,1700,1.16,66330,43980,58030,65450,76860,85900
29-1031,MS,540,0.94,65160,42810,48280,63700,77060,86260
29-1031,MT,230,0.9,72750,60280,63380,71580,78540,90740
29-1031,NC,2780,1.13,69050,48910,59770,67560,78690,88860
29-1031,ND,270,1.28,72550,59860,64060,70040,79980,86260
29-1031,NE,570,1.12,71090,57340,60230,70160,80930,89550
29-1031,NH,440,1.28,67420,33280,38300,71840,83400,92810
29-1031,NJ,2870,1.34,87460,62670,75570,84450,98530,114400
29-1031,NM,500,1.16,72860,56260,62320,74730,78320,91660
29-1031,NV,560,0.72,73910,35820,62970,69030,89230,101400
29-1031,NY,5330,1.1,84760,62100,72040,82480,98100,105830
29-1031,OH,3060,1.1,68690,36970,60390,69530,79110,91820
29-1031,OK,1230,1.45,68270,39580,52000,69560,83390,86990
29-1031,OR,700,0.71,86210,65400,75350,84180,99660,105020
29-1031,PA,4270,1.41,68000,43370,54810,67410,78850,92150
29-1031,RI,360,1.44,75820,51060,64600,71300,86680,100770
29-1031,SC,950,0.82,69800,40630,58960,69970,79620,95020
29-1031,SD,210,0.91,68220,50260,59470,64890,77830,88710
29-1031,TN,1230,0.75,67910,40860,57780,67620,77880,90200
29-1031,TX,5320,0.76,72670,40040,60960,74440,84570,98960
29-1031,UT,1120,1.29,66410,35860,50110,65310,81610,99770
29-1031,VA,1510,0.74,75730,44940,59750,77380,88700,103130
29-1031,VT,160,1.04,80280,61960,71510,77450,89990,102500
29-1031,WA,1450,0.82,85170,62100,72230,84220,99940,108010
29-1031,WI,1330,0.9,74320,58040,65580,74930,82170,91520
29-1031,WV,520,1.47,81860,55350,71270,89440,92390,103130
29-1031,WY,120,0.85,67640,42770,44120,64370,83920,100930
29-1041,AK,60,0.67,165120,98530,134480,170310,203510,218180
29-1041,AL,460,0.78,137460,56740,104730,145090,166870,196600
29-1041,AR,320,0.9,125460,57960,84140,124470,147590,181520
29-1041,AZ,1080,1.21,135280,99570,104480,122250,165030,171490
29-1041,CA,6890,1.37,147420,99890,122960,136300,166300,213710
29-1041,CO,880,1.12,152460,65910,110020,152000,169190,212120
29-1041,CT,490,1.06,147820,99200,133420,150340,157760,214040
29-1041,DC,50,0.26,145590,102570,113030,134840,163070,207570
29-1041,DE,190,1.39,142820,77980,107880,161270,175750,188490
29-1041,FL,2350,0.86,143020,62490,122730,151670,167270,196210
29-1041,GA,870,0.65,128630,51030,104850,128830,159140,189610
29-1041,HI,230,1.32,149920,107090,120980,154620,162070,205390
29-1041,IA,450,1.05,123250,73660,90330,125380,140630,175460
29-1041,ID,160,0.68,113870,52000,64610,103390,155100,189570
29-1041,IL,1540,0.92,143720,93350,129310,145620,162650,190620
29-1041,IN,1040,1.18,137020,76860,102840,135500,161820,193270
29-1041,KS,660,1.66,140510,85010,118910,138580,160270,192720
29-1041,KY,430,0.79,142710,82240,97290,128860,168030,254630
29-1041,LA,250,0.47,121000,45420,101270,118060,148030,183670
29-1041,MA,950,0.95,152550,95780,130480,151730,166920,196470
29-1041,MD,780,1.02,148910,50560,81780,165840,201810,215420
29-1041,ME,180,1.02,160730,102600,115870,154110,177630,241200
29-1041,MI,1410,1.16,144610,98110,125000,135650,161970,213850
29-1041,MN,710,0.88,151450,96670,125860,158700,174370,206960
29-1041,MO,630,0.78,133680,64610,103720,133810,159870,175270
29-1041,MS,240,0.74,126580,63470,94360,108070,165540,215640
29-1041,MT,140,1.02,106200,58450,60870,104280,132580,163030
29-1041,NC,1140,0.84,161030,94320,123250,161560,193790,215340
29-1041,ND,140,1.18,132080,74610,109990,132110,151970,178900
29-1041,NE,340,1.2,132660,65170,76020,125040,162760,205450
29-1041,NH,210,1.12,146430,76360,117580,125560,155580,205560
29-1041,NJ,1380,1.17,161110,104730,134560,159040,165960,232960
29-1041,NM,130,0.53,153180,88160,109260,144660,178060,202980
29-1041,NV,430,1,137020,74530,101030,135650,175380,181520
29-1041,NY,2390,0.9,153130,95460,127900,161140,175740,203040
29-1041,OH,1300,0.85,133960,63650,93560,134850,163050,190630
29-1041,OK,570,1.21,114710,59990,76690,97350,149660,174620
29-1041,OR,560,1.04,127920,83830,102030,132020,143500,161480
29-1041,PA,1720,1.03,139660,92970,110990,135400,163890,173380
29-1041,RI,250,1.82,145800,71670,114090,134520,167930,215640
29-1041,SC,480,0.76,129570,51740,93980,145950,163510,172060
29-1041,SD,190,1.5,118060,90560,94350,102320,133200,174920
29-1041,TN,660,0.73,120920,47630,63510,134170,160150,167420
29-1041,TX,4110,1.06,124760,54180,101700,126000,155090,164420
29-1041,UT,380,0.79,128180,44470,50040,119070,160330,172480
29-1041,VA,1110,0.98,155530,62430,106900,131570,163890,235980
29-1041,VT,90,1.12,146240,60290,127010,137290,165380,194190
29-1041,WA,760,0.78,159380,103880,126730,157560,171200,217900
29-1041,WI,790,0.97,142800,75390,113620,139720,171280,203670
29-1041,WV,150,0.8,130750,69830,98710,118010,161820,198570
29-1041,WY,90,1.19,115500,51580,51840,111400,136050,178860
29-1051,AK,560,0.84,161220,133830,158000,167310,173600,196020
29-1051,AL,5400,1.23,132750,90010,127250,134630,151700,161940
29-1051,AR,2900,1.07,135780,105560,130260,136060,154540,164940
29-1051,AZ,6900,1.03,142330,103490,133600,146930,161970,171660
29-1051,CA,34030,0.9,162340,90560,138360,164610,197860,213820
29-1051,CO,4560,0.77,150510,120410,136750,156030,169120,188430
29-1051,CT,3490,0.99,139150,106660,130280,141290,157600,165360
29-1051,DC,850,0.58,144970,64870,132840,153400,165710,196080
29-1051,DE,790,0.79,147290,103170,135320,152880,165170,178760
29-1051,FL,21540,1.05,130190,56000,125370,135970,154470,166310
29-1051,GA,10530,1.04,136660,100950,126520,137120,158880,170110
29-1051,HI,1190,0.91,153220,127410,133900,163220,171510,177290
29-1051,IA,3230,1,138340,117450,127840,138860,157880,164520
29-1051,ID,1790,1.01,139410,102180,131830,144900,160240,164050
29-1051,IL,12070,0.96,138070,98970,126270,139080,162280,169430
29-1051,IN,6430,0.97,140030,107050,129580,144290,159930,169360
29-1051,KS,3500,1.18,136170,78770,126670,137800,159380,169310
29-1051,KY,5030,1.21,136480,84280,128970,136530,158280,168940
29-1051,LA,5610,1.4,130490,100920,124630,132410,145670,156740
29-1051,MA,7230,0.96,138660,113710,133460,138170,155490,164500
29-1051,MD,5400,0.94,140730,115860,130610,138990,158150,169890
29-1051,ME,1380,1.04,138430,101360,130870,140930,157600,166810
29-1051,MI,8780,0.96,135380,101740,127940,137860,157610,168540
29-1051,MN,6310,1.03,147060,98150,135520,159740,169140,174660
29-1051,MO,6740,1.11,137030,107530,127920,137610,158120,166840
29-1051,MS,3050,1.27,130320,97260,127080,133230,147820,158230
29-1051,MT,1190,1.12,137160,98660,130000,142080,158850,165260
29-1051,NC,11430,1.12,137990,101670,128660,138860,159010,169820
29-1051,ND,1070,1.2,137110,105490,132560,142040,156370,167940
29-1051,NE,2450,1.16,136260,84990,126460,139330,159480,170090
29-1051,NH,1130,0.8,140720,98870,133190,143020,160190,170030
29-1051,NJ,9420,1.06,141350,112560,131340,137620,161240,172110
29-1051,NM,1730,0.96,143050,103500,132560,147000,163540,174200
29-1051,NV,2500,0.78,139530,104000,127820,140030,158970,168600
29-1051,NY,19760,0.98,140260,92910,129240,142090,163510,174550
29-1051,OH,12790,1.11,132420,65470,127700,137020,156190,165900
29-1051,OK,3610,1.02,133630,100320,128700,135140,152370,162070
29-1051,OR,3250,0.8,159230,126040,144020,165960,182040,193860
29-1051,PA,14090,1.12,138740,112750,129990,138160,156970,163570
29-1051,RI,1510,1.45,123300,86650,115250,128180,133700,161090
29-1051,SC,5320,1.12,136730,82430,126790,135700,158210,170270
29-1051,SD,1280,1.36,142330,112200,131950,146790,155260,166340
29-1051,TN,8250,1.22,131270,88700,123820,133390,153380,164430
29-1051,TX,24700,0.85,137510,95950,128170,138260,160080,170170
29-1051,UT,2830,0.79,138140,70260,130940,144240,163560,172440
29-1051,VA,7980,0.94,141990,106800,128230,144060,161600,173550
29-1051,VT,530,0.85,140780,117860,128340,136270,162110,164370
29-1051,WA,7350,1,159100,126230,137890,160610,179480,205210
29-1051,WI,5730,0.94,146010,112020,131780,148740,167430,178090
29-1051,WV,2260,1.56,131300,80900,124440,133430,154830,166020
29-1051,WY,510,0.89,139830,115820,130970,139550,161060,168450
29-1071,AK,700,2.07,148080,106060,126530,150700,169930,201270
29-1071,AL,930,0.42,110860,83020,98710,104960,122830,145100
29-1071,AR,850,0.62,118430,88160,103810,118430,133270,159080
29-1071,AZ,3750,1.11,140850,106030,123990,134650,156500,174420
29-1071,CA,13600,0.72,169110,99380,136730,165650,206990,225190
29-1071,CO,3270,1.09,139580,104590,124100,134540,156400,174090
29-1071,CT,3570,2.02,146930,106380,129370,139860,165140,180900
29-1071,DC,470,0.64,146230,84520,127990,135140,165890,213560
29-1071,DE,860,1.69,143840,108560,128800,139350,156880,175970
29-1071,FL,9310,0.9,134470,98530,111360,129620,156920,181610
29-1071,GA,5610,1.1,112090,62230,62230,115390,141740,172050
29-1071,HI,530,0.81,146780,79280,126780,164050,170060,178110
29-1071,IA,1200,0.74,139870,102330,120060,134770,159950,182940
29-1071,ID,1320,1.48,132540,100590,126820,133790,146230,160120
29-1071,IL,3790,0.6,131880,105160,122780,131950,145600,162330
29-1071,IN,2110,0.63,144260,105810,123220,132050,166230,196280
29-1071,KS,890,0.59,127240,98280,107110,125640,137390,168480
29-1071,KY,1360,0.65,119990,79550,102430,120760,136080,161820
29-1071,LA,1360,0.68,130290,100920,117130,128870,144100,162200
29-1071,MA,4470,1.18,146480,65220,128020,142410,169980,204140
29-1071,MD,2950,1.02,139740,110190,125140,137560,160090,174280
29-1071,ME,1030,1.54,134690,107630,121340,131170,140640,169250
29-1071,MI,6310,1.37,132140,104000,119990,131510,143030,162570
29-1071,MN,3660,1.19,147630,112390,131720,141190,163690,183320
29-1071,MO,2300,0.75,137710,82690,121680,135130,163170,169650
29-1071,MS,320,0.26,106820,44030,82580,105920,132680,165630
29-1071,MT,600,1.13,140800,112200,129750,141470,156350,165560
29-1071,NC,7490,1.45,130030,101100,110320,129360,140030,164770
29-1071,ND,510,1.15,130930,77300,107030,133450,155010,173860
29-1071,NE,1330,1.24,132810,103720,112820,133040,146790,165540
29-1071,NH,1060,1.49,150150,119540,134050,150960,170790,175380
29-1071,NJ,4790,1.07,162100,117860,134710,165690,192370,207000
29-1071,NM,700,0.78,134670,70010,106240,139920,153560,172900
29-1071,NV,1090,0.67,135790,60040,117280,134660,163550,175300
29-1071,NY,19140,1.9,155150,106440,134480,160880,174710,201410
29-1071,OH,4900,0.85,136560,96460,109780,132090,150000,210350
29-1071,OK,1770,0.99,138700,102890,129250,136550,161560,173010
29-1071,OR,2250,1.09,155300,123100,134390,155780,169550,198490
29-1071,PA,9020,1.43,125160,99050,107260,127070,137220,158690
29-1071,RI,810,1.56,146630,98760,129690,139930,167710,200030
29-1071,SC,2250,0.94,120720,77620,105560,122490,134100,158860
29-1071,SD,680,1.43,131910,104660,112570,133200,142330,158020
29-1071,TN,2240,0.65,117300,93380,102690,118240,132500,141670
29-1071,TX,10110,0.69,135850,102650,122720,134550,156000,169000
29-1071,UT,1610,0.89,132530,82910,123570,134740,152480,171430
29-1071,VA,4340,1.01,142630,98330,120580,135940,162790,213010
29-1071,VT,410,1.3,152520,112460,131400,150490,166050,186960
29-1071,WA,3540,0.96,164430,125580,138050,164360,177930,218150
29-1071,WI,3580,1.17,136750,102420,125640,133950,156800,169150
29-1071,WV,1080,1.47,128830,98200,108960,128610,148160,160890
29-1071,WY,330,1.12,137320,102320,119990,136080,158550,177900
29-1081,AL,90,0.71,157860,66400,122170,161820,176110,248770
29-1081,AZ,270,1.32,140050,63340,89090,133190,170590,231200
29-1081,CA,1000,0.88,212350,85480,141120,201300,277310,362110
29-1081,CO,150,0.81,162450,67470,71570,142620,224580,297540
29-1081,CT,170,1.63,202920,104660,130020,212760,254770,285350
29-1081,DC,,**,231170,143860,199990,265740,274280,284480
29-1081,DE,60,2.01,171010,99480,139260,170560,207450,227490
29-1081,FL,870,1.41,150570,52000,77540,138340,201530,227140
29-1081,GA,190,0.62,160320,67790,101320,132630,220790,281360
29-1081,IA,100,1,155340,51850,98590,134830,202780,264630
29-1081,ID,30,0.64,135900,43080,61320,124610,203540,250100
29-1081,IL,,**,176140,64800,115390,167400,235230,323420
29-1081,IN,260,1.29,145650,45470,75900,132930,189440,251880
29-1081,KY,80,0.61,200500,54090,73260,201260,259340,404130
29-1081,LA,50,0.46,198170,35880,157350,197480,231500,402490
29-1081,MA,170,0.76,217080,79380,102160,217700,324990,350120
29-1081,MD,330,1.92,195310,97320,107660,201940,279990,312290
29-1081,ME,40,0.97,203330,111800,127380,200850,285050,312740
29-1081,MI,350,1.29,167330,60490,112020,162140,209120,242490
29-1081,MN,130,0.73,242370,103720,200530,261180,319100,330290
29-1081,MO,160,0.87,154280,69990,102330,129950,199120,289550
29-1081,MS,30,0.45,158190,90140,136240,164410,175750,231570
29-1081,NC,240,0.78,241300,103970,138100,215420,309670,382360
29-1081,NH,70,1.58,251230,111910,169990,250070,346610,399500
29-1081,NJ,260,0.96,161820,68750,84920,160300,208750,283360
29-1081,NM,60,1.05,179300,58930,76790,202690,245860,314640
29-1081,NV,70,0.68,173600,67280,120930,204990,228210,228770
29-1081,NY,1520,2.52,148680,64640,95790,108460,186300,278570
29-1081,OH,350,1.01,146070,61030,86250,129380,205520,232320
29-1081,OK,60,0.53,219030,63410,113130,253380,303080,342520
29-1081,OR,170,1.39,192980,87580,128580,207430,235700,288000
29-1081,PA,390,1.04,159810,57220,103490,155050,207130,278530
29-1081,RI,50,1.65,156770,69700,99990,159760,209170,251850
29-1081,SC,70,0.5,177870,89130,126040,167110,231570,253770
29-1081,TN,70,0.36,191030,104640,127790,212470,249990,266800
29-1081,TX,500,0.57,199380,96700,106630,175520,237020,394970
29-1081,UT,120,1.15,165970,44440,77610,93270,214320,315470
29-1081,VA,260,1.02,148610,60940,98760,133640,203500,242930
29-1081,WA,140,0.62,215820,67790,129250,232970,293380,340910
29-1081,WI,120,0.66,197370,71990,114760,185100,288860,342010
29-1081,WV,50,1.05,187630,89130,110260,207000,220480,271290
29-1122,AK,410,1.2,108000,82320,100470,103680,124160,133860
29-1122,AL,1500,0.68,95760,76670,82500,94050,107650,123870
29-1122,AR,2160,1.59,104940,65160,81810,106360,128220,144250
29-1122,AZ,2680,0.79,104960,78160,85980,103660,122900,131950
29-1122,CA,13810,0.73,121920,85550,103950,124510,136380,158560
29-1122,CO,3390,1.13,111620,81390,94210,106720,128250,157820
29-1122,CT,3150,1.77,102140,76360,84890,102440,111660,127630
29-1122,DC,540,0.74,110850,81760,96800,109170,125130,129810
29-1122,DE,490,0.96,105190,71280,90860,102130,121140,138640
29-1122,FL,10650,1.03,95620,66230,81360,99360,104830,117950
29-1122,GA,3650,0.72,101460,75290,82320,104010,118560,128610
29-1122,HI,390,0.6,100280,78670,85910,102870,112310,118240
29-1122,IA,1290,0.79,89720,64610,75810,89910,103100,109200
29-1122,ID,840,0.93,100000,69440,85380,97760,108730,152880
29-1122,IL,7710,1.21,99570,73360,82070,99700,109780,132180
29-1122,IN,3830,1.14,96090,69550,81940,97020,104680,119950
29-1122,KS,1560,1.04,96150,66720,82000,99170,107630,120950
29-1122,KY,2190,1.05,95450,71030,80120,97650,105220,119250
29-1122,LA,2060,1.02,92940,61070,72350,98490,107880,126630
29-1122,MA,6510,1.71,99730,73140,83960,100930,110180,127380
29-1122,MD,2390,0.83,106300,76650,87650,106980,123700,132300
29-1122,ME,1120,1.68,87900,63750,77770,84310,99010,114100
29-1122,MI,5120,1.11,89150,66580,79390,89910,100070,105720
29-1122,MN,3670,1.19,91450,71770,81510,93050,100150,108790
29-1122,MO,3400,1.11,95200,71880,81230,97290,106190,120130
29-1122,MS,1340,1.1,93430,73200,79430,94930,104460,113950
29-1122,MT,420,0.79,92310,76110,79860,88990,102130,110910
29-1122,NC,4490,0.87,91360,62230,77510,92940,104820,118300
29-1122,ND,570,1.26,87670,66890,77210,83200,99280,106300
29-1122,NE,1500,1.4,91620,70370,80350,93740,102560,107780
29-1122,NH,1240,1.74,89080,64150,78790,83900,102250,115050
29-1122,NJ,6290,1.41,110150,78690,91770,103410,128390,159230
29-1122,NM,1030,1.14,101800,69230,83770,99170,120960,133050
29-1122,NV,1080,0.67,112290,85720,100510,110520,127960,139260
29-1122,NY,11690,1.15,97650,64770,76980,96390,114400,133700
29-1122,OH,6760,1.17,97390,70080,81840,99390,107880,123800
29-1122,OK,1180,0.66,104370,68530,88150,104300,121120,134420
29-1122,OR,1170,0.57,112000,78500,99800,112310,127540,131340
29-1122,PA,6560,1.04,98460,69120,81880,98440,112320,128790
29-1122,RI,770,1.47,99380,75760,84710,100040,107160,126630
29-1122,SC,1840,0.76,97180,75370,82000,101130,109720,123110
29-1122,SD,490,1.02,88150,65820,80720,85050,99940,106520
29-1122,TN,2490,0.73,95080,68520,81750,97700,107250,119070
29-1122,TX,13400,0.91,107630,76350,85810,106140,127830,135200
29-1122,UT,1030,0.57,97210,75570,85380,97150,104040,126970
29-1122,VA,4150,0.97,102130,70200,83740,100710,118740,134570
29-1122,VT,320,1.02,92960,69120,80450,93340,102500,118110
29-1122,WA,3340,0.9,110100,83110,95650,107670,127390,135290
29-1122,WI,3710,1.21,91150,73610,78430,92390,102240,110950
29-1122,WV,700,0.96,95810,60870,74890,96190,107650,129460
29-1122,WY,350,1.2,90790,57740,77580,86170,103350,127790
29-1123,AK,680,1.22,115830,97950,101500,115280,129760,133690
29-1123,AL,3040,0.84,100190,74770,81850,97290,115210,133710
29-1123,AR,2680,1.2,98120,73050,81260,99010,111470,127210
29-1123,AZ,5170,0.93,107360,81560,89710,103220,121100,134050
29-1123,CA,26580,0.85,122580,85580,100790,124190,141260,163960
29-1123,CO,5630,1.14,103870,76460,83320,102030,118980,132010
29-1123,CT,4060,1.39,105460,82110,96560,104360,113360,127150
29-1123,DC,610,0.5,112400,85620,95940,101640,128750,129470
29-1123,DE,1260,1.51,108470,79930,92980,102050,124550,136350
29-1123,FL,16290,0.95,98510,73630,83650,101040,107520,122880
29-1123,GA,6780,0.81,103240,78580,83770,102700,120610,130630
29-1123,HI,950,0.88,101050,78630,93600,101700,117910,123280
29-1123,IA,2530,0.95,94780,73780,78810,97560,106070,120730
29-1123,ID,1030,0.7,96830,74570,84820,99000,104640,122100
29-1123,IL,9800,0.93,109080,83000,95940,105250,122920,140410
29-1123,IN,6130,1.11,102240,76960,82540,101560,114800,125390
29-1123,KS,2660,1.07,95540,72290,78680,98290,107780,122130
29-1123,KY,3390,0.98,99190,73900,80990,100710,114820,126920
29-1123,LA,3280,0.99,97250,60150,77740,98530,109650,127640
29-1123,MA,6850,1.09,106900,82760,94750,103790,121710,130220
29-1123,MD,3940,0.83,110700,79990,96880,106890,125440,138630
29-1123,ME,1860,1.69,97950,78020,85150,99720,105000,121030
29-1123,MI,8630,1.14,100630,79600,86120,100900,108760,123980
29-1123,MN,5180,1.02,102240,83570,94820,102010,107160,121340
29-1123,MO,4900,0.97,98700,76110,80910,99310,109880,124530
29-1123,MS,1980,0.99,96850,73700,83200,99990,107130,121740
29-1123,MT,1180,1.35,93440,78490,81250,91450,103480,115540
29-1123,NC,7350,0.86,100010,78020,84080,99910,110330,125940
29-1123,ND,830,1.12,92480,75290,79080,85330,103120,113600
29-1123,NE,2140,1.22,95890,77540,80540,97090,107490,120190
29-1123,NH,1960,1.67,98420,76180,83290,99850,107250,122560
29-1123,NJ,9750,1.32,114550,84640,96730,112140,129780,140040
29-1123,NM,1330,0.89,110060,77260,89440,106880,128110,146400
29-1123,NV,2030,0.76,120700,86260,98100,111250,134420,190620
29-1123,NY,20940,1.26,102740,73580,81470,100660,121270,136120
29-1123,OH,10280,1.08,102740,79070,84590,103050,113260,126060
29-1123,OK,2560,0.87,97520,68330,78690,98590,110820,128000
29-1123,OR,3210,0.95,106510,79440,90370,103510,126520,133950
29-1123,PA,11710,1.12,101650,76960,82320,101380,116650,127060
29-1123,RI,1020,1.18,102520,80770,88120,99400,113840,125390
29-1123,SC,3930,0.99,98100,72810,81850,101330,111860,123480
29-1123,SD,1060,1.35,93200,77890,82380,92660,103630,107870
29-1123,TN,4800,0.85,98260,67280,80930,100140,111140,127500
29-1123,TX,21870,0.9,109270,76600,88620,105810,127290,139050
29-1123,UT,2300,0.77,99790,66160,80870,99880,109480,136970
29-1123,VA,7630,1.08,104070,75720,84110,101450,118670,132860
29-1123,VT,760,1.45,95870,75040,81080,97970,103810,115860
29-1123,WA,5370,0.88,108550,78300,92490,105950,129390,137560
29-1123,WI,5580,1.1,102210,80740,88320,101840,114070,124640
29-1123,WV,1310,1.08,96880,73130,77860,96600,109410,126380
29-1123,WY,560,1.15,99480,75900,82940,100400,117000,125930
29-1126,AK,180,0.62,96290,80250,84560,97950,101280,114590
29-1126,AL,2350,1.24,68480,50250,57480,66150,76920,81030
29-1126,AR,1400,1.19,72740,59550,63120,73870,78520,93480
29-1126,AZ,3500,1.2,80980,64780,70680,79780,86070,99180
29-1126,CA,18650,1.14,109440,77010,87750,104820,129010,145510
29-1126,CO,2110,0.82,88300,66560,78980,86220,100130,109070
29-1126,CT,1370,0.9,92510,72410,80570,85230,98010,121620
29-1126,DC,430,0.69,108020,77240,98900,111950,127400,127400
29-1126,DE,500,1.15,92190,79210,82880,91080,97000,109890
29-1126,FL,8820,0.99,82400,64240,75210,81160,87990,100310
29-1126,GA,5150,1.17,88340,65050,74400,83700,101690,112320
29-1126,HI,510,0.91,93380,80130,86150,94210,102170,102780
29-1126,IA,910,0.65,74260,62860,64670,74760,80730,86510
29-1126,ID,820,1.06,78370,63540,72640,78460,80040,95290
29-1126,IL,4880,0.89,84920,64480,77440,84090,96260,100100
29-1126,IN,3170,1.1,78190,62730,67760,79730,84960,94980
29-1126,KS,1450,1.13,74860,60470,64680,76970,81240,94600
29-1126,KY,2530,1.41,72470,58330,63110,72750,79730,92540
29-1126,LA,2520,1.45,74690,61520,64440,75240,80150,91200
29-1126,MA,2220,0.68,100580,80330,86120,102170,107930,123930
29-1126,MD,1800,0.72,90600,69550,82920,88960,101340,106430
29-1126,ME,520,0.9,80400,61060,72540,82470,86530,98470
29-1126,MI,4520,1.14,78550,64770,71740,79850,83020,90210
29-1126,MN,1250,0.47,96890,79060,86440,98710,103010,110050
29-1126,MO,3030,1.15,76490,60950,64800,78390,83030,95730
29-1126,MS,1670,1.6,68120,50180,57150,63270,75850,80460
29-1126,MT,390,0.85,77850,60800,67360,81190,85320,92890
29-1126,NC,4630,1.04,81360,63990,68010,80090,87820,99520
29-1126,ND,270,0.71,84710,65770,66820,81230,84570,100490
29-1126,NE,840,0.91,80710,64100,73600,81590,86140,96180
29-1126,NH,360,0.59,93700,80490,84300,95940,101180,109000
29-1126,NJ,3350,0.87,99760,78000,87560,100810,106320,123370
29-1126,NM,840,1.08,73720,61990,63020,68870,77810,91220
29-1126,NV,1270,0.91,90530,65150,75310,85480,106820,118710
29-1126,NY,7010,0.81,110200,81270,95690,107810,126880,131500
29-1126,OH,6640,1.33,81240,65580,75280,79920,90380,97030
29-1126,OK,2000,1.3,77710,64380,67110,78800,83610,95350
29-1126,OR,1340,0.76,98160,81490,85310,100560,104360,120060
29-1126,PA,6530,1.2,78180,62440,66940,78490,87620,95520
29-1126,RI,260,0.57,93410,73240,83040,86900,102500,122120
29-1126,SC,1960,0.94,76490,63700,67410,77740,82400,90670
29-1126,SD,430,1.04,68910,48530,62010,68240,79370,88830
29-1126,TN,3440,1.17,72300,57860,63660,72140,78640,88060
29-1126,TX,12130,0.96,81010,61310,69670,79540,93680,99690
29-1126,UT,1170,0.75,80500,61860,70230,80650,85790,101340
29-1126,VA,3340,0.9,87310,65540,78820,82910,94770,106470
29-1126,VT,210,0.79,84640,50310,79390,83820,98220,99940
29-1126,WA,1860,0.58,99740,76080,84870,101130,106150,127520
29-1126,WI,1940,0.74,86230,70520,78800,84210,96510,100320
29-1126,WV,1140,1.8,71970,52940,63870,68670,77350,94280
29-1126,WY,160,0.64,76980,64300,68180,79330,82240,91840
29-1127,AK,340,0.89,100320,79700,84310,102670,108700,125950
29-1127,AL,2060,0.83,78780,58010,63760,73660,88990,109300
29-1127,AR,2430,1.58,90490,56250,65070,83580,112140,134420
29-1127,AZ,3390,0.89,100270,68990,81020,97800,114400,130550
29-1127,CA,16930,0.79,118600,79750,98920,118970,135070,160900
29-1127,CO,4420,1.3,116960,73900,94590,110750,136890,164520
29-1127,CT,2390,1.19,101340,65400,80960,100110,114400,130290
29-1127,DC,390,0.47,112940,81800,96180,109380,130620,137140
29-1127,DE,690,1.21,105380,79880,87210,102760,114620,135200
29-1127,FL,10080,0.86,96710,69970,83120,99990,105460,122050
29-1127,GA,4030,0.7,93470,59800,73990,96760,108030,125550
29-1127,HI,270,0.37,91660,61000,75020,97560,107950,120620
29-1127,IA,1540,0.84,83760,63270,70470,81050,95970,106460
29-1127,ID,1210,1.2,87060,62090,76310,84380,99360,121890
29-1127,IL,9040,1.26,92660,60870,76590,95080,108330,123800
29-1127,IN,3310,0.88,92290,60990,75380,87360,106080,122930
29-1127,KS,1690,1,82760,59390,65010,80120,99650,108390
29-1127,KY,2610,1.11,89180,63250,70250,83550,104120,121090
29-1127,LA,3000,1.31,77000,53480,60790,69610,90660,107650
29-1127,MA,5290,1.23,101890,71030,83090,101310,119100,129730
29-1127,MD,3510,1.08,98070,63480,79370,99190,114260,130590
29-1127,ME,640,0.85,83690,54010,73930,82660,99060,108580
29-1127,MI,4730,0.91,88650,62430,76070,89120,101410,108670
29-1127,MN,3890,1.12,87670,62390,78310,89380,100650,107820
29-1127,MO,3230,0.93,89040,58180,71520,89280,103240,119240
29-1127,MS,1790,1.31,78570,50280,62080,78130,97860,106170
29-1127,MT,490,0.81,80780,58460,65010,78740,93490,106330
29-1127,NC,5600,0.96,88640,60800,71160,86460,103020,121040
29-1127,ND,630,1.24,75980,56140,61520,75240,85920,103350
29-1127,NE,1310,1.08,87030,59120,74540,84350,99360,117980
29-1127,NH,720,0.89,88460,64030,75190,83040,100820,119290
29-1127,NJ,6840,1.35,109510,71620,82680,101560,128910,167230
29-1127,NM,1250,1.22,102370,61630,78940,98690,123920,134750
29-1127,NV,1270,0.69,103870,63180,83200,104510,119630,136520
29-1127,NY,15310,1.34,107700,64980,78570,100610,131190,157920
29-1127,OH,7270,1.11,93140,61840,77250,93300,105500,125330
29-1127,OK,1870,0.93,87230,51230,60600,84470,105710,127920
29-1127,OR,1600,0.69,106210,74410,85810,102660,127700,143000
29-1127,PA,6570,0.92,93720,60650,72440,92960,107990,130780
29-1127,RI,720,1.22,103850,75270,92260,104000,111610,130830
29-1127,SC,2190,0.81,89950,56560,68750,90530,106920,124070
29-1127,SD,410,0.77,73310,54740,62400,65680,82560,98810
29-1127,TN,3320,0.86,85050,58550,64730,84630,101760,116790
29-1127,TX,19120,1.15,99460,66370,79230,99910,118490,132990
29-1127,UT,1460,0.71,90630,56070,66490,91560,106850,128490
29-1127,VA,4460,0.92,99590,66890,77830,96250,116790,132400
29-1127,VT,430,1.2,86040,64320,78270,82090,98760,103380
29-1127,WA,3570,0.85,107610,81330,96100,105550,124010,132630
29-1127,WI,2940,0.85,85550,61320,72370,83000,99530,108360
29-1127,WV,880,1.07,88180,62690,67640,80970,108290,125160
29-1127,WY,240,0.72,89350,63520,68710,82040,109540,124250
29-1131,AK,160,0.9,,,,,,
29-1131,AL,1020,0.89,120170,65430,95310,105630,136690,172290
29-1131,AR,540,0.77,108100,38870,97930,107710,122140,153370
29-1131,AZ,2080,1.19,187410,81990,125210,152020,205030,262990
29-1131,CA,9170,0.93,169860,74850,125460,163920,211840,286330
29-1131,CO,2340,1.51,137190,77710,102090,130840,162110,211930
29-1131,CT,950,1.04,139290,46960,104780,126190,167390,218720
29-1131,DC,190,0.49,160520,69990,132520,134530,193860,294160
29-1131,DE,230,0.89,,,,,,
29-1131,FL,5360,1,139760,62430,83790,131660,166370,209520
29-1131,GA,2670,1.01,127920,66710,103080,126590,155270,167620
29-1131,HI,370,1.1,128820,62460,103760,130120,134000,188130
29-1131,IA,1000,1.19,122200,72800,94640,124610,152140,168950
29-1131,ID,540,1.18,118000,43290,101510,116170,137010,168840
29-1131,IL,2330,0.71,153810,74840,102630,133580,168050,280380
29-1131,IN,1500,0.87,127060,63630,99800,124530,155980,173810
29-1131,KS,1000,1.29,117620,71200,86250,107080,129870,177110
29-1131,KY,1190,1.1,112730,44200,73920,104100,136550,169220
29-1131,LA,950,0.91,125270,64690,78660,124370,141140,165560
29-1131,MA,1920,0.98,157520,96320,121670,140260,175250,260010
29-1131,MD,1430,0.96,163830,104030,133040,163170,189450,214960
29-1131,ME,600,1.72,136620,81780,104620,130600,155000,194680
29-1131,MI,2030,0.86,128100,75900,100950,125390,162030,192800
29-1131,MN,2140,1.34,146230,83280,109260,133110,164690,217580
29-1131,MO,1920,1.21,125720,61270,97280,114660,149250,193860
29-1131,MS,480,0.76,114370,70050,85780,105370,129370,163040
29-1131,MT,510,1.84,112730,51390,66830,99390,130870,183190
29-1131,NC,2940,1.1,136200,77650,98240,129240,165430,209340
29-1131,ND,270,1.17,108300,81420,88610,102180,115210,153720
29-1131,NE,780,1.41,123810,60630,85660,103500,138170,165660
29-1131,NH,650,1.75,144960,74780,97620,128190,161180,283460
29-1131,NJ,1910,0.82,166170,103720,126480,160140,202930,274850
29-1131,NM,460,0.99,138880,79450,96980,129390,171140,212850
29-1131,NV,680,0.82,140600,98860,119500,125550,159900,189620
29-1131,NY,3390,0.65,151530,89130,105750,131830,173720,251000
29-1131,OH,3430,1.15,129890,54050,88750,125060,156330,207190
29-1131,OK,1150,1.25,123820,51710,71560,98090,129300,208000
29-1131,OR,1660,1.57,133560,78420,98570,128880,154410,205850
29-1131,PA,3490,1.07,154440,79780,107810,133520,166230,268870
29-1131,RI,430,1.6,133850,106730,108820,126570,139730,196300
29-1131,SC,1380,1.11,126280,48140,96920,122130,157220,200860
29-1131,SD,280,1.13,93990,61640,74860,88650,114400,128920
29-1131,TN,1730,0.98,129660,98500,104890,124350,151770,167900
29-1131,TX,6270,0.83,138150,76510,107880,131330,164000,203920
29-1131,UT,640,0.69,139770,75970,99560,123990,168690,215720
29-1131,VA,2700,1.22,143080,63350,98630,126730,177650,220170
29-1131,VT,280,1.74,145030,91290,110410,131820,170570,213060
29-1131,WA,2390,1.25,163010,97140,124990,160510,197370,265600
29-1131,WI,1830,1.15,118890,79350,98950,108780,132880,159940
29-1131,WV,390,1.03,127520,54830,82770,128990,161940,201910
29-1131,WY,140,0.91,105200,55420,80230,97240,132890,149070
29-1141,AK,7510,1.06,114870,85030,97700,109480,129100,149070
29-1141,AL,54340,1.18,77020,58150,63500,77080,83380,98910
29-1141,AR,29400,1.04,81520,60780,66640,78940,90280,103660
29-1141,AZ,73150,1.04,99730,70540,81810,99500,108580,130930
29-1141,CA,338940,0.86,150280,101260,122440,140270,173170,213320
29-1141,CO,54490,0.87,99370,79500,84590,100260,108930,124940
29-1141,CT,40110,1.09,105250,80350,86120,102740,121840,134870
29-1141,DC,11440,0.75,106980,79390,85850,102540,127800,151170
29-1141,DE,14290,1.36,99460,78340,85900,99520,111720,123860
29-1141,FL,229940,1.07,90650,67970,78660,84190,101180,120330
29-1141,GA,100950,0.95,95080,68920,79090,93550,106330,128640
29-1141,HI,12940,0.95,124340,82500,101200,136320,144140,147830
29-1141,IA,34420,1.02,80540,63840,68290,78630,85940,100500
29-1141,ID,16880,0.91,92710,71210,80900,92460,102320,121230
29-1141,IL,138910,1.05,94360,69170,80020,95990,105960,118190
29-1141,IN,68980,0.99,89150,66750,78750,83500,100410,105750
29-1141,KS,33800,1.08,82360,63180,73300,79320,94700,100840
29-1141,KY,50300,1.16,86140,64170,75670,81040,97200,111750
29-1141,LA,48970,1.16,84190,63800,69040,80230,93600,104740
29-1141,MA,88200,1.12,117960,80310,87460,104550,136110,174510
29-1141,MD,52910,0.88,99010,76780,83740,99790,107340,124790
29-1141,ME,16540,1.19,91700,74160,79890,86990,101460,106950
29-1141,MI,104950,1.1,94300,77260,82080,94300,103450,116710
29-1141,MN,70110,1.09,103420,79960,88940,101510,114760,132430
29-1141,MO,76310,1.2,85900,63230,76050,81780,98560,104390
29-1141,MS,29060,1.15,78950,60610,64930,77090,84500,100350
29-1141,MT,10950,0.99,91510,70120,80210,85280,100800,113920
29-1141,NC,111120,1.03,90470,67660,78770,84350,102040,110220
29-1141,ND,11340,1.21,83600,65520,69620,80730,93080,103480
29-1141,NE,24720,1.11,88330,66020,79240,84730,99640,106190
29-1141,NH,15390,1.04,97900,75610,82880,99700,108400,123190
29-1141,NJ,92680,0.99,110100,83060,99710,106500,127730,135170
29-1141,NM,17980,0.95,95290,74300,80960,94340,102750,123540
29-1141,NV,27070,0.8,105710,79500,86850,103670,120270,133270
29-1141,NY,205810,0.98,113440,79760,94840,109440,129660,157090
29-1141,OH,143730,1.19,87730,66980,79200,82510,99030,105290
29-1141,OK,38270,1.03,85060,60530,77350,82920,98910,106390
29-1141,OR,39730,0.93,123140,95280,107220,129010,134420,155010
29-1141,PA,146520,1.11,94020,70800,80610,96430,104730,117900
29-1141,RI,10090,0.93,101260,77410,81840,100640,107100,129840
29-1141,SC,49750,0.99,87670,66860,77320,82360,97230,106520
29-1141,SD,14710,1.48,77140,54040,65070,78060,84280,98220
29-1141,TN,72200,1.01,85390,63970,75460,81500,95250,104920
29-1141,TX,271380,0.89,95380,67120,79170,95970,105100,127950
29-1141,UT,27420,0.73,90950,68920,80050,84600,105130,109050
29-1141,VA,77490,0.87,93850,67830,80090,93600,103030,125580
29-1141,VT,7410,1.12,96650,77670,82210,97460,105210,126100
29-1141,WA,69260,0.9,121540,89630,103100,124200,134240,161910
29-1141,WI,68060,1.06,94690,77470,81920,95530,102610,119860
29-1141,WV,23430,1.54,86970,57210,68160,80130,99770,131760
29-1141,WY,5330,0.87,88600,65770,77890,83760,101100,107350
29-1151,AK,90,0.82,311110,212150,289820,341210,366160,366160
29-1151,AL,1810,2.57,189120,101450,169250,190300,213590,270220
29-1151,AR,,**,198540,87120,128690,224280,260400,300080
29-1151,AZ,310,0.28,256610,228390,228390,248660,268580,313990
29-1151,CA,2230,0.37,283780,200530,277920,292410,315990,335550
29-1151,CO,800,0.83,,,,,,
29-1151,CT,480,0.86,225810,101520,212920,236960,278830,325790
29-1151,FL,4600,1.39,239830,125680,174580,210570,286000,416000
29-1151,GA,1170,0.72,226330,167110,203180,224630,270020,303900
29-1151,IA,380,0.74,253510,124470,225770,273070,299920,315610
29-1151,ID,,**,265850,216820,227990,263130,312880,338620
29-1151,IL,1140,0.56,251600,103490,209370,286830,315650,335610
29-1151,IN,600,0.56,,,,,,
29-1151,KS,910,1.9,206320,166080,180210,212090,223520,243000
29-1151,KY,1640,2.46,229690,189630,211800,222520,242700,289230
29-1151,LA,900,1.39,243240,176660,212870,222130,268210,304640
29-1151,MA,500,0.41,303310,199760,253120,295550,356000,391170
29-1151,MD,840,0.92,218050,81970,191640,223140,274290,351020
29-1151,ME,380,1.78,259370,219970,235480,247470,274360,336050
29-1151,MI,2300,1.57,253760,220840,228810,247010,269110,299120
29-1151,MN,2130,2.16,259210,221970,238060,266190,272980,292200
29-1151,MO,1550,1.58,271780,177900,214990,242630,332800,362800
29-1151,MS,480,1.23,217470,177110,181690,198410,264310,281010
29-1151,MT,,**,270330,233670,240020,277380,312900,325620
29-1151,NC,3340,2.03,226780,117170,167090,224610,278040,323640
29-1151,ND,250,1.73,248580,223490,241620,244240,262150,287480
29-1151,NE,430,1.26,255610,188560,216030,246730,289830,331660
29-1151,NH,490,2.15,277740,231560,259420,275980,309200,320140
29-1151,NJ,,**,290920,229130,238580,291350,311830,370880
29-1151,NM,,**,149980,64560,67000,129370,220740,271970
29-1151,NY,2450,0.76,285020,144900,279930,321030,325210,342480
29-1151,OH,2300,1.24,236830,148690,207450,231810,285310,329690
29-1151,OK,990,1.75,190820,156830,156830,156830,209550,296200
29-1151,OR,370,0.56,280010,205180,236360,272330,299260,339300
29-1151,PA,2500,1.24,233320,155250,206010,221530,262930,303640
29-1151,RI,120,0.74,,,,,,
29-1151,SC,1010,1.31,276380,210100,229140,265480,302230,401600
29-1151,SD,400,2.62,249720,194200,220920,263930,269480,287650
29-1151,TN,1690,1.55,218870,167480,192910,211450,243240,286630
29-1151,TX,4060,0.86,255820,169350,209380,244990,323140,340950
29-1151,UT,,**,139750,93350,111780,126600,171140,208310
29-1151,VA,700,0.51,254820,174210,207230,252110,294350,387020
29-1151,VT,40,0.4,289870,222080,268320,283060,310100,310160
29-1151,WA,760,0.64,273760,218640,228330,274390,302000,358160
29-1151,WI,990,1.01,272470,223690,245730,273170,288540,320630
29-1151,WV,740,3.18,275100,226300,231830,278530,290670,380340
29-1151,WY,80,0.85,260650,188650,188660,255250,276300,399220
29-1161,AK,60,3.35,144130,111400,132590,133430,173000,175290
29-1161,AZ,80,0.49,159910,101160,123310,140960,159390,258680
29-1161,CA,870,0.93,194730,140970,176080,203840,216560,227590
29-1161,CO,180,1.26,138520,124970,126780,137610,146750,161460
29-1161,CT,150,1.71,131680,122870,129020,130790,134230,147440
29-1161,DC,70,2.02,119310,92250,96650,101450,150630,150640
29-1161,DE,,**,130610,102680,115380,127510,153030,153610
29-1161,FL,460,0.9,111870,49780,68450,127460,132760,146590
29-1161,GA,300,1.21,119120,86290,94360,105510,145520,164300
29-1161,HI,,**,165360,125720,132530,170110,193780,193780
29-1161,IA,80,0.95,123000,81620,84450,131360,141410,158930
29-1161,IL,280,0.9,113800,58200,97130,120840,138120,156920
29-1161,IN,170,1.03,114640,101630,101630,101630,122150,145100
29-1161,LA,60,0.64,116840,96680,98990,119280,132250,134640
29-1161,MA,280,1.5,162420,120230,140030,159800,176340,204000
29-1161,MD,240,1.73,141880,127340,130700,140120,152310,166910
29-1161,ME,50,1.4,131090,110900,120220,133270,139080,144730
29-1161,MI,430,1.9,125240,104370,113840,125140,135730,142430
29-1161,MN,410,2.7,135380,110050,125070,134810,146560,158440
29-1161,MO,80,0.54,131470,89860,121200,130220,141200,154560
29-1161,NC,240,0.95,123920,97830,105840,126040,139030,155340
29-1161,ND,,**,99740,71200,71300,72630,132790,163860
29-1161,NE,,**,137300,130370,135030,138880,138880,138880
29-1161,NH,60,1.69,136610,78680,140790,142960,159080,164930
29-1161,NJ,120,0.53,159170,134400,141050,153970,167980,193760
29-1161,NM,50,1.08,122130,61430,110000,123350,142720,150340
29-1161,NY,360,0.73,143360,104860,130600,144510,162220,177240
29-1161,OH,180,0.62,125210,105110,110430,127730,136150,143250
29-1161,OR,240,2.41,146010,129910,133060,146900,159970,161180
29-1161,PA,320,1.04,116390,77620,77620,119990,141460,158520
29-1161,RI,80,3.11,135610,117100,118670,135180,141690,168300
29-1161,SC,100,0.83,120550,90880,99120,122390,132720,151590
29-1161,TN,330,1.96,115780,93620,104390,116980,125290,135410
29-1161,TX,290,0.4,122910,90260,110780,123380,138290,153100
29-1161,UT,140,1.55,128650,59340,109930,130930,149750,169440
29-1161,VA,,**,139620,108110,126060,135710,156180,164450
29-1161,VT,60,4.15,148100,126090,132450,151030,160350,169170
29-1161,WA,170,0.92,140860,73320,110510,158970,162970,175100
29-1161,WI,200,1.32,127300,87990,114190,133070,146450,156490
29-1171,AK,710,1.04,149120,95570,126080,155170,172000,207490
29-1171,AL,5640,1.29,110970,86300,97960,105750,123970,134650
29-1171,AR,3970,1.47,130260,99420,105450,125660,137550,205810
29-1171,AZ,7220,1.07,140600,104400,126880,134420,159780,173270
29-1171,CA,25120,0.66,176760,120340,145980,168520,209350,240830
29-1171,CO,4270,0.72,132540,87770,118410,132930,150990,170310
29-1171,CT,3750,1.06,142340,109930,124870,138470,160700,173810
29-1171,DC,680,0.47,146470,115200,125490,135880,160950,180300
29-1171,DE,1430,1.42,132900,97450,112020,131040,153050,162870
29-1171,FL,21790,1.06,130410,101920,112380,129510,137610,163600
29-1171,GA,10460,1.03,128800,99160,110360,129430,141240,166060
29-1171,HI,550,0.43,142910,106450,124530,135570,165810,174350
29-1171,IA,3240,1,136940,107990,122720,130160,141940,167590
29-1171,ID,1750,0.98,133420,100480,123920,132540,151600,169710
29-1171,IL,9270,0.73,130940,102440,113320,130680,142000,161470
29-1171,IN,7450,1.12,126600,101790,111310,128830,135990,155260
29-1171,KS,3780,1.27,127940,98330,108460,126650,133940,158080
29-1171,KY,4770,1.15,125010,95710,106240,122870,132720,162960
29-1171,LA,5380,1.34,126630,99050,109850,125600,135610,159570
29-1171,MA,8070,1.07,152320,111950,132460,142440,168100,207710
29-1171,MD,6710,1.17,133360,99920,119660,131110,147140,169330
29-1171,ME,1650,1.24,134210,107820,120830,130260,141440,166740
29-1171,MI,8290,0.91,132790,101640,117990,131450,140850,165870
29-1171,MN,7780,1.27,135890,98950,111750,133260,155260,170140
29-1171,MO,7710,1.26,130970,100650,119910,129930,144640,162060
29-1171,MS,4690,1.94,125340,98780,106660,124730,134020,156830
29-1171,MT,1260,1.18,135290,105110,123260,137210,151860,166940
29-1171,NC,9800,0.96,130870,103530,114260,128990,142180,164320
29-1171,ND,1290,1.44,126370,103490,107290,130070,135620,162020
29-1171,NE,2340,1.1,131710,103820,118440,132130,140900,161990
29-1171,NH,1770,1.24,138070,106070,125030,137550,155620,166240
29-1171,NJ,9950,1.12,155750,122390,136740,159310,170530,183420
29-1171,NM,1770,0.98,143510,106320,124740,137520,160950,175020
29-1171,NV,1930,0.6,137410,85380,110160,140670,161760,172170
29-1171,NY,22890,1.14,153900,112730,132490,153510,170290,198060
29-1171,OH,15400,1.34,122910,100780,106670,124870,134750,154680
29-1171,OK,3620,1.02,134200,99490,122530,133390,152330,167950
29-1171,OR,2820,0.69,155780,124660,134840,155680,168700,194070
29-1171,PA,10670,0.85,132070,102940,110960,130140,142720,163720
29-1171,RI,1180,1.13,143150,111420,131310,135970,163450,176410
29-1171,SC,5670,1.18,124170,97080,107930,123290,132220,160170
29-1171,SD,1020,1.07,125160,103080,108190,128840,136180,156000
29-1171,TN,12150,1.78,115510,82790,102640,117590,130330,137880
29-1171,TX,25970,0.89,131420,96880,113840,131670,147660,161980
29-1171,UT,2740,0.76,137060,102980,120740,130920,150940,175220
29-1171,VA,7110,0.83,129060,99990,109180,127810,139500,161470
29-1171,VT,700,1.11,139400,108510,127340,134740,157000,167610
29-1171,WA,6700,0.91,152180,122420,129670,156100,169500,187240
29-1171,WI,5160,0.84,135160,106320,123410,131980,147970,166260
29-1171,WV,2550,1.75,126780,100220,108520,127320,133220,155500
29-1171,WY,440,0.75,132680,101970,116430,132200,143420,165250
29-1211,AK,120,1.45,239200,239200,239200,239200,239200,239200
29-1211,AL,,**,376440,223700,326860,392350,416070,492400
29-1211,AZ,,**,239200,239200,239200,239200,239200,239200
29-1211,CT,,**,416580,75050,432520,481820,529860,529860
29-1211,DC,100,0.56,239320,70580,77790,202570,397210,397210
29-1211,FL,2530,1.02,422780,215320,388140,465370,481890,514580
29-1211,GA,1040,0.86,276840,169710,218210,230000,341560,494270
29-1211,IA,450,1.15,239200,239200,239200,239200,239200,239200
29-1211,ID,,**,385470,89130,299990,449990,450000,497100
29-1211,IL,1570,1.04,,,,,,
29-1211,IN,1460,1.83,389030,217040,364430,394060,455150,512160
29-1211,KS,600,1.68,375020,222520,248400,437030,485440,536800
29-1211,KY,1090,2.18,310560,107110,119990,347960,491640,491640
29-1211,LA,190,0.39,368640,231450,325740,410500,417550,417550
29-1211,MA,1100,1.21,,,,,,
29-1211,MD,,**,371320,170770,312720,418010,450090,506640
29-1211,ME,200,1.23,239200,239200,239200,239200,239200,239200
29-1211,MI,1270,1.16,,,,,,
29-1211,MN,870,1.18,449130,115870,359990,496510,576440,591740
29-1211,MO,,**,239200,239200,239200,239200,239200,239200
29-1211,MT,,**,239200,239200,239200,239200,239200,239200
29-1211,NC,980,0.8,239200,239200,239200,239200,239200,239200
29-1211,ND,60,0.54,239200,239200,239200,239200,239200,239200
29-1211,NE,260,1.02,369590,234710,298830,334210,485340,512180
29-1211,NH,330,1.93,433850,76330,428590,481640,485200,488130
29-1211,NM,50,0.25,325930,72440,72440,393970,540640,586950
29-1211,NV,50,0.14,239200,239200,239200,239200,239200,239200
29-1211,NY,7230,3,349940,136760,152160,445660,534810,561000
29-1211,OH,780,0.56,422500,172330,326360,490530,506840,543850
29-1211,OR,390,0.79,239200,239200,239200,239200,239200,239200
29-1211,PA,410,0.27,425950,75070,450320,461390,530450,542880
29-1211,RI,80,0.65,239200,239200,239200,239200,239200,239200
29-1211,SC,950,1.64,283240,77540,182900,238970,399440,549580
29-1211,SD,210,1.86,239200,239200,239200,239200,239200,239200
29-1211,TN,840,1.03,323070,75260,232300,330620,427280,442360
29-1211,TX,2800,0.8,276470,168750,210190,215230,348530,488670
29-1211,UT,,**,239200,239200,239200,239200,239200,239200
29-1211,VA,,**,388620,42100,261040,488310,504200,507500
29-1211,VT,90,1.13,290320,80000,80000,434780,479580,516450
29-1211,WA,1540,1.74,508520,239000,437430,499990,646930,646940
29-1211,WI,790,1.08,411910,217060,310360,443990,530520,639120
29-1213,AL,,**,401500,110530,379060,394550,461310,705310
29-1213,AR,40,0.45,378500,139260,239390,422060,482790,545080
29-1213,AZ,,**,346080,103990,111900,233270,596270,656230
29-1213,CA,740,0.55,,,,,,
29-1213,CO,260,1.22,357840,153340,273320,398810,414260,501410
29-1213,CT,,**,268770,74480,128320,165040,388610,439400
29-1213,DE,40,1.2,370170,207450,344480,442120,445800,445800
29-1213,HI,80,1.75,,,,,,
29-1213,IA,,**,365140,233890,233890,424970,467400,468740
29-1213,ID,60,0.89,314760,124890,130870,281920,582100,612100
29-1213,IL,,**,367430,148550,224220,435750,435750,538170
29-1213,IN,110,0.46,350490,104670,192720,225200,543140,578040
29-1213,KY,,**,249200,124570,164800,195830,370550,472580
29-1213,MD,120,0.6,384980,161540,287180,442210,442240,468650
29-1213,ME,,**,239200,239200,239200,239200,239200,239200
29-1213,MI,,**,344770,103490,207000,414910,472440,519590
29-1213,MN,260,1.22,510270,79450,373470,625790,728190,728210
29-1213,MS,70,0.82,239200,239200,239200,239200,239200,239200
29-1213,NC,800,2.21,360910,186700,340320,367350,389990,475970
29-1213,NE,,**,352480,103620,208090,359580,451040,588160
29-1213,NH,50,0.92,438070,76450,173990,516230,688630,688630
29-1213,NJ,350,1.13,,,,,,
29-1213,NV,,**,337610,115940,268890,419410,461120,461120
29-1213,NY,2070,2.92,334230,106320,186300,374010,453290,488680
29-1213,OH,,**,312020,67020,210530,373640,381260,426530
29-1213,OR,160,1.11,239200,239200,239200,239200,239200,239200
29-1213,PA,,**,239200,239200,239200,239200,239200,239200
29-1213,SC,180,1.09,287560,165600,182840,259990,389990,437060
29-1213,TN,100,0.41,359260,70330,146620,433630,485000,623290
29-1213,TX,780,0.76,291630,98500,207000,218670,349990,534030
29-1213,UT,50,0.39,239200,239200,239200,239200,239200,239200
29-1213,VA,,**,327140,107590,143190,280060,553060,583390
29-1213,WA,170,0.64,412360,98650,132020,526170,548050,672840
29-1213,WI,160,0.75,459550,77440,300520,440710,581080,757250
29-1214,AK,190,2.76,341520,120420,181000,452620,471630,472870
29-1214,AL,90,0.19,239200,239200,239200,239200,239200,239200
29-1214,AR,60,0.22,239200,239200,239200,239200,239200,239200
29-1214,AZ,,**,239200,239200,239200,239200,239200,239200
29-1214,CA,4420,1.15,,,,,,
29-1214,CO,780,1.28,239200,239200,239200,239200,239200,239200
29-1214,CT,470,1.3,364450,66800,117240,418940,514660,592050
29-1214,DC,120,0.8,292750,235610,236340,318200,318200,318720
29-1214,FL,2060,0.98,301220,182950,204990,204990,398540,672830
29-1214,GA,,**,259490,126020,134990,219010,345550,495260
29-1214,HI,110,0.8,239200,239200,239200,239200,239200,239200
29-1214,IA,290,0.89,401640,168250,368480,429050,472710,550050
29-1214,ID,380,2.09,242480,119990,126440,221430,320600,372940
29-1214,IL,1220,0.94,239200,239200,239200,239200,239200,239200
29-1214,IN,1170,1.73,360570,220790,284420,347060,448080,486870
29-1214,KY,620,1.48,214570,123240,148180,169390,272980,316490
29-1214,LA,470,1.16,239200,239200,239200,239200,239200,239200
29-1214,MA,890,1.15,370880,175710,319420,356230,483750,530920
29-1214,MD,550,0.95,387020,220020,333730,451620,479180,479180
29-1214,ME,280,2.08,239200,239200,239200,239200,239200,239200
29-1214,MI,910,0.98,377660,117780,335660,417760,465750,466930
29-1214,MN,990,1.59,375630,125750,336340,390940,474960,504070
29-1214,MO,,**,400590,218190,270640,456280,496370,496370
29-1214,MS,450,1.83,300550,174990,174990,252960,424740,568810
29-1214,MT,140,1.28,239200,239200,239200,239200,239200,239200
29-1214,NC,710,0.68,340980,179080,321320,339350,390030,515830
29-1214,ND,150,1.62,424750,208740,333370,392890,623420,650950
29-1214,NE,390,1.79,353880,71290,273450,371880,497170,511340
29-1214,NH,310,2.11,239200,239200,239200,239200,239200,239200
29-1214,NJ,500,0.56,262080,73880,79400,315340,383300,391500
29-1214,NM,340,1.85,360410,158680,334250,405130,432380,454480
29-1214,NY,3980,1.94,257790,80210,99100,301690,369510,403140
29-1214,OH,1170,0.99,344190,130370,210070,377480,476910,513210
29-1214,OK,60,0.16,300600,169610,206870,348540,348540,348540
29-1214,OR,890,2.15,239200,239200,239200,239200,239200,239200
29-1214,PA,570,0.45,239200,239200,239200,239200,239200,239200
29-1214,RI,290,2.74,411330,73920,310300,512730,566150,566150
29-1214,SC,80,0.16,285730,116020,171700,341960,385790,385790
29-1214,SD,170,1.71,335490,210850,244370,393870,406760,461290
29-1214,TX,780,0.26,262170,71930,81920,316830,330850,407430
29-1214,UT,140,0.38,178200,136870,137250,140370,147740,323470
29-1214,VA,920,1.06,239200,239200,239200,239200,239200,239200
29-1214,VT,130,1.95,379960,110670,383860,430820,449910,451230
29-1214,WA,,**,348790,105220,314200,380870,420410,515290
29-1214,WI,1260,2.03,239200,239200,239200,239200,239200,239200
29-1214,WV,300,2.04,381470,62830,129690,491230,532120,556710
29-1214,WY,,**,239200,239200,239200,239200,239200,239200
29-1215,AK,760,3.4,307210,162110,214660,323490,399300,425210
29-1215,AL,,**,169720,60830,104830,134550,218870,315200
29-1215,AR,290,0.32,232230,124470,183110,215820,282220,348240
29-1215,AZ,2620,1.17,310630,149390,230310,292760,406360,428490
29-1215,CA,,**,252930,74510,137220,252010,349420,475480
29-1215,CO,2700,1.36,249500,75120,177800,265560,318840,365820
29-1215,CT,790,0.67,200820,86600,94700,163930,269180,325460
29-1215,DC,150,0.32,321950,226790,233380,233390,464160,486670
29-1215,DE,640,1.92,226230,122940,167600,228000,266340,331570
29-1215,FL,,**,222290,75020,108910,227700,282520,392610
29-1215,GA,3690,1.09,280870,161560,210760,259320,366520,438620
29-1215,HI,260,0.59,222540,96990,187330,218210,273690,313560
29-1215,IA,1140,1.06,279120,116900,207410,265200,351300,460230
29-1215,ID,690,1.17,307400,84020,210650,347160,347510,525140
29-1215,IL,1960,0.46,229370,95260,149990,245120,304990,321980
29-1215,IN,1410,0.64,285950,111860,209490,261940,386330,468430
29-1215,KS,210,0.21,236160,154610,171410,229390,303760,325800
29-1215,KY,1170,0.84,254740,108750,137290,248730,312370,487240
29-1215,LA,1090,0.82,267230,118970,168430,255330,353190,464410
29-1215,MA,3540,1.41,271340,107650,215730,277490,361670,384390
29-1215,MD,1050,0.55,279010,124790,199990,285730,384430,403880
29-1215,ME,730,1.64,239970,163850,206340,239870,275640,290450
29-1215,MI,3770,1.24,219610,65320,123240,214070,312140,382240
29-1215,MN,1820,0.89,272380,153100,198530,280030,331490,391150
29-1215,MO,3740,1.84,214250,69590,75650,171180,354760,428550
29-1215,MS,570,0.71,265510,120170,162280,235630,362530,422860
29-1215,MT,460,1.3,337850,175530,233460,330760,469580,511880
29-1215,NC,1520,0.45,220360,118600,176810,215230,269270,322310
29-1215,ND,260,0.86,272470,181130,228630,280100,297870,346400
29-1215,NE,830,1.17,259630,78910,155250,228590,312610,433880
29-1215,NH,350,0.74,250990,175300,234120,268650,286310,303140
29-1215,NJ,3050,1.03,291470,151840,213200,292170,386730,403430
29-1215,NM,650,1.09,238170,64500,133010,228040,315340,384310
29-1215,NV,340,0.32,242460,134730,208000,251550,284950,326860
29-1215,NY,4000,0.6,211570,62090,90280,210920,311070,427330
29-1215,OH,1490,0.39,226800,67790,78300,223700,310040,405180
29-1215,OK,2170,1.84,329940,127950,206570,361350,481870,486270
29-1215,OR,1490,1.09,275320,194070,225880,293240,316680,346180
29-1215,PA,4190,1,298410,156000,214660,306030,397910,413250
29-1215,RI,210,0.6,365960,213600,215420,467160,467160,467160
29-1215,SC,1200,0.75,244960,107990,174260,239200,301890,357770
29-1215,SD,550,1.74,258390,175200,200830,239970,322950,356720
29-1215,TN,2260,1,284650,100290,166350,226830,441770,481200
29-1215,TX,6190,0.64,262580,75150,176090,235710,339810,414010
29-1215,UT,550,0.46,297110,142340,230310,297510,352360,413910
29-1215,VA,2930,1.03,252590,103720,173660,222630,281510,443010
29-1215,VT,240,1.13,249620,165990,215070,239340,269390,331580
29-1215,WA,1270,0.52,274210,145640,274260,292900,310300,337870
29-1215,WI,1470,0.72,292050,199250,255700,290640,344470,371670
29-1215,WV,320,0.65,260430,62810,181670,272680,344250,423270
29-1215,WY,100,0.53,278070,224970,234510,264580,328940,358840
29-1216,AK,110,0.8,317260,163230,201970,366080,366650,556190
29-1216,AL,310,0.34,294500,156060,258760,311180,346210,369200
29-1216,AR,290,0.52,210540,59180,69350,233130,308140,316760
29-1216,AZ,2570,1.84,230970,65610,72970,259320,351790,391480
29-1216,CA,6370,0.81,273270,74180,129110,313890,388150,441710
29-1216,CO,450,0.36,291400,176330,254550,299990,339290,371600
29-1216,CT,980,1.34,216230,66740,73400,208000,311300,413750
29-1216,DC,490,1.6,207560,48710,48760,223250,223610,513990
29-1216,FL,2390,0.56,266790,85220,121000,222600,356540,575210
29-1216,GA,5440,2.58,388060,103490,182620,425460,581750,581750
29-1216,HI,220,0.82,239200,239200,239200,239200,239200,239200
29-1216,IA,380,0.56,191200,71420,82590,122920,288130,391510
29-1216,ID,130,0.34,317600,133880,287940,355390,379970,385590
29-1216,IL,1130,0.43,192450,63940,69310,140680,220170,349420
29-1216,IN,2380,1.72,339500,177830,219850,314390,478410,504870
29-1216,KY,1060,1.22,250140,73510,148900,241530,345690,456710
29-1216,LA,,**,238520,184700,201140,210390,278100,324900
29-1216,MA,1590,1.01,253080,84750,176710,285250,309560,369930
29-1216,MD,3250,2.73,276280,135630,193950,260410,390540,393430
29-1216,ME,270,0.97,349150,185760,231590,316880,453840,539420
29-1216,MI,2060,1.08,194040,59440,91740,149990,311190,378470
29-1216,MN,2270,1.78,387730,197440,310320,373700,481170,481170
29-1216,MO,160,0.13,259950,173630,196460,216570,252240,438090
29-1216,MS,390,0.78,275760,67440,185980,325610,334330,429660
29-1216,NC,1700,0.79,283840,123810,181250,289780,396740,462680
29-1216,ND,200,1.07,319790,190430,333130,338400,351580,379100
29-1216,NE,900,2.04,226440,70920,79420,221360,327710,378450
29-1216,NH,450,1.51,229630,69840,86390,229210,363750,414380
29-1216,NJ,2920,1.58,165650,82320,89990,89990,197990,431460
29-1216,NV,390,0.59,162050,82970,82970,114090,228200,291170
29-1216,NY,10000,2.39,213360,78160,88690,183460,339040,416640
29-1216,OH,1540,0.64,286650,84180,201280,249990,342440,453010
29-1216,OK,490,0.66,270930,67270,134630,216570,377580,468320
29-1216,OR,230,0.27,294070,228850,248540,268570,312620,350220
29-1216,PA,990,0.38,226950,67360,67360,213310,310840,415810
29-1216,RI,300,1.39,298550,69590,231670,379490,379490,425340
29-1216,SC,1260,1.27,315380,102500,219460,359500,414270,441010
29-1216,SD,160,0.79,331820,222550,251730,280520,390220,564280
29-1216,TN,1370,0.97,238020,64870,106590,232220,322260,412460
29-1216,TX,3850,0.63,254300,69460,198330,269110,315850,387660
29-1216,UT,210,0.27,303040,161890,214840,331720,381810,448650
29-1216,VA,860,0.48,,,,,,
29-1216,VT,180,1.39,287550,181710,216300,228670,391710,452190
29-1216,WA,1100,0.72,327250,222990,321320,340010,371980,406010
29-1216,WI,1450,1.14,334100,74160,326040,367160,404720,451640
29-1216,WV,630,2.08,189160,63150,63540,72680,327230,430020
29-1218,AK,50,1.03,365560,182030,367660,421450,421450,425690
29-1218,AL,120,0.43,208080,105910,169780,210380,223450,396480
29-1218,AR,160,0.88,239200,239200,239200,239200,239200,239200
29-1218,AZ,130,0.29,336640,217940,245090,369720,376760,455520
29-1218,CA,1610,0.65,272520,103330,198720,301240,331190,401440
29-1218,CO,410,1.05,239200,239200,239200,239200,239200,239200
29-1218,CT,330,1.41,250000,75540,82230,200580,407790,457670
29-1218,DC,70,0.68,239200,239200,239200,239200,239200,239200
29-1218,DE,190,2.87,294730,180200,284630,324080,325160,325160
29-1218,FL,1620,1.19,,,,,,
29-1218,GA,350,0.52,319300,230070,270620,354000,375530,404340
29-1218,HI,140,1.59,245990,76650,76650,338130,373260,385660
29-1218,IA,180,0.85,311940,164680,200010,356020,414010,438970
29-1218,ID,110,0.9,230470,100710,117870,223560,302110,332660
29-1218,IL,1290,1.55,244730,208000,208000,208000,272590,413520
29-1218,IN,430,0.99,279910,70720,153390,351990,366350,394190
29-1218,KS,,**,222220,147520,149990,220770,263000,366110
29-1218,KY,240,0.89,268360,65140,73460,317110,387330,400000
29-1218,LA,80,0.29,397990,235030,310820,404550,515310,515310
29-1218,MA,620,1.26,289280,96960,228130,272240,339260,441200
29-1218,MD,160,0.43,330570,231840,270040,306310,381120,469430
29-1218,ME,100,1.13,370520,168550,341100,379930,452710,490820
29-1218,MI,880,1.46,250650,127190,164570,209650,284810,422390
29-1218,MN,750,1.85,329280,149990,210010,321910,428120,514620
29-1218,NC,590,0.87,249890,107420,110620,134540,349890,600460
29-1218,ND,70,1.15,327910,128150,216990,414060,424600,428010
29-1218,NE,180,1.29,300500,94140,219620,342570,381480,448630
29-1218,NH,140,1.5,279730,76450,179990,348140,372260,372260
29-1218,NJ,740,1.27,222080,78630,129990,228870,285430,354630
29-1218,NM,110,0.93,278630,201340,208000,259990,360310,389680
29-1218,NY,2750,2.08,306240,91510,207460,348800,426730,449020
29-1218,OH,970,1.28,227230,102160,133190,181520,319150,405000
29-1218,OK,60,0.24,364140,155580,358870,370260,459170,459170
29-1218,OR,270,1.01,366460,223000,297210,395340,442870,444710
29-1218,PA,260,0.31,239200,239200,239200,239200,239200,239200
29-1218,RI,140,2.05,255560,76930,83990,166390,348950,615380
29-1218,SC,350,1.11,268740,103990,116840,302340,353740,428920
29-1218,SD,80,1.2,307380,131350,213240,297610,410660,433910
29-1218,TN,360,0.8,296570,65300,140740,354580,384710,516700
29-1218,TX,1460,0.76,248730,73450,99990,271960,359320,425630
29-1218,UT,200,0.82,385660,219810,340000,437170,466130,466780
29-1218,VA,,**,273790,179990,258180,282410,309850,311770
29-1218,VT,90,2.13,376670,231410,291800,418760,444290,498060
29-1218,WA,270,0.56,352950,162800,269020,343140,423800,584260
29-1218,WI,450,1.12,313520,148720,269690,304990,404510,419420
29-1218,WV,100,1.07,265520,63120,194070,300810,336060,370030
29-1221,AK,60,0.68,282020,224040,230210,267390,322420,347880
29-1221,AL,,**,237810,168700,180960,209490,263200,388160
29-1221,AR,100,0.31,182700,64090,129320,160440,262730,300440
29-1221,AZ,1230,1.5,239830,111020,184900,233950,263750,408620
29-1221,CA,6680,1.45,221480,102600,125990,214140,300500,372460
29-1221,CO,570,0.79,199990,107990,163510,196440,233690,284190
29-1221,CT,1310,3.06,220010,90890,165310,216830,284190,328620
29-1221,DC,,**,116210,79240,79240,79240,126600,221960
29-1221,DE,180,1.47,213680,82540,192900,219190,277100,302300
29-1221,FL,700,0.28,172610,68590,96920,182010,210010,239990
29-1221,GA,,**,153380,87480,94640,149990,181990,254560
29-1221,HI,470,2.97,177890,102260,103390,197090,217300,289860
29-1221,IA,230,0.59,221690,69670,81680,262440,303990,374340
29-1221,ID,60,0.29,273550,169880,221610,297680,323820,366480
29-1221,IL,1180,0.76,225740,106520,134420,196760,310240,376850
29-1221,IN,1080,1.34,195330,140450,168830,177300,212530,277150
29-1221,KS,110,0.31,221860,127550,176360,209840,276610,310110
29-1221,KY,380,0.74,188030,65160,130250,175690,246380,338450
29-1221,LA,40,0.08,378020,161820,203880,502720,502720,555290
29-1221,MA,2310,2.51,228920,125170,172100,221170,323510,324950
29-1221,MD,580,0.83,202610,134620,151470,181640,230700,295810
29-1221,ME,130,0.82,243380,117960,215990,245920,287100,344790
29-1221,MI,1340,1.2,195760,81550,124770,204690,238610,307240
29-1221,MN,890,1.19,228400,83920,156260,226660,301010,354620
29-1221,MO,500,0.67,225730,65850,177100,223910,310470,344020
29-1221,MS,40,0.15,214380,112120,175060,183650,232580,328010
29-1221,MT,50,0.39,284770,161060,197940,273260,375310,385460
29-1221,NC,740,0.59,183450,85220,125460,183550,216250,297220
29-1221,ND,90,0.79,242000,155320,232300,234950,286600,291110
29-1221,NE,290,1.11,210390,71120,71120,175990,339820,460280
29-1221,NH,210,1.21,255760,104030,221240,273410,331170,334800
29-1221,NJ,1280,1.18,194010,79800,119900,201560,252460,308390
29-1221,NM,270,1.21,216420,112320,130360,202390,300570,313200
29-1221,NY,4570,1.86,205770,82320,101150,212150,265240,357440
29-1221,OH,2110,1.5,223710,163780,193750,217970,252270,296660
29-1221,OK,280,0.65,257980,177880,207790,236780,302540,376880
29-1221,OR,620,1.24,228070,165440,179440,224690,269550,312530
29-1221,PA,1120,0.73,236790,135370,192300,226440,264170,356540
29-1221,RI,180,1.42,215550,114650,176080,218080,276750,302640
29-1221,SC,420,0.71,233160,119020,149990,217120,312040,372000
29-1221,SD,80,0.73,288400,212910,229250,257610,366330,385810
29-1221,TN,740,0.9,188280,69110,158770,176210,223750,376660
29-1221,TX,2740,0.77,194140,77570,108010,173360,232990,366790
29-1221,UT,310,0.7,220460,121790,160060,210360,290320,347540
29-1221,VA,750,0.72,210010,89850,134630,195940,300430,352170
29-1221,VT,130,1.65,207630,86790,121110,215350,238480,373000
29-1221,WA,480,0.54,201120,95200,130490,169540,268850,299010
29-1221,WI,350,0.46,245400,75590,185440,269790,312180,337560
29-1221,WV,140,0.76,164720,62510,62510,158470,230060,293940
29-1221,WY,100,1.41,,,,,,
29-1223,AK,50,0.93,278800,83170,118600,342170,393920,421650
29-1223,AR,150,0.65,182100,66030,75340,124750,291200,375080
29-1223,AZ,380,0.64,264260,128350,204870,249720,327350,385760
29-1223,CA,5420,1.66,315380,113990,173990,353500,414640,496230
29-1223,CO,270,0.52,258210,134050,228210,266370,313920,353330
29-1223,CT,560,1.85,292660,75190,135190,326670,404850,481590
29-1223,DC,310,2.45,181090,45150,71550,183080,289360,304250
29-1223,DE,100,1.11,243740,57150,187270,279410,304990,410910
29-1223,FL,1930,1.08,328060,71680,179670,316200,474250,568460
29-1223,GA,470,0.54,227430,89990,103200,237480,318110,369790
29-1223,HI,170,1.47,271330,156990,280380,289990,290040,302450
29-1223,IA,170,0.62,273190,77320,151560,295270,360900,427810
29-1223,ID,110,0.69,159470,75470,75470,75470,237340,302230
29-1223,IL,870,0.79,269000,134770,166750,258740,379160,447930
29-1223,IN,410,0.72,297220,161820,232380,284110,357000,454930
29-1223,KS,60,0.22,265280,147070,217360,278100,314500,339990
29-1223,KY,160,0.45,221190,74200,132450,237770,288780,361640
29-1223,LA,90,0.27,321300,190550,215770,345040,373130,443710
29-1223,MA,1060,1.62,,,,,,
29-1223,MD,460,0.93,306100,154720,229860,305320,411740,449640
29-1223,ME,80,0.71,275050,110690,248140,300180,316490,328390
29-1223,MI,560,0.71,272010,81390,190630,291850,364230,399920
29-1223,MN,580,1.09,333320,90470,279600,336410,382210,446520
29-1223,MO,240,0.45,345860,122240,260600,312680,466780,644800
29-1223,MS,110,0.55,218620,61380,127880,213680,330650,339790
29-1223,NC,620,0.7,201840,101080,133240,168880,266850,297250
29-1223,NE,180,0.97,196590,53160,53160,135180,339880,353450
29-1223,NH,90,0.76,199220,69970,76030,246140,294770,294770
29-1223,NJ,1290,1.67,244560,87120,155310,194070,341570,404870
29-1223,NM,,**,238260,172340,224920,227730,248940,388100
29-1223,NV,90,0.31,203980,100880,100880,210030,249080,377600
29-1223,NY,4130,2.37,252840,86120,101460,265890,333870,443340
29-1223,OH,690,0.69,250210,82650,171140,244990,311190,423440
29-1223,OK,80,0.26,272510,123220,224490,271640,333320,356840
29-1223,OR,430,1.21,282210,62300,257780,314880,336410,391230
29-1223,PA,830,0.76,282370,148050,235240,278970,342920,394740
29-1223,RI,270,2.98,257290,145780,145790,287610,304210,480690
29-1223,SC,200,0.49,226360,129250,155250,237250,272230,308430
29-1223,SD,60,0.75,270220,130000,201330,226180,341360,341360
29-1223,TN,410,0.69,210520,65820,76870,214880,312950,359990
29-1223,TX,1690,0.67,221100,73330,104290,228460,305530,391890
29-1223,UT,260,0.83,288370,158990,286770,299670,321560,358180
29-1223,VA,370,0.5,272960,129440,215150,295010,322890,372180
29-1223,VT,80,1.55,298070,77450,221000,302770,409950,424200
29-1223,WA,360,0.57,265600,92320,175900,304920,332330,363850
29-1223,WI,550,1.03,282980,86340,196700,331070,349230,393500
29-1223,WV,90,0.69,173570,63320,63320,63320,334250,465770
29-1224,AR,150,0.67,140990,63800,66640,75600,289680,289680
29-1224,AZ,,**,478540,79470,242830,470640,688200,688200
29-1224,CA,690,0.22,309990,96610,106000,270560,496790,499880
29-1224,CO,500,1.01,343570,129370,129370,344270,352050,684280
29-1224,CT,,**,227700,86930,191730,191990,226130,440120
29-1224,DC,80,0.64,268900,110760,182150,182450,455050,456110
29-1224,DE,160,1.91,239200,239200,239200,239200,239200,239200
29-1224,FL,1680,0.98,434010,192020,395170,417690,503850,665450
29-1224,GA,,**,416100,164670,335190,335190,426180,813360
29-1224,HI,80,0.7,239200,239200,239200,239200,239200,239200
29-1224,IA,130,0.5,344000,84500,115800,405220,445670,533880
29-1224,IL,,**,239200,239200,239200,239200,239200,239200
29-1224,IN,680,1.24,360390,79520,405210,430640,431410,443000
29-1224,KS,,**,199480,179990,179990,179990,194800,259570
29-1224,KY,,**,338210,82650,112790,279990,592050,752080
29-1224,MA,,**,391790,113600,371090,426560,459750,591970
29-1224,MD,,**,428880,99470,194850,581510,581560,626170
29-1224,ME,,**,448540,135080,236560,555750,578230,591070
29-1224,MI,360,0.48,376210,82250,208490,485920,485920,558760
29-1224,MN,440,0.87,527740,81490,196980,708340,708340,708340
29-1224,MO,280,0.56,,,,,,
29-1224,MS,100,0.48,,,,,,
29-1224,MT,110,1.22,319460,112380,207010,360330,365520,412670
29-1224,ND,120,1.68,556170,207050,546740,553140,709960,785060
29-1224,NE,160,0.91,,,,,,
29-1224,NH,210,1.76,447500,78360,438150,506010,523650,523650
29-1224,NJ,,**,374880,84210,117300,482700,555900,673000
29-1224,NM,170,1.14,127900,66580,80740,96170,109290,227530
29-1224,NV,410,1.52,334320,102420,131490,386210,465760,465780
29-1224,NY,2010,1.2,336460,81760,102440,441580,515990,544890
29-1224,OH,770,0.81,264470,69210,83290,260000,402670,471600
29-1224,OK,110,0.36,,,,,,
29-1224,OR,230,0.69,239200,239200,239200,239200,239200,239200
29-1224,PA,1360,1.31,418720,100040,398220,455380,518320,543750
29-1224,SC,,**,232030,53890,86500,174480,458680,482100
29-1224,SD,70,0.87,534640,233620,500320,586010,669020,669020
29-1224,TX,2330,0.96,292220,77270,100550,319320,456760,503900
29-1224,UT,380,1.28,378420,165740,357600,417250,450010,450010
29-1224,VA,,**,380580,117530,284320,376270,557540,614360
29-1224,WA,1480,2.43,239200,239200,239200,239200,239200,239200
29-1224,WI,980,1.94,381720,126160,289360,392610,511550,630260
29-1224,WV,360,2.95,390970,65010,107900,471650,493010,734750
29-1224,WY,30,0.7,266420,97240,100790,161750,408820,409940
29-1229,AK,270,0.37,353510,203020,239720,355100,426050,524990
29-1229,AL,3980,0.85,264580,98690,139280,272610,357010,424420
29-1229,AR,4290,1.49,194980,58710,64330,136880,319180,402190
29-1229,AZ,6800,0.95,303730,75610,172540,312490,432340,518640
29-1229,CA,25530,0.64,249620,80590,98870,281590,340730,431980
29-1229,CO,1990,0.31,298570,171810,229920,298320,357470,418690
29-1229,CT,4700,1.26,243750,85910,98840,214990,373210,430830
29-1229,DC,1960,1.26,154040,70530,77430,77430,253380,338940
29-1229,DE,1370,1.28,243890,77500,89130,297470,326400,359410
29-1229,FL,23390,1.07,267380,65370,168060,262180,364750,439940
29-1229,GA,8580,0.8,269550,82350,142420,266880,392740,457060
29-1229,HI,1830,1.32,326890,124470,248960,339290,427560,481940
29-1229,IA,1440,0.42,273160,74210,160440,295190,350480,412010
29-1229,ID,1700,0.9,262710,38390,114030,299340,387810,429850
29-1229,IL,20790,1.55,220020,71830,81360,132540,372880,452200
29-1229,IN,6760,0.96,323600,130110,213350,366190,428230,462610
29-1229,KS,5230,1.65,248050,67750,70520,221540,382360,451910
29-1229,KY,3340,0.76,331860,120640,218540,327390,452650,549810
29-1229,LA,4740,1.11,312630,71980,209810,350920,419840,463270
29-1229,MA,8210,1.02,247150,77630,85550,236580,384490,431300
29-1229,MD,10340,1.7,228860,74230,144890,212080,317140,401890
29-1229,ME,1340,0.95,367590,211500,312930,419410,442790,442790
29-1229,MI,13150,1.36,206170,63990,66870,155480,318630,465930
29-1229,MN,5350,0.82,325680,75280,214230,367320,392360,468570
29-1229,MO,3990,0.62,237330,67070,83340,227980,361400,435150
29-1229,MS,,**,234660,61960,61960,228130,359250,455660
29-1229,MT,580,0.52,385010,236960,326580,438850,438850,442330
29-1229,NC,14080,1.29,247750,66740,77810,260330,361250,424760
29-1229,ND,740,0.78,406630,136980,287540,454550,564000,564890
29-1229,NE,1170,0.52,291430,80370,224030,290470,379790,456210
29-1229,NH,1000,0.66,307550,131710,236820,361300,362850,412590
29-1229,NJ,9730,1.03,260100,75590,115930,285010,361100,430940
29-1229,NM,1930,1.01,318330,135220,228720,327670,397140,449310
29-1229,NV,2400,0.7,251310,74990,141800,252120,327770,409930
29-1229,NY,16600,0.78,256500,86250,122260,242500,352190,414440
29-1229,OH,21160,1.73,286080,62990,104800,297440,432890,501260
29-1229,OK,2520,0.67,248930,58130,65200,259220,351780,421200
29-1229,OR,4130,0.95,316640,110120,273940,347180,381480,441530
29-1229,PA,23800,1.78,237190,70850,78710,217310,370140,423340
29-1229,RI,1180,1.06,236360,80130,169860,228590,320690,357730
29-1229,SC,4510,0.89,286140,66320,163900,274480,427760,501690
29-1229,SD,200,0.19,239200,239200,239200,239200,239200,239200
29-1229,TN,5340,0.74,312220,101560,181200,301290,426850,503430
29-1229,TX,30720,0.99,257240,60600,108990,269800,370990,457450
29-1229,UT,3510,0.92,240190,82330,82330,228060,362440,442310
29-1229,VA,8480,0.94,266010,103490,183190,278530,350550,417070
29-1229,VT,440,0.66,331300,174990,247520,343050,400490,517900
29-1229,WA,6300,0.81,293760,95230,215640,307170,363470,424410
29-1229,WI,6350,0.98,364840,201050,280990,391740,448470,478990
29-1229,WV,1980,1.28,228870,59160,63950,258020,326230,374980
29-1229,WY,440,0.71,321630,156000,256180,342800,377870,466750
29-1292,AK,790,1.7,122560,60590,130340,132690,136450,138840
29-1292,AL,3170,1.05,60850,48960,58800,61160,63410,72410
29-1292,AR,1740,0.93,85660,62170,82620,86760,93600,97730
29-1292,AZ,4530,0.98,101450,91480,98660,101010,105990,121910
29-1292,CA,24500,0.94,128110,102090,109730,124930,132120,151920
29-1292,CO,4270,1.04,110030,95680,102580,109580,125470,128900
29-1292,CT,3240,1.33,98720,87190,97630,100690,103380,106020
29-1292,DC,320,0.31,127910,86120,104470,137220,138710,155840
29-1292,DE,750,1.09,100660,93580,97570,98910,103310,112940
29-1292,FL,11980,0.84,88320,75960,80190,91980,96060,99040
29-1292,GA,7440,1.06,91220,74610,81140,95490,101620,103650
29-1292,HI,830,0.92,93660,78800,85590,97570,102910,104000
29-1292,IA,2440,1.09,86640,78320,80950,84010,93880,95810
29-1292,ID,2060,1.68,95500,85610,92820,94650,98410,103340
29-1292,IL,8970,1.03,91820,74280,79400,96670,101800,118410
29-1292,IN,5020,1.09,89660,74970,81250,92330,99020,102280
29-1292,KY,2070,0.72,78950,61280,67880,78830,91800,98770
29-1292,LA,2690,0.97,83160,49900,79550,85240,96010,98330
29-1292,MA,6850,1.31,102160,93510,98150,100640,106220,117380
29-1292,MD,3500,0.88,109090,85440,103150,107830,120070,122740
29-1292,ME,1060,1.16,96440,83420,88400,97680,102440,108680
29-1292,MI,8640,1.37,85940,77230,79670,83790,93310,96970
29-1292,MN,4110,0.97,103830,82110,99040,103970,116350,120270
29-1292,MO,3810,0.91,88430,59880,83890,92750,98240,99400
29-1292,MS,1140,0.68,68630,58810,63000,67280,74600,83320
29-1292,MT,860,1.17,96730,83060,94460,98440,100920,104780
29-1292,NC,6690,0.95,93640,77270,84150,97850,100930,103850
29-1292,ND,660,1.08,89750,82890,84020,90530,96170,98530
29-1292,NE,1280,0.88,88990,67600,85140,92580,96210,98080
29-1292,NH,1360,1.39,102640,86400,97820,101250,104260,122980
29-1292,NJ,7230,1.18,104410,94260,101270,107040,115470,117730
29-1292,NM,1420,1.14,94890,82180,86300,95940,99960,105440
29-1292,NV,1510,0.68,114360,99800,104330,115290,121730,129460
29-1292,NY,13660,0.98,103640,77680,89960,106130,121740,126640
29-1292,OH,8630,1.09,89900,76260,80980,88990,97210,102950
29-1292,OK,2860,1.17,98000,81290,95980,97580,103210,119760
29-1292,OR,3600,1.28,120470,104530,109640,122080,126460,134120
29-1292,PA,7970,0.92,84260,63130,75620,80610,99950,103540
29-1292,RI,770,1.07,88660,83800,84030,86910,91160,100520
29-1292,SC,3160,0.96,84980,65700,79400,84340,94830,97220
29-1292,SD,630,0.96,89180,73480,83230,92210,96230,98290
29-1292,TN,4570,0.97,87420,76190,80380,84640,94240,98300
29-1292,TX,16380,0.81,96240,71530,85280,99240,107320,117890
29-1292,UT,3780,1.52,87770,78830,81660,91120,95490,99570
29-1292,VA,3770,0.64,105120,86730,97630,102950,119690,125560
29-1292,VT,560,1.28,97540,81010,91210,97470,101230,110010
29-1292,WA,6330,1.24,131530,107090,122000,131160,134670,162050
29-1292,WI,5080,1.21,94180,80370,83880,96540,100750,110240
29-1292,WV,1250,1.25,71290,59950,63420,73840,76260,83430
29-1292,WY,500,1.24,82320,61020,61360,85130,96890,99350
29-2010,AK,680,0.97,69270,44550,48550,60950,82610,109080
29-2010,AL,7250,1.6,53500,34790,38750,49440,64330,79520
29-2010,AR,3180,1.14,54340,35580,39720,49670,63520,79420
29-2010,AZ,6440,0.93,66140,40520,48080,62530,80360,99560
29-2010,CA,29210,0.75,78840,47580,56700,76010,89480,126870
29-2010,CO,5000,0.81,73270,47050,52930,70050,87780,102900
29-2010,CT,3670,1.01,74820,43320,50900,65310,98260,111940
29-2010,DC,960,0.64,81650,47470,58600,76560,102560,126300
29-2010,DE,690,0.67,70300,46650,50590,68630,83550,98420
29-2010,FL,25790,1.21,63650,37530,41680,60510,79920,96860
29-2010,GA,11540,1.1,67320,37970,47230,62180,83460,101020
29-2010,HI,1090,0.81,70930,48070,52750,66020,83820,100340
29-2010,IA,3240,0.97,57530,38790,43210,54260,65810,79660
29-2010,ID,1590,0.87,57450,38130,40050,47450,75000,92280
29-2010,IL,10330,0.79,72140,44980,53820,71950,82880,99970
29-2010,IN,7210,1.05,60670,38910,45390,57080,76480,87470
29-2010,KS,3930,1.28,64310,38490,46680,62050,78330,94780
29-2010,KY,4860,1.13,61770,37800,45310,60880,78020,88750
29-2010,LA,3790,0.91,57130,33140,39930,54460,69640,84720
29-2010,MA,10850,1.39,77230,47360,54020,79120,99130,105750
29-2010,MD,6200,1.05,66280,34760,47830,63690,84500,98260
29-2010,ME,1250,0.91,68900,46280,49900,68690,80920,94320
29-2010,MI,10000,1.06,61840,37560,41630,61260,79400,91280
29-2010,MN,7190,1.14,73630,49810,61430,74440,80920,101190
29-2010,MO,7670,1.22,61240,37490,46160,60300,78330,91540
29-2010,MS,3070,1.23,54580,33760,40160,50640,64610,81200
29-2010,MT,1020,0.93,67510,38910,48140,65190,81710,97070
29-2010,NC,13710,1.3,62140,39860,47300,60650,77700,86490
29-2010,ND,1370,1.49,62250,37300,48260,62680,77370,83920
29-2010,NE,1930,0.88,62070,38090,46740,60540,76170,85610
29-2010,NH,800,0.54,74530,42090,57360,81020,90310,99930
29-2010,NJ,7000,0.76,74830,46530,53840,68450,87040,107470
29-2010,NM,2160,1.16,55380,36770,39110,47360,63060,80990
29-2010,NV,2040,0.61,66160,40390,47190,57320,81470,103890
29-2010,NY,16460,0.79,93610,50060,65890,97280,120900,132530
29-2010,OH,13050,1.1,64910,39250,47670,63800,79260,95100
29-2010,OK,4250,1.16,57600,35780,40000,53300,68740,83970
29-2010,OR,2660,0.63,83990,49260,62360,83010,102950,117640
29-2010,PA,13020,1,59470,37630,44130,51680,75770,86390
29-2010,RI,1060,0.98,74120,41850,50420,75780,83490,102650
29-2010,SC,4380,0.89,58670,36420,44140,55280,72750,81930
29-2010,SD,1280,1.31,60940,37550,47140,60890,75700,81560
29-2010,TN,8410,1.2,62930,37800,46860,62070,78720,87210
29-2010,TX,29530,0.98,61730,38330,44990,59290,77750,94830
29-2010,UT,6370,1.71,56980,38220,39250,49090,66140,86080
29-2010,VA,7150,0.81,65200,38910,46430,61050,79700,96080
29-2010,VT,460,0.71,80100,56460,65610,78680,96530,101120
29-2010,WA,7430,0.98,76370,46780,56160,72760,97590,112020
29-2010,WI,8480,1.35,63560,46350,49440,60670,77860,84980
29-2010,WV,1800,1.2,61890,37240,46190,61810,75340,88470
29-2010,WY,450,0.75,65610,34270,38930,65510,83930,99440
29-2032,AK,140,0.77,106180,78170,97600,105670,124540,126540
29-2032,AL,1510,1.23,69160,51700,61760,68180,78320,83220
29-2032,AR,640,0.85,83360,64280,73510,81500,96970,102190
29-2032,AZ,2070,1.1,99050,74010,83690,100040,108610,127510
29-2032,CA,10110,0.96,126610,62890,99510,128530,160580,177780
29-2032,CO,1430,0.86,108310,85500,99440,108410,122960,130720
29-2032,CT,990,1.01,104380,77790,95900,103230,124100,129480
29-2032,DC,160,0.4,114040,93590,104520,112020,126660,135280
29-2032,DE,220,0.78,98240,83240,86380,98530,110570,115800
29-2032,FL,6670,1.16,85990,66230,78190,82940,97580,103570
29-2032,GA,2700,0.95,84910,62120,75790,83250,98140,104930
29-2032,HI,210,0.57,118090,83900,112280,124430,129650,135660
29-2032,IA,740,0.81,87840,72480,80490,86480,97570,101970
29-2032,ID,510,1.02,95630,79290,82950,99920,103720,117100
29-2032,IL,3270,0.93,98730,78350,85230,100660,107330,122680
29-2032,IN,1380,0.74,86070,62850,77070,85040,99580,103320
29-2032,KS,670,0.8,92970,72420,80730,96310,104300,112520
29-2032,KY,940,0.81,88940,62440,79310,91230,101350,115390
29-2032,LA,1150,1.03,80500,62900,71940,80710,92140,98500
29-2032,MA,2190,1.04,113410,89190,102170,107480,127650,133480
29-2032,MD,1760,1.1,97230,80940,84680,99210,105290,118520
29-2032,ME,380,1.03,95370,78330,82300,95230,103000,125130
29-2032,MI,3100,1.21,83010,66960,76640,82490,91510,96360
29-2032,MN,1710,1,102540,84020,94530,102850,108950,120220
29-2032,MO,1930,1.13,94550,76820,81980,100130,102410,106090
29-2032,MS,700,1.04,74770,59660,65030,76520,81310,92340
29-2032,MT,230,0.79,99350,80750,84800,101000,110700,121260
29-2032,NC,2970,1.04,87500,67070,77620,86010,100130,105530
29-2032,ND,240,0.98,87020,66890,80310,84340,94160,102570
29-2032,NE,780,1.32,86220,64590,78540,82670,99370,105320
29-2032,NH,400,1.01,107460,82110,97640,103760,117470,134220
29-2032,NJ,3370,1.35,103800,80090,92670,103150,116830,134550
29-2032,NM,410,0.8,89390,65250,78120,87210,104030,108030
29-2032,NV,640,0.71,98350,74960,78410,95980,115870,133250
29-2032,NY,6880,1.22,104990,79630,93140,103920,119850,127120
29-2032,OH,3160,0.98,85290,65480,79120,82870,97160,101190
29-2032,OK,1060,1.07,84880,64610,75800,83670,98490,102570
29-2032,OR,1210,1.06,115390,91960,102900,120220,130860,135150
29-2032,PA,2980,0.85,86130,68370,78170,82710,96310,103570
29-2032,RI,380,1.31,98390,83690,85630,92820,104620,129690
29-2032,SC,1340,1,85540,69530,77380,83290,96320,102540
29-2032,SD,370,1.39,77220,51100,66060,80820,89150,98090
29-2032,TN,1880,0.99,81730,62220,72320,80640,94390,101830
29-2032,TX,6960,0.85,88940,64360,78610,92580,100700,106090
29-2032,UT,740,0.73,96590,70030,83710,100100,107220,124760
29-2032,VA,2160,0.91,95220,77540,82510,95660,103010,122930
29-2032,VT,140,0.81,106860,80190,97330,104100,127890,134080
29-2032,WA,2190,1.06,115060,61840,100430,121340,134810,156860
29-2032,WI,1530,0.9,103150,82430,96480,102090,115650,124450
29-2032,WV,780,1.92,80040,64750,67500,76820,84100,99060
29-2032,WY,90,0.53,101160,80390,90990,100650,107800,136830
29-2034,AK,370,0.77,96670,74210,81660,98920,106170,126860
29-2034,AL,3500,1.12,60800,41060,49610,60700,71620,80300
29-2034,AR,2210,1.14,67880,46810,57190,63640,78480,94180
29-2034,AZ,4670,0.97,90020,61510,74960,89200,106920,123410
29-2034,CA,20900,0.77,117950,70210,95730,121260,137770,165460
29-2034,CO,3960,0.93,89470,63270,76060,87760,103780,111730
29-2034,CT,3230,1.29,93530,68070,79860,91970,103720,122760
29-2034,DC,660,0.63,98860,59130,82160,102770,111390,128120
29-2034,DE,650,0.91,83340,61770,68370,84210,96190,108980
29-2034,FL,16470,1.12,74760,51390,62080,76750,82650,99020
29-2034,GA,7540,1.04,76120,49730,60800,74550,85300,102840
29-2034,HI,690,0.74,93140,39150,85480,101700,107080,115440
29-2034,IA,2550,1.11,69640,54360,61730,65930,79390,86520
29-2034,ID,1490,1.17,79940,60540,64460,80080,97610,103580
29-2034,IL,7650,0.85,80770,59350,66000,79930,97950,104210
29-2034,IN,5470,1.15,74980,51090,62840,77640,84060,99580
29-2034,KS,2270,1.06,74580,50940,62180,76070,82570,98320
29-2034,KY,3630,1.22,72840,51740,61820,69670,81370,99170
29-2034,LA,3370,1.18,66240,50030,58400,63680,76240,82830
29-2034,MA,5500,1.02,101910,75350,83200,103620,122900,131940
29-2034,MD,3370,0.82,88260,68140,79050,85890,99880,106260
29-2034,ME,1050,1.1,80760,62210,68110,80080,92410,102640
29-2034,MI,7220,1.11,74020,55450,63270,76420,81700,97250
29-2034,MN,4910,1.12,87270,67080,78590,83400,98900,106100
29-2034,MO,5170,1.19,73150,50810,63090,73080,80770,97150
29-2034,MS,2510,1.45,59090,40740,49340,59300,66160,78090
29-2034,MT,850,1.12,74610,55750,65850,77070,82140,91650
29-2034,NC,9250,1.26,74770,52860,62870,74450,83340,99210
29-2034,ND,740,1.17,72690,60600,62470,67790,80970,93870
29-2034,NE,1670,1.1,74600,54410,63480,72860,82650,98300
29-2034,NH,1240,1.23,87410,64620,75430,84910,100720,106370
29-2034,NJ,6320,0.99,93240,71770,80600,95000,103510,118410
29-2034,NM,1150,0.89,79810,59560,65660,79940,93250,104120
29-2034,NV,1840,0.8,88620,65710,76100,82910,103830,121700
29-2034,NY,13450,0.94,99000,67540,82670,98470,110950,129310
29-2034,OH,9570,1.16,76890,60360,64950,78320,82430,98450
29-2034,OK,3640,1.44,72490,49920,61850,74160,83070,96880
29-2034,OR,2700,0.93,99630,70760,85280,102290,111810,124810
29-2034,PA,8090,0.9,74740,56430,63510,76050,82080,97740
29-2034,RI,660,0.88,88750,65840,78950,85330,103380,109640
29-2034,SC,3630,1.06,71970,51860,61900,69600,82560,96020
29-2034,SD,980,1.45,69740,48730,61490,65240,79770,89710
29-2034,TN,4660,0.96,68990,50540,59610,64630,78700,90790
29-2034,TX,20250,0.97,78060,48550,63210,78630,93830,102630
29-2034,UT,1780,0.69,81930,48150,65660,81000,98760,108070
29-2034,VA,5140,0.84,83160,60000,71430,80670,95870,106170
29-2034,VT,470,1.04,91630,66960,78020,94540,102080,125230
29-2034,WA,4130,0.79,100900,66570,81880,102090,121560,132060
29-2034,WI,5010,1.15,79400,61870,67490,79140,88210,99420
29-2034,WV,1810,1.74,73780,56270,61020,74150,81370,95510
29-2034,WY,430,1.03,79080,56750,63700,77860,95670,104790
29-2052,AK,800,0.81,54230,40820,47140,52640,59350,70720
29-2052,AL,8510,1.33,41360,31620,36730,39030,46260,49760
29-2052,AR,4560,1.15,41160,33400,36600,38680,45470,48620
29-2052,AZ,12970,1.32,49760,39040,45890,47640,54060,60820
29-2052,CA,39860,0.72,58330,42850,46430,55110,65590,81190
29-2052,CO,6010,0.69,52210,39810,46300,49970,58300,64760
29-2052,CT,5200,1.01,48120,37410,38760,47050,54270,62230
29-2052,DC,1130,0.53,53700,41300,46270,47410,59470,74100
29-2052,DE,1480,1.01,46280,35460,38090,46430,48040,57400
29-2052,FL,38460,1.28,44120,35760,37040,43590,47570,54980
29-2052,GA,14680,0.99,43960,35160,37130,41910,48490,56820
29-2052,HI,1540,0.81,48910,36120,38520,46760,59010,62190
29-2052,IA,4630,0.98,44340,36140,37790,44860,48670,52150
29-2052,ID,2950,1.13,47120,37380,39670,46420,50460,59230
29-2052,IL,21340,1.15,45930,36550,38190,46650,49150,58260
29-2052,IN,10790,1.11,44020,36610,37700,44560,47850,54800
29-2052,KS,4270,0.98,43850,33800,37510,43310,47140,56160
29-2052,KY,8870,1.46,41660,31760,36330,39200,46470,52640
29-2052,LA,6700,1.14,43650,36100,37740,44410,47970,52920
29-2052,MA,10150,0.92,50680,37980,39050,46470,59580,71070
29-2052,MD,7990,0.95,45670,36180,37400,45120,50120,60050
29-2052,ME,2070,1.06,45850,37060,38620,45400,48870,57360
29-2052,MI,14240,1.07,44250,35430,37520,44340,48730,54740
29-2052,MN,7340,0.82,49250,38110,43490,48300,54440,62080
29-2052,MO,12610,1.42,42590,33830,36270,40100,47100,54600
29-2052,MS,4040,1.14,41330,33340,36840,39040,46060,49250
29-2052,MT,1340,0.86,50230,38330,45920,49400,55690,60780
29-2052,NC,17260,1.15,44500,35820,37480,44530,48480,57360
29-2052,ND,890,0.68,49310,38370,41380,47560,54250,63850
29-2052,NE,2660,0.85,45670,36710,38860,46610,49270,57110
29-2052,NH,1970,0.95,48020,37080,38650,47360,52610,61630
29-2052,NJ,14020,1.08,44690,36170,36710,39610,49600,59700
29-2052,NM,2550,0.96,47810,37470,40560,46630,50250,58780
29-2052,NV,4070,0.87,48900,37350,39600,47980,52090,62500
29-2052,NY,24400,0.83,46800,36540,37740,43930,49980,64690
29-2052,OH,17820,1.06,43440,34980,36650,40650,48200,56520
29-2052,OK,5500,1.06,42690,34780,37010,40500,46750,50930
29-2052,OR,4320,0.72,55180,44530,48190,54900,62560,68000
29-2052,PA,18880,1.03,42300,35140,36160,40040,46870,51290
29-2052,RI,1540,1.01,46120,38270,38590,44380,50940,58990
29-2052,SC,8070,1.15,43120,35500,36990,42120,47810,51060
29-2052,SD,1230,0.88,45750,37220,39050,46170,48870,56800
29-2052,TN,11870,1.19,43590,35550,37060,41920,48270,55430
29-2052,TX,41740,0.98,45670,35920,37730,45900,48960,59260
29-2052,UT,5030,0.96,48870,37860,41750,48140,52570,63130
29-2052,VA,10720,0.86,45330,36260,37960,44610,49150,59030
29-2052,VT,760,0.83,49680,37610,38890,47940,53040,65060
29-2052,WA,8150,0.76,61140,47270,50400,58900,67630,79090
29-2052,WI,9540,1.07,45750,36080,37960,45970,50070,58700
29-2052,WV,3560,1.67,40250,30490,35750,38210,45070,48460
29-2052,WY,600,0.71,49520,37360,42890,48260,53540,63950
29-2053,AK,340,1.03,57280,40270,49130,51650,66310,77830
29-2053,AL,3290,1.54,35600,23330,31030,36680,38540,45870
29-2053,AR,1900,1.45,35980,29790,31270,35930,37740,44130
29-2053,AZ,8160,2.49,45280,36240,39550,45640,47950,56420
29-2053,CA,14100,0.77,58780,40880,46620,49140,74390,88090
29-2053,CO,1740,0.6,48960,40940,43130,47430,51590,59810
29-2053,CT,1040,0.61,57720,41250,48050,55500,70000,77540
29-2053,DC,380,0.53,63160,42440,47880,67430,78460,78460
29-2053,DE,350,0.71,39790,32100,37210,38410,44060,47320
29-2053,FL,12710,1.27,44900,35280,37670,43570,50160,57290
29-2053,GA,5560,1.13,47350,37530,41320,46250,50680,58130
29-2053,HI,2060,3.25,54750,45830,50400,55150,59870,63720
29-2053,IA,690,0.44,41580,36370,37440,42910,44630,46310
29-2053,ID,780,0.9,42800,37980,40040,41490,45490,48180
29-2053,IL,9410,1.53,46090,36820,39600,46200,50820,53620
29-2053,IN,6790,2.1,42750,36010,37940,40910,46550,50190
29-2053,KS,1670,1.15,42370,36710,38550,43780,45300,49300
29-2053,KY,910,0.45,42240,31300,36400,40370,47880,54750
29-2053,LA,2420,1.24,32310,28400,29700,31440,35200,36830
29-2053,MA,5340,1.45,53840,40140,46780,52000,59610,66330
29-2053,MD,680,0.24,45700,34500,34810,45520,51580,61190
29-2053,ME,620,0.95,46180,39320,44060,45320,48640,51740
29-2053,MI,4850,1.09,46530,36630,37550,43140,52000,72550
29-2053,MN,3550,1.19,45160,36830,38130,40300,51490,58490
29-2053,MO,4450,1.5,44340,34870,37840,45840,47180,55530
29-2053,MS,930,0.79,36120,27540,30760,35320,39210,49770
29-2053,MT,310,0.6,41710,35030,35030,39190,50030,54350
29-2053,NC,5950,1.19,42270,33900,37560,40630,45880,50530
29-2053,ND,270,0.62,43620,38350,39310,39960,46560,55760
29-2053,NE,1390,1.35,53800,39490,45570,57370,61650,62000
29-2053,NH,260,0.38,50860,44180,44650,44660,50260,60530
29-2053,NJ,2520,0.58,56400,45770,46580,54040,60610,64620
29-2053,NM,660,0.76,41720,31390,36870,39020,47990,49760
29-2053,NV,2060,1.31,47110,38480,43930,46450,47870,56250
29-2053,NY,2040,0.21,60080,41650,46630,58080,72500,85920
29-2053,OH,3950,0.7,40880,31550,36510,39140,46540,48840
29-2053,OK,820,0.48,42250,34080,36190,39060,44650,62400
29-2053,OR,1250,0.63,58140,44570,46290,59820,66840,73530
29-2053,PA,10340,1.69,44750,36920,39320,43930,47740,54000
29-2053,RI,990,1.95,50310,43450,45130,48520,51650,62490
29-2053,SC,560,0.24,43880,35390,39980,40970,46730,53170
29-2053,TN,3810,1.15,42190,31370,35410,39800,48320,53940
29-2053,TX,11350,0.8,41750,33240,36960,39970,45560,49250
29-2053,UT,1940,1.11,41980,34760,38540,40770,45710,47870
29-2053,VA,3950,0.95,48110,38580,40790,48320,51580,58530
29-2053,VT,600,1.96,48650,40630,45520,47560,50110,58360
29-2053,WA,1920,0.54,55160,44030,46360,52470,61990,76730
29-2053,WI,4430,1.49,48190,32560,35040,40290,51970,84760
29-2053,WV,770,1.08,34840,30130,31390,34100,35580,44270
29-2055,AK,310,1.28,79670,54840,63480,80380,93470,101060
29-2055,AL,2480,1.56,50680,36490,39270,49420,59990,64360
29-2055,AR,1640,1.66,57940,38750,47520,57400,63400,75460
29-2055,AZ,2410,0.98,72640,50030,62620,72260,83550,96840
29-2055,CA,11920,0.87,82810,49140,64380,81310,99260,115740
29-2055,CO,2100,0.97,72820,51040,62930,75740,83000,92580
29-2055,CT,1220,0.95,76710,45980,59120,79890,95050,104920
29-2055,DC,340,0.63,70610,37800,49260,77520,83780,101180
29-2055,DE,340,0.93,64320,48150,54540,62250,74030,79310
29-2055,FL,9120,1.22,64360,41270,52410,62440,75170,85620
29-2055,GA,4380,1.19,64610,40390,50480,64010,78410,84040
29-2055,HI,290,0.6,73790,39370,59810,82640,88160,94010
29-2055,IA,950,0.81,60450,47280,50680,60540,62880,75100
29-2055,ID,1100,1.7,69990,48430,61490,72550,77640,87210
29-2055,IL,3570,0.78,70070,48560,60160,64650,77670,91890
29-2055,IN,2680,1.11,66930,51350,60240,64240,77210,80600
29-2055,KS,1200,1.1,59880,44720,49010,60600,67570,76880
29-2055,KY,1440,0.96,61370,41440,50300,60490,66630,79980
29-2055,LA,2230,1.53,55870,36580,47410,57370,62790,74650
29-2055,MA,2220,0.81,83820,60350,68830,80870,98300,109550
29-2055,MD,1880,0.9,69740,45590,60310,68970,81390,85820
29-2055,ME,470,0.98,65140,48330,56240,62860,75270,80380
29-2055,MI,3840,1.15,64590,43690,51890,63320,76470,79550
29-2055,MN,1770,0.8,79670,62820,72730,80210,86420,98470
29-2055,MO,2100,0.95,60980,44930,50690,61120,68410,78410
29-2055,MS,1110,1.26,53190,38800,47120,49810,59590,66300
29-2055,MT,490,1.26,60440,37690,49170,60970,70580,79330
29-2055,NC,4400,1.18,61530,45990,51540,60920,68520,78650
29-2055,ND,370,1.14,60860,50440,52950,61640,62730,72120
29-2055,NE,770,0.99,65290,49870,57700,63880,68840,79350
29-2055,NH,370,0.71,72380,56760,65280,75040,81570,87560
29-2055,NJ,2780,0.86,75640,48270,64440,77200,85700,100490
29-2055,NM,540,0.83,58580,42430,47500,51780,64800,78650
29-2055,NV,1110,0.94,74880,48330,59730,75480,84930,102430
29-2055,NY,6540,0.89,81990,53680,64390,79550,98140,105330
29-2055,OH,3730,0.89,64770,48110,55380,62420,73790,80640
29-2055,OK,1940,1.51,60450,49200,52720,61190,65120,77320
29-2055,OR,1090,0.74,80990,59930,73190,81390,94640,97330
29-2055,PA,4490,0.98,63480,47130,52060,62680,72020,77760
29-2055,RI,240,0.63,73920,49910,63800,74130,81520,101850
29-2055,SC,2680,1.54,60050,38830,52140,62160,67080,75210
29-2055,SD,600,1.73,58390,38450,51720,59870,63900,75470
29-2055,TN,3310,1.34,60110,47620,51310,60530,64430,75920
29-2055,TX,10160,0.96,66640,39950,50100,65220,80790,92580
29-2055,UT,1170,0.89,65620,45760,49200,62720,76950,87430
29-2055,VA,1910,0.62,71790,47980,59110,67580,84100,102020
29-2055,VT,140,0.6,64550,49510,51040,60660,72270,88460
29-2055,WA,2510,0.94,78400,55270,62330,77270,90620,103690
29-2055,WI,2180,0.98,72530,59410,63030,74120,79010,86670
29-2055,WV,580,1.1,52290,38010,39520,49110,61610,72010
29-2055,WY,210,1,59730,45080,50300,58850,64980,79920
29-2056,AK,380,1.42,63720,37010,37630,46480,60510,75820
29-2056,AL,1880,1.07,36600,28590,30210,36590,38940,49060
29-2056,AR,320,0.3,38490,27250,32360,38360,43940,47820
29-2056,AZ,3970,1.48,47470,37870,43510,46300,49340,58350
29-2056,CA,11310,0.75,61400,48240,51570,60630,64100,75860
29-2056,CO,3720,1.56,52010,37820,46580,49650,59340,60380
29-2056,CT,1690,1.2,55300,41480,48220,50950,61780,75090
29-2056,DC,120,0.21,65370,50390,50390,61270,80030,81990
29-2056,DE,530,1.3,48740,37250,39040,48370,56340,61890
29-2056,FL,11380,1.38,46300,36600,39140,46380,49600,57870
29-2056,GA,2410,0.59,43720,35060,37200,43060,47450,58590
29-2056,HI,270,0.52,49460,35990,45930,48550,54950,62660
29-2056,IA,1220,0.94,47010,36290,38150,45560,49210,63860
29-2056,ID,790,1.12,42300,31900,37270,42120,46810,48660
29-2056,IL,5040,0.99,49980,38580,45140,46440,57500,60520
29-2056,IN,1820,0.68,48480,37820,41330,48720,56370,59490
29-2056,KS,1270,1.06,46440,36780,38650,45810,51610,58250
29-2056,KY,1670,1.01,40880,28490,36300,39590,46560,50530
29-2056,LA,2220,1.38,35980,28490,30320,35530,38240,47690
29-2056,MA,3990,1.32,53170,37500,47670,49540,60240,64470
29-2056,MD,2540,1.11,52730,38750,44520,47350,60460,74460
29-2056,ME,910,1.71,51720,47340,48610,50810,56110,57690
29-2056,MI,2550,0.7,51360,37410,45180,49710,58980,63020
29-2056,MN,3560,1.45,55470,42640,49080,57270,60560,65120
29-2056,MO,2040,0.84,42600,31940,37670,43520,46490,49260
29-2056,MS,650,0.67,37230,29120,31220,36380,39250,46710
29-2056,MT,480,1.12,44140,35420,37380,41170,47990,57660
29-2056,NC,2580,0.63,48120,35890,38520,47620,55020,59420
29-2056,ND,340,0.97,47680,35960,39530,48790,55440,56980
29-2056,NE,690,0.81,44490,37770,39120,43680,46910,57310
29-2056,NH,870,1.53,50840,37450,45550,48780,59040,60840
29-2056,NJ,2910,0.82,52780,37870,45160,49050,58600,75310
29-2056,NM,890,1.23,43190,31350,37370,44790,47360,56870
29-2056,NV,1120,0.87,53450,34700,47460,50250,63600,65420
29-2056,NY,5350,0.66,61080,47640,50410,59010,66310,78760
29-2056,OH,4790,1.04,47900,34760,40560,47990,53110,61360
29-2056,OK,1060,0.74,42000,31390,36070,39100,46720,53880
29-2056,OR,1120,0.69,56570,39920,48360,55810,62460,77710
29-2056,PA,6620,1.31,47270,36480,38060,46430,50140,60280
29-2056,RI,530,1.27,49590,37570,38130,45310,60760,63590
29-2056,SC,2540,1.33,43330,33870,36310,39020,47310,57970
29-2056,SD,300,0.79,43660,35780,37430,45300,47040,50440
29-2056,TN,1640,0.6,43960,31660,37170,42810,51060,57040
29-2056,TX,16730,1.43,42030,30320,36040,39410,46780,54610
29-2056,UT,1550,1.08,42140,29640,36350,40560,47850,55330
29-2056,VA,2790,0.82,54480,35590,46030,52090,62040,75770
29-2056,VT,390,1.53,50670,48050,48430,49490,54290,58430
29-2056,WA,2290,0.78,59940,46390,50700,59740,64480,77300
29-2056,WI,2590,1.06,48210,37900,44390,47020,52310,59110
29-2056,WV,400,0.69,39230,29430,31330,37700,44860,48170
29-2056,WY,310,1.33,39170,28630,37410,38650,46300,49260
29-2061,AK,290,0.21,80000,62400,70490,80800,87380,96700
29-2061,AL,11580,1.31,55310,39880,48150,57030,61800,69120
29-2061,AR,10010,1.84,55690,44670,49550,56620,61220,65020
29-2061,AZ,6530,0.48,76120,61050,66770,77070,81860,89850
29-2061,CA,82850,1.09,82340,64390,74840,79750,93720,100450
29-2061,CO,4920,0.41,70820,50820,61890,73880,79800,84440
29-2061,CT,8540,1.21,72580,62610,66660,73690,76830,81060
29-2061,DC,1040,0.36,74030,62880,63960,75740,81400,87470
29-2061,DE,2240,1.11,69500,59210,64420,68710,75020,77580
29-2061,FL,38620,0.93,62150,50450,58540,61770,64710,74320
29-2061,GA,21060,1.03,61640,46010,52900,62030,70690,76690
29-2061,HI,840,0.32,71560,59620,62460,71140,75250,88340
29-2061,IA,5510,0.85,63420,50550,56400,62630,70840,77710
29-2061,ID,1880,0.53,63860,47890,58310,63800,74050,77850
29-2061,IL,17440,0.69,73430,58880,63580,75000,79560,89810
29-2061,IN,14480,1.08,65840,50550,61060,65720,73430,77220
29-2061,KS,7530,1.26,62660,49780,56260,61760,69470,77290
29-2061,KY,8570,1.03,60460,48420,54290,60460,65090,73220
29-2061,LA,17600,2.18,56590,45810,49650,57470,61220,66150
29-2061,MA,13210,0.87,79270,61690,72610,80220,84570,93980
29-2061,MD,9560,0.83,74170,60720,65300,74660,79670,90010
29-2061,ME,760,0.28,72110,56160,63530,73200,77420,82600
29-2061,MI,10880,0.59,67340,56160,62050,65460,73880,77780
29-2061,MN,12840,1.04,64900,51700,59960,63750,71270,77380
29-2061,MO,14700,1.2,62410,48580,56280,61530,70230,77120
29-2061,MS,9850,2.03,51450,39320,46790,50220,58030,60910
29-2061,MT,1620,0.76,62350,49230,58130,62210,66850,74330
29-2061,NC,18010,0.87,63720,50480,59270,63270,69700,74730
29-2061,ND,1920,1.07,62230,50950,58290,62300,65020,74130
29-2061,NE,4580,1.07,64560,50890,59080,62660,71860,77940
29-2061,NH,2220,0.78,76570,59860,67650,77110,82760,93660
29-2061,NJ,17410,0.97,74600,63210,66890,75160,79980,85400
29-2061,NM,2460,0.68,58630,38090,39370,59330,73090,78110
29-2061,NV,3350,0.52,74470,61750,65930,76160,79570,89420
29-2061,NY,39400,0.98,69170,54480,61400,67180,76960,81530
29-2061,OH,39900,1.72,62020,50030,56860,61950,65900,74120
29-2061,OK,11540,1.62,56800,45440,50040,58320,62060,66410
29-2061,OR,4260,0.52,81420,64000,73040,80470,90690,98990
29-2061,PA,38260,1.51,65930,51500,60350,63940,72810,77750
29-2061,RI,1290,0.62,80120,65650,77890,80090,81170,94540
29-2061,SC,9400,0.98,63170,50370,57390,61820,71220,76420
29-2061,SD,2050,1.08,54990,40770,49680,52750,61300,67700
29-2061,TN,20830,1.52,56470,41110,49170,58870,62650,67540
29-2061,TX,57560,0.98,62770,48910,57110,62240,68410,76140
29-2061,UT,1680,0.23,62110,37480,53480,63230,74580,77540
29-2061,VA,15550,0.91,66300,50580,59610,64920,74540,79170
29-2061,VT,1130,0.89,70110,50230,61490,69930,78230,84710
29-2061,WA,6780,0.46,83900,64230,76920,83150,93970,100950
29-2061,WI,7390,0.6,65870,51820,59620,63760,75010,78490
29-2061,WV,6050,2.07,56190,45690,49320,55360,61300,70960
29-2061,WY,480,0.41,63300,46700,58810,63460,70840,77000
29-9091,AL,840,2.02,50760,38110,40980,46940,60870,63840
29-9091,AR,240,0.93,58840,47350,51570,57240,62360,72900
29-9091,AZ,590,0.93,65640,48330,51580,61710,76960,89080
29-9091,CA,1760,0.49,80780,54770,67600,78490,90180,108050
29-9091,CO,380,0.67,69050,53390,57560,64580,69040,86170
29-9091,CT,290,0.86,74680,50900,58860,69960,82270,112140
29-9091,DC,100,0.76,84310,59290,61170,74450,97040,143050
29-9091,DE,50,0.5,64850,41080,57840,59650,68290,88490
29-9091,FL,1430,0.73,64040,48890,54990,61350,66640,80370
29-9091,GA,860,0.9,72490,48320,54850,64590,78410,107810
29-9091,HI,200,1.6,72560,56110,61210,76320,80080,92500
29-9091,IA,570,1.86,56170,47250,49160,55430,62250,69620
29-9091,ID,170,1.04,67210,52940,57990,60410,74380,88540
29-9091,IL,850,0.71,68510,49240,53510,64750,76560,93020
29-9091,IN,1040,1.66,63680,47510,57290,62780,73360,76730
29-9091,KS,390,1.37,61410,47160,53370,59140,69520,78600
29-9091,KY,720,1.83,61320,45500,50010,60680,66640,82480
29-9091,LA,810,2.13,64850,50120,58770,62760,72320,78880
29-9091,MA,630,0.88,74390,50560,59870,70010,87230,104850
29-9091,MD,320,0.6,67130,48290,56150,63970,75930,90350
29-9091,ME,180,1.47,63860,48140,58610,61970,72580,79180
29-9091,MI,870,1.01,61790,46580,51970,59280,65440,74790
29-9091,MN,820,1.42,68750,57910,63080,65390,74810,78430
29-9091,MO,510,0.89,59620,47540,51290,58660,63970,70910
29-9091,MS,200,0.89,60080,49160,53170,58180,65210,75730
29-9091,MT,50,0.51,67950,51380,53410,60090,81550,101460
29-9091,NC,990,1.02,59800,46740,51000,56540,63260,77000
29-9091,ND,110,1.29,60320,48220,51130,60900,65440,77360
29-9091,NE,270,1.36,62140,48480,57270,61020,63440,76080
29-9091,NH,210,1.54,64950,46640,52160,60200,72400,93050
29-9091,NJ,890,1.06,79790,52040,60800,76210,93540,112330
29-9091,NM,150,0.89,70060,47030,57960,72440,77490,84130
29-9091,NV,180,0.6,63760,31200,45960,59820,70790,106060
29-9091,NY,1370,0.72,73730,49990,57580,66230,79530,101840
29-9091,OH,2100,1.93,63040,49700,55960,61420,65920,75100
29-9091,OK,360,1.08,62310,33800,50600,61320,70840,84810
29-9091,OR,280,0.73,65530,50420,53200,57790,70120,86120
29-9091,PA,1870,1.58,62510,46960,54360,61060,65680,77920
29-9091,RI,,**,65760,46600,53240,63750,75040,86580
29-9091,SC,530,1.17,58820,43360,51100,59240,64980,76120
29-9091,SD,150,1.66,57880,47630,49380,58620,61750,64130
29-9091,TN,580,0.9,57670,44030,50540,59850,63160,75510
29-9091,TX,3130,1.13,71800,54750,62090,64150,80410,99480
29-9091,UT,340,0.99,70450,52680,63360,65980,78920,86910
29-9091,VA,830,1.03,66890,49170,57810,61860,76270,87240
29-9091,VT,140,2.29,65210,55020,59420,62910,68780,77400
29-9091,WA,240,0.35,67670,49290,56010,63750,77910,88610
29-9091,WI,620,1.07,65870,47360,59150,61820,74770,78160
29-9091,WV,110,0.84,54500,41020,48010,50510,58540,72800
29-9091,WY,60,1.03,63320,48360,50140,63190,66270,82570
33-1012,AK,320,0.99,138520,84850,100040,137320,170250,193610
33-1012,AL,1900,0.91,82000,48520,61330,75970,95860,121430
33-1012,AR,2100,1.62,68630,43440,50100,62290,80980,95580
33-1012,AZ,2790,0.87,113270,81350,94320,104850,126330,158610
33-1012,CA,13200,0.73,163210,121720,135170,163960,190130,204500
33-1012,CO,2790,0.98,124850,88800,116750,126810,133400,156310
33-1012,CT,2240,1.33,114260,94500,99890,109360,123710,142020
33-1012,DC,1230,1.77,148210,98690,108810,134760,195190,195190
33-1012,DE,410,0.85,137020,98030,114100,131080,163650,190120
33-1012,FL,9900,1,106840,62840,81040,100880,126320,157160
33-1012,GA,7910,1.63,84690,58020,65440,80120,97040,118970
33-1012,HI,700,1.12,130720,110620,112860,140590,140590,140590
33-1012,IA,1370,0.88,101540,76150,83030,98840,117790,126470
33-1012,ID,930,1.09,98640,65850,80160,94920,120270,137450
33-1012,IL,4900,0.81,126760,81750,106430,135080,135080,162640
33-1012,IN,1700,0.53,90810,60120,72870,81540,106700,127700
33-1012,KS,2330,1.63,88260,58410,63090,82950,106570,124640
33-1012,KY,1600,0.81,88030,54580,67840,80390,105490,122770
33-1012,LA,3120,1.62,71320,47810,55890,70470,77320,94990
33-1012,MA,5540,1.53,112480,77110,91570,104320,128370,159680
33-1012,MD,6700,2.44,119710,78720,99390,120700,134600,160590
33-1012,ME,440,0.7,96150,77630,83400,92350,100500,118590
33-1012,MI,3290,0.75,96410,69680,81580,98140,103320,122200
33-1012,MN,2870,0.98,112740,79050,99300,118750,127280,136430
33-1012,MO,3490,1.2,91070,59610,72830,94440,102840,125000
33-1012,MS,2060,1.79,64330,45590,50150,59860,71680,86960
33-1012,MT,450,0.89,93560,68050,76460,89380,105760,128540
33-1012,NC,4820,0.98,91280,61750,73950,91100,105110,124120
33-1012,ND,440,1.03,101300,77090,85710,98300,106480,128430
33-1012,NE,730,0.72,104350,73920,85860,106100,117860,143290
33-1012,NH,940,1.39,102590,79790,91300,100060,112640,121910
33-1012,NJ,7650,1.8,145430,114480,126670,142990,161570,181010
33-1012,NM,1320,1.53,94900,59990,79970,92200,108010,130510
33-1012,NV,1300,0.84,130320,94260,109390,132100,136800,163940
33-1012,NY,12750,1.32,129240,94100,100200,124080,150080,189550
33-1012,OH,5170,0.94,99370,64540,80100,98380,116700,131250
33-1012,OK,2420,1.43,87300,48380,61080,82830,106410,121100
33-1012,OR,1470,0.75,121320,96670,104980,122130,132970,151920
33-1012,PA,5690,0.94,106920,72840,89400,102400,124820,137980
33-1012,RI,820,1.65,102480,77160,83650,97690,113420,136470
33-1012,SC,1560,0.68,81260,56750,60960,73700,96000,118240
33-1012,SD,190,0.42,97350,71650,75370,87810,119170,140500
33-1012,TN,4430,1.36,79340,47720,59260,74770,94990,122620
33-1012,TX,5540,0.4,111000,70910,91160,111000,124750,149570
33-1012,UT,1360,0.79,111170,82270,97200,110500,123530,135490
33-1012,VA,3750,0.92,112200,67690,80320,101230,130250,179030
33-1012,VT,210,0.7,102750,79780,84270,99280,114800,129940
33-1012,WA,2750,0.78,142670,105710,125800,136280,161310,180770
33-1012,WI,2080,0.71,100710,77250,87640,97120,116570,125950
33-1012,WV,490,0.7,75730,51380,64490,74280,78930,88880
33-1012,WY,430,1.54,92510,66890,78410,91400,99720,113360
33-1021,AK,310,1.49,85260,49250,60310,92760,97630,121640
33-1021,AL,1440,1.07,74640,43050,55500,73320,89230,114220
33-1021,AR,920,1.11,65510,43710,49730,61890,79120,87010
33-1021,AZ,2670,1.29,90670,61540,73320,96470,103400,119620
33-1021,CA,8170,0.7,151620,80910,100450,127630,169380,204160
33-1021,CO,1900,1.04,105920,73320,84160,102580,125770,141390
33-1021,CT,1310,1.21,101580,83030,94090,98500,107990,125120
33-1021,DC,380,0.85,126450,112460,114620,126560,133570,147960
33-1021,DE,,**,79810,50130,63660,74670,100100,100100
33-1021,FL,9540,1.51,100920,62520,77120,98560,122090,133450
33-1021,GA,3730,1.2,70780,46400,57440,67200,79300,96750
33-1021,IA,600,0.6,83040,62490,68050,76010,99230,112140
33-1021,ID,520,0.96,88760,49010,60690,92630,114430,129650
33-1021,IL,3240,0.83,115980,73690,95810,123500,131690,153820
33-1021,IN,1290,0.63,88300,56940,74270,88310,99750,120820
33-1021,KS,1450,1.58,81940,46470,58250,78880,97520,127340
33-1021,KY,1250,0.98,67280,41470,46400,60850,78940,105630
33-1021,LA,1810,1.47,60440,35730,48870,59750,72080,89000
33-1021,MA,3370,1.45,100680,75550,82470,96600,117830,140010
33-1021,MD,2380,1.35,113010,80460,98670,120530,126110,141870
33-1021,ME,410,1.01,74600,50120,60340,74790,85890,98910
33-1021,MI,1830,0.65,78530,49550,61970,77550,96300,104580
33-1021,MN,1120,0.59,84330,49150,66820,78800,101780,131450
33-1021,MO,1950,1.04,82110,45210,60120,75970,95760,125940
33-1021,MS,1550,2.09,51740,35410,36730,48250,61110,72900
33-1021,MT,320,0.98,85620,64560,73610,82820,93640,107000
33-1021,NC,5050,1.6,69510,44800,49490,59560,85480,110790
33-1021,ND,130,0.48,91650,63820,64260,82880,103780,121210
33-1021,NE,370,0.57,84950,66390,73540,80810,98630,101760
33-1021,NH,450,1.03,90100,59950,77270,93720,101330,119250
33-1021,NJ,2210,0.81,137140,105990,128090,133210,160720,164610
33-1021,NM,820,1.47,67920,46600,51290,58430,75980,98300
33-1021,NV,1080,1.09,103840,72050,78660,93920,128500,152570
33-1021,NY,4100,0.66,127380,87670,104230,132520,147410,158510
33-1021,OH,3960,1.12,86040,55340,70000,84490,99140,123630
33-1021,OK,2000,1.84,84890,55260,73100,85310,100200,101770
33-1021,OR,1160,0.93,101470,75350,86190,100260,119010,127660
33-1021,PA,1340,0.35,96250,70510,80370,101050,103900,121800
33-1021,RI,770,2.4,86300,65890,75140,85170,93770,97740
33-1021,SC,1450,0.99,70880,44200,56250,65160,82800,100860
33-1021,SD,120,0.4,81140,67200,70930,72420,87410,115210
33-1021,TN,2210,1.06,75780,45680,59940,77920,82320,100250
33-1021,TX,8660,0.97,85340,60260,74350,81710,96290,118590
33-1021,UT,770,0.7,93900,60130,76400,100380,105590,122490
33-1021,VA,3300,1.26,93750,59510,74460,97780,115610,124780
33-1021,VT,90,0.48,84600,42320,62250,83250,106160,129050
33-1021,WA,3350,1.48,124010,79440,103080,129350,148030,160630
33-1021,WI,1330,0.71,85100,55060,74060,83310,98670,119230
33-1021,WV,180,0.4,54400,34160,46560,55380,61110,72840
33-1021,WY,150,0.86,86820,61670,70900,80260,100200,120630
33-2011,AK,1040,1.43,59190,35520,42510,58830,74650,82360
33-2011,AL,7260,1.54,49720,29770,37150,47600,59520,76190
33-2011,AR,2480,0.86,43380,28680,33560,39690,52000,60860
33-2011,AZ,7500,1.04,60850,36700,46750,59280,77690,88220
33-2011,CA,31470,0.78,95090,52390,65170,85120,109620,136150
33-2011,CO,6510,1.02,78380,47000,60970,74170,101260,114170
33-2011,CT,2970,0.79,73760,51320,64180,77630,81810,85500
33-2011,DC,1480,0.95,79550,61050,65090,75870,92110,99760
33-2011,DE,560,0.52,53420,41960,45300,46710,60670,72160
33-2011,FL,24570,1.11,61370,37260,45900,58550,75840,93310
33-2011,GA,12700,1.17,47170,33000,37100,46550,55390,61510
33-2011,IA,2170,0.63,57240,32240,46020,55810,63280,87720
33-2011,ID,2240,1.17,54470,30280,35380,47320,76280,81190
33-2011,IL,18400,1.36,76530,38900,47910,78380,103530,106060
33-2011,IN,8530,1.2,62420,38460,50300,62780,75860,81890
33-2011,KS,3360,1.05,49110,32810,37440,45900,57950,76110
33-2011,KY,5150,1.16,42100,27870,33390,37150,48120,60720
33-2011,LA,5230,1.22,36610,22510,27510,33120,44770,56670
33-2011,MA,11940,1.48,73220,49730,61800,72800,80070,98130
33-2011,MD,5340,0.87,72550,48030,57160,73810,90760,98770
33-2011,ME,2480,1.74,50230,35740,43420,48290,59290,63740
33-2011,MI,6610,0.67,56250,37190,43560,54640,67440,78550
33-2011,MN,5810,0.89,45170,27510,31110,38110,59350,70380
33-2011,MO,6580,1.01,55240,31140,37340,49080,64170,79360
33-2011,MS,2920,1.13,37230,26850,29430,35880,44060,51310
33-2011,MT,1010,0.89,57660,32810,47770,59310,68100,76620
33-2011,NC,19410,1.77,43060,29360,34010,37940,47690,61940
33-2011,ND,820,0.86,57980,39700,47590,55080,71930,77530
33-2011,NE,1070,0.47,59190,46660,51910,61040,61040,69460
33-2011,NH,2700,1.77,55730,35450,45050,56620,63650,78570
33-2011,NJ,7500,0.79,85810,47920,61340,84130,106330,123940
33-2011,NM,2420,1.25,43180,31200,36520,41590,48290,57780
33-2011,NV,2640,0.77,70510,47600,56620,66570,78130,101450
33-2011,NY,12950,0.6,87150,56390,65420,100960,106430,106440
33-2011,OH,18100,1.47,58130,34420,40710,59370,74250,84010
33-2011,OK,4150,1.09,52280,31620,38220,49710,62410,77560
33-2011,OR,3790,0.87,71290,38800,49420,70900,90980,104070
33-2011,PA,5020,0.37,71340,48620,56210,73460,89190,89190
33-2011,RI,1620,1.46,67480,56110,60650,67380,75860,76620
33-2011,SC,7780,1.52,43900,29130,34510,42570,49570,62150
33-2011,SD,610,0.6,51180,39240,46730,48160,59800,61420
33-2011,TN,7020,0.96,51590,33910,39360,49300,61670,70460
33-2011,TX,28170,0.9,60390,40020,48680,60180,71980,77170
33-2011,UT,2870,0.74,51270,27660,37590,48310,60880,80320
33-2011,VA,11160,1.22,58240,38310,46200,58670,70530,77310
33-2011,VT,,**,49570,29790,37100,46430,59600,77200
33-2011,WA,7560,0.96,89200,47640,72300,94520,105540,123980
33-2011,WI,8120,1.24,50710,29390,36490,46850,62660,77050
33-2011,WV,900,0.58,40100,29020,32950,37350,44100,51390
33-2011,WY,680,1.09,56800,39550,43600,58090,64940,78760
33-3012,AK,850,1.06,74430,60340,64440,71360,79560,94930
33-3012,AL,4970,0.96,50300,30430,35900,46660,64140,74290
33-3012,AR,4460,1.4,41920,31200,36330,40330,45100,49360
33-3012,AZ,14230,1.79,56080,45620,49140,54970,62340,65030
33-3012,CA,37860,0.85,92410,63380,76370,96370,109580,114730
33-3012,CO,7290,1.04,66360,52370,56350,62140,75350,87690
33-3012,CT,3780,0.91,64570,55520,59210,64750,70710,70710
33-3012,DE,1730,1.46,63580,46520,56160,65880,70500,79260
33-3012,FL,24280,1,57900,45760,47130,49710,65230,80500
33-3012,GA,10640,0.89,47980,36820,43290,47520,53390,58430
33-3012,HI,1310,0.85,72280,64250,69570,69570,76780,82240
33-3012,IA,3440,0.9,57140,47670,49920,53040,63370,73530
33-3012,ID,2370,1.13,57350,45430,49610,53580,62100,74720
33-3012,IL,12190,0.82,78080,50520,65900,79190,88790,102770
33-3012,IN,8060,1.03,51030,41670,44840,48340,56480,61840
33-3012,KS,3380,0.96,53770,37000,46210,56120,59650,64940
33-3012,KY,6770,1.38,44870,29910,36480,42310,50310,61820
33-3012,LA,7960,1.68,42830,30770,35960,39850,46620,55260
33-3012,MA,6360,0.71,82890,63520,71280,86310,91980,101620
33-3012,MD,6060,0.9,66140,53100,59700,64250,66680,82280
33-3012,ME,1090,0.69,53790,44640,49820,52730,58230,60510
33-3012,MI,8220,0.76,63120,47360,54630,64020,68520,77990
33-3012,MN,5350,0.74,67870,54060,59630,66040,76250,82380
33-3012,MO,6670,0.93,46230,37210,42620,42620,46420,63940
33-3012,MS,4040,1.42,40550,27540,30730,38720,44640,55580
33-3012,MT,1430,1.15,52980,44690,46910,49180,57220,62730
33-3012,NC,11900,0.98,51390,38850,44460,50550,54680,63150
33-3012,ND,1290,1.23,55090,47580,49440,52460,61130,62870
33-3012,NE,3250,1.29,64120,47630,60160,63380,72820,78270
33-3012,NH,680,0.4,65030,47480,56700,61360,72380,82240
33-3012,NJ,7570,0.72,87780,51410,72420,94770,106570,106570
33-3012,NM,2740,1.29,48570,37900,42830,47940,52370,59330
33-3012,NV,3240,0.85,82150,62150,72010,76490,93790,102610
33-3012,NY,27770,1.17,77240,58940,68450,76820,91250,93220
33-3012,OH,12610,0.93,58660,46930,49480,59370,66850,68060
33-3012,OK,3730,0.89,45380,34530,37780,45690,49360,58380
33-3012,OR,3650,0.76,80890,64200,72230,83690,87660,95820
33-3012,PA,15560,1.05,64650,46840,50500,63460,79390,85630
33-3012,SC,4870,0.86,51520,40090,43790,47890,58530,71390
33-3012,SD,1490,1.33,53260,43240,48110,53040,59140,66390
33-3012,TN,6990,0.87,51420,38690,46750,50940,57740,62790
33-3012,TX,44700,1.3,53330,44870,48880,52670,57330,60550
33-3012,UT,2050,0.48,67930,47700,59120,67290,79190,84680
33-3012,VA,11270,1.12,54450,46320,47570,50140,59030,70570
33-3012,VT,450,0.6,56890,46010,48320,53810,64170,71660
33-3012,WA,6800,0.78,78150,64460,70600,79460,81550,95430
33-3012,WI,7360,1.02,73690,56540,62550,73470,84990,92140
33-3012,WV,2980,1.74,56670,45390,49730,52890,59950,75610
33-3012,WY,920,1.34,57310,50340,52530,54780,61780,71010
33-3021,AK,140,0.58,125160,79680,92110,114940,168790,183680
33-3021,AL,1340,0.86,79070,43060,49860,66290,92610,150780
33-3021,AR,560,0.58,68840,41380,46300,54500,66820,144890
33-3021,AZ,5250,2.2,100000,60590,77730,102340,111360,142380
33-3021,CA,12610,0.94,121530,78280,99270,124840,136020,165510
33-3021,CO,1930,0.91,109010,73010,86290,105480,115130,161550
33-3021,CT,940,0.75,101890,78990,88390,95240,103800,130540
33-3021,DC,2980,5.78,148110,94220,114230,160760,170810,195190
33-3021,DE,140,0.4,117730,65830,71670,122050,149990,164510
33-3021,FL,6440,0.88,93020,50050,60790,77060,120180,162450
33-3021,GA,5070,1.41,78140,46790,55310,65430,79220,149030
33-3021,HI,440,0.95,124610,92520,106870,113940,140750,165030
33-3021,IA,410,0.36,87110,58930,67370,79560,90380,141650
33-3021,ID,630,1,81570,53120,60100,72520,100420,125550
33-3021,IL,3270,0.73,97480,53960,69590,91190,114640,157060
33-3021,IN,1280,0.54,77610,45480,56320,70340,82740,127790
33-3021,KS,1060,1,78750,49610,57530,75740,91560,114030
33-3021,KY,720,0.49,86900,51640,61330,71670,96120,149280
33-3021,LA,1740,1.22,71160,39020,46320,60450,78700,131730
33-3021,MA,1300,0.49,118130,76150,92020,110150,146230,179030
33-3021,MD,1010,0.5,130040,71200,93230,126730,166230,188700
33-3021,ME,550,1.17,92920,63290,75210,88310,109300,120430
33-3021,MI,2220,0.69,103190,71590,80140,90650,120560,164670
33-3021,MN,1970,0.91,87860,59710,69580,80000,100090,115210
33-3021,MO,1600,0.74,85720,49190,56870,75650,93910,151720
33-3021,MS,810,0.95,71020,41260,49270,58640,78230,136120
33-3021,MT,500,1.32,93800,58670,71160,92410,109300,144000
33-3021,NC,3360,0.92,76020,50260,57040,63280,80330,137550
33-3021,ND,420,1.31,88310,58350,62200,82290,106330,129230
33-3021,NE,290,0.38,103850,68900,79510,100530,123930,155210
33-3021,NH,290,0.58,104670,74690,80770,89290,105870,174050
33-3021,NJ,3080,0.98,116540,73100,91360,116300,134000,165570
33-3021,NM,2020,3.15,84880,47480,59160,86840,109300,111970
33-3021,NV,590,0.52,101950,60920,77360,94470,129220,152480
33-3021,NY,9600,1.35,105880,62130,77470,101240,124860,166800
33-3021,OH,2140,0.52,90600,56840,64480,79300,105690,151200
33-3021,OK,1220,0.97,86620,51420,60300,80430,102250,136120
33-3021,OR,520,0.36,113430,81990,94700,107450,127860,158060
33-3021,PA,3370,0.76,101760,63770,79190,97580,116960,154360
33-3021,RI,360,0.98,98430,75910,77760,88450,99100,159140
33-3021,SC,1470,0.87,77020,50960,55490,62760,77200,149280
33-3021,SD,250,0.74,91060,60210,63110,77730,110880,149280
33-3021,TN,1860,0.77,87790,49660,60730,77090,107810,149280
33-3021,TX,18870,1.82,92030,52510,64660,90510,109300,132850
33-3021,UT,550,0.43,89940,48040,61240,78920,115210,149280
33-3021,VA,3180,1.05,119620,62730,79770,112760,160760,195190
33-3021,VT,190,0.85,104220,65690,84430,106330,111530,153670
33-3021,WA,1850,0.71,118040,84500,96540,115790,126170,162860
33-3021,WI,1640,0.76,90620,70060,78700,91040,97120,103130
33-3021,WV,220,0.42,102070,48450,56770,92410,149280,171250
33-3021,WY,170,0.82,91890,62230,71930,81880,104080,149280
33-3051,AK,1260,0.9,101770,60670,78810,99130,126480,137340
33-3051,AL,11710,1.29,55130,37480,44260,51270,63090,77220
33-3051,AR,5710,1.02,49850,35210,40100,47670,56720,70190
33-3051,AZ,12010,0.86,81720,60990,68550,78880,96800,98560
33-3051,CA,65940,0.84,112980,76300,97280,118880,126780,153190
33-3051,CO,9610,0.78,90550,65340,76640,97350,102620,109300
33-3051,CT,6500,0.89,83920,63310,77500,82170,93520,102660
33-3051,DC,4720,1.56,92390,66420,77210,88650,107360,119660
33-3051,DE,1800,0.86,93210,62470,75550,92970,102530,130870
33-3051,FL,43630,1.02,75320,51330,60520,74470,93460,98190
33-3051,GA,22170,1.05,58520,43690,48290,58120,63270,76250
33-3051,HI,2420,0.9,90360,77480,82640,83820,108110,108110
33-3051,IA,5130,0.76,76280,59360,63810,74470,86160,101520
33-3051,ID,2810,0.76,70860,48840,58090,66990,83560,97980
33-3051,IL,29180,1.11,92450,58420,76480,100520,107810,119560
33-3051,IN,12980,0.94,75130,52170,60710,73370,84820,100010
33-3051,KS,6130,0.99,61450,42040,48670,59230,71950,90530
33-3051,KY,7890,0.91,59840,38780,47940,60490,68990,77970
33-3051,LA,12400,1.49,51250,36470,43090,48380,59440,69140
33-3051,MA,17040,1.09,83230,61160,71970,78940,97390,108150
33-3051,MD,9720,0.82,82400,58580,66300,77970,95990,113700
33-3051,ME,2120,0.77,69830,55930,61230,67050,76550,91270
33-3051,MI,16750,0.88,70310,47780,60410,73730,80170,89220
33-3051,MN,9160,0.72,85130,60670,75750,83360,98430,106160
33-3051,MO,13570,1.07,62520,43210,46760,59460,75930,90770
33-3051,MS,8070,1.61,47010,33230,37270,46140,54450,61550
33-3051,MT,2160,0.98,69540,55330,59860,70050,77500,84150
33-3051,NC,22370,1.05,61390,46040,49460,59300,72700,80240
33-3051,ND,1630,0.88,72400,58620,62670,74500,78050,91440
33-3051,NE,3490,0.79,75290,54680,63170,74620,93480,95210
33-3051,NH,2460,0.83,70630,57930,61480,71640,77010,89940
33-3051,NJ,21780,1.18,93700,57740,67070,92610,117800,134260
33-3051,NM,4580,1.22,66700,48400,58870,69180,73430,85740
33-3051,NV,5720,0.85,86470,62250,76010,78140,101260,102810
33-3051,NY,53470,1.28,87110,53000,57180,92790,107080,118250
33-3051,OH,23430,0.98,76730,51110,62700,77020,90390,103210
33-3051,OK,9660,1.31,63120,36480,45250,59700,78580,94940
33-3051,OR,5030,0.59,87990,66380,78170,88140,98650,109350
33-3051,PA,26510,1.01,81910,48680,63080,85470,96970,109780
33-3051,RI,1940,0.9,78760,59020,69370,77230,91620,91760
33-3051,SC,12930,1.3,60420,45060,48570,58070,68190,78760
33-3051,SD,2000,1.01,64320,47540,52330,60740,72000,91900
33-3051,TN,15630,1.11,61830,43520,48710,59280,75410,79480
33-3051,TX,63100,1.04,76160,51240,61240,75900,93800,98350
33-3051,UT,5500,0.73,78760,60290,64520,77310,94150,99920
33-3051,VA,19970,1.13,70450,50000,58140,65870,78480,96820
33-3051,VT,1020,0.78,70560,53950,59680,68910,79080,95530
33-3051,WA,9160,0.6,104140,79120,92930,102080,118480,132200
33-3051,WI,12320,0.97,76560,58530,67450,78090,84850,94450
33-3051,WV,2900,0.96,55900,41950,48950,56960,61330,69980
33-3051,WY,1310,1.08,67080,57130,59640,66140,73650,76840
33-9021,AK,70,0.97,62190,39620,42780,53440,71240,105970
33-9021,AL,530,1.1,48750,35990,37740,46810,52610,61420
33-9021,AR,370,1.23,57940,35990,37970,47750,69990,107930
33-9021,AZ,790,1.07,62410,38240,41450,61030,79790,92160
33-9021,CA,4190,1.01,67040,42600,45380,61250,82110,103410
33-9021,CO,540,0.82,58910,41110,44150,48730,67800,86430
33-9021,CT,400,1.03,66560,38300,42130,75010,83320,95790
33-9021,DC,,**,88260,45790,46330,72720,107920,156670
33-9021,DE,110,1.01,59230,40400,47520,55710,67800,80700
33-9021,FL,3660,1.61,55820,35990,38120,50640,64080,85830
33-9021,GA,1460,1.3,54730,36570,38650,45060,59950,96680
33-9021,HI,70,0.46,54920,41830,43790,45750,66350,83050
33-9021,IA,170,0.48,48190,36920,38380,41110,54680,64080
33-9021,ID,210,1.09,54530,39520,44530,47910,65350,69710
33-9021,IL,1300,0.93,64440,38920,44380,60210,79140,97780
33-9021,IN,480,0.66,49080,36500,37990,41830,53590,77000
33-9021,KS,280,0.86,50220,35810,36900,45260,60610,76520
33-9021,KY,350,0.76,51130,37340,40220,47650,56080,70150
33-9021,LA,860,1.94,46110,35000,36750,41950,52930,67690
33-9021,MA,280,0.34,70110,40250,42540,50240,94660,121090
33-9021,MD,560,0.89,,,,,,
33-9021,ME,210,1.4,48590,36550,39580,43830,54070,67230
33-9021,MI,850,0.85,53850,36360,38410,48650,61590,87420
33-9021,MN,600,0.88,66510,40520,45930,57880,83670,101360
33-9021,MO,590,0.87,48150,33660,37480,41600,51880,67720
33-9021,MS,330,1.22,46370,31800,36210,39060,52360,69170
33-9021,MT,70,0.56,52540,39900,42640,47430,55040,73190
33-9021,NC,1710,1.51,61350,36600,41000,52890,74900,98560
33-9021,ND,60,0.56,47230,32710,39840,44310,50440,61320
33-9021,NE,160,0.69,58140,38950,42800,51750,76000,89480
33-9021,NH,280,1.81,69350,40510,46970,65370,78300,124150
33-9021,NJ,410,0.42,66160,39980,42890,54710,91990,103750
33-9021,NM,,**,49550,35660,36900,41600,64280,66350
33-9021,NV,350,0.98,,,,,,
33-9021,NY,1300,0.59,68310,40940,45970,59140,80910,103610
33-9021,OH,1560,1.23,56980,37460,41600,47200,70910,84930
33-9021,OK,370,0.96,46450,36050,37110,39680,58430,62690
33-9021,OR,610,1.35,74690,44610,55660,76480,92390,97500
33-9021,PA,1220,0.88,59880,38380,44840,51200,71830,91470
33-9021,RI,60,0.49,60960,37560,39830,54620,79140,79140
33-9021,SC,620,1.17,58980,37000,40140,51530,73430,93740
33-9021,SD,60,0.56,44210,40050,40860,44840,48550,49560
33-9021,TN,940,1.26,63810,33930,38520,49360,99170,101030
33-9021,TX,3220,1,58670,35650,36810,51810,72660,99930
33-9021,UT,350,0.89,59830,38690,48460,57910,61090,89900
33-9021,VA,1280,1.36,61940,35530,41200,56160,76680,95000
33-9021,VT,90,1.28,63670,41860,44640,67910,76960,95830
33-9021,WA,750,0.92,71020,43060,46580,64080,84700,104220
33-9021,WI,410,0.61,50660,37000,38580,41850,58210,76550
33-9021,WV,170,1.03,49600,35990,37060,46410,60740,78560
33-9021,WY,40,0.56,58800,40550,42800,54310,74240,80120
33-9032,AK,2100,0.78,54140,36520,44370,47480,60400,76350
33-9032,AL,15210,0.87,34680,23110,28060,33720,37420,45640
33-9032,AR,6390,0.59,38300,28870,29750,35770,41210,57410
33-9032,AZ,29820,1.12,40950,31910,35670,38290,44010,52450
33-9032,CA,199480,1.33,44920,36010,37180,43240,46760,57880
33-9032,CO,16890,0.71,45870,36160,37920,45150,47580,57360
33-9032,CT,12100,0.86,45180,34950,36100,39920,47510,59220
33-9032,DC,15880,2.74,60720,36600,45510,64210,74200,78910
33-9032,DE,3430,0.86,43750,32450,36000,36360,44450,73390
33-9032,FL,95370,1.16,37610,29470,32340,35900,39510,46090
33-9032,GA,36210,0.9,37890,29060,30920,34980,39060,48590
33-9032,HI,10160,1.96,43470,35140,37140,42820,46160,58840
33-9032,IA,6890,0.54,42220,30350,34480,37080,45590,59290
33-9032,ID,3750,0.53,44100,32030,34430,38300,45930,78680
33-9032,IL,53830,1.07,44240,35520,37060,39490,46360,63950
33-9032,IN,19930,0.75,40660,29850,31240,36490,44440,59990
33-9032,KS,7150,0.6,40350,29590,31930,37080,44880,51890
33-9032,KY,13580,0.82,38540,28450,31440,35420,40370,50800
33-9032,LA,17210,1.08,36080,23660,29430,32240,38310,49040
33-9032,MA,23930,0.8,44760,34830,37720,44670,45760,55800
33-9032,MD,27670,1.21,44530,33700,35700,38220,46750,64320
33-9032,ME,1930,0.36,41390,31470,34760,39100,45360,51530
33-9032,MI,25240,0.69,40640,29790,34230,37080,46480,54770
33-9032,MN,14440,0.59,45460,33760,37020,43380,46110,65090
33-9032,MO,18630,0.77,45100,31040,36040,40390,48020,68860
33-9032,MS,10160,1.06,31750,21690,26940,29180,35430,42580
33-9032,MT,1610,0.38,42270,28800,35260,38480,46300,57310
33-9032,NC,29830,0.73,39090,29260,30640,35010,43610,56020
33-9032,ND,1310,0.37,43150,31150,34960,39310,45550,64390
33-9032,NE,4700,0.56,45000,34020,37150,39840,47400,70310
33-9032,NH,2450,0.43,47850,36500,38000,45200,55360,62400
33-9032,NJ,41540,1.17,43520,32230,34770,38880,48120,60420
33-9032,NM,8410,1.17,46300,30220,35570,43320,53530,64840
33-9032,NV,26680,2.08,39770,29140,34610,37310,44600,48340
33-9032,NY,134700,1.68,46450,35650,37210,44240,51850,60580
33-9032,OH,34450,0.75,39950,29030,31140,35770,44500,55440
33-9032,OK,12210,0.87,39560,26940,30980,36270,44670,56080
33-9032,OR,12200,0.75,46420,36500,39680,45500,48420,58510
33-9032,PA,43610,0.87,40180,30050,34570,37050,44300,54830
33-9032,RI,3160,0.76,40320,31200,34370,36940,44510,48520
33-9032,SC,16610,0.87,37060,27420,30130,35460,38220,48850
33-9032,SD,1460,0.39,40250,30060,32190,37150,45190,59840
33-9032,TN,27690,1.02,38500,29310,30850,36000,40620,51680
33-9032,TX,106210,0.91,38550,26950,29290,35980,43630,50740
33-9032,UT,7310,0.51,43050,31270,36410,42700,45640,56620
33-9032,VA,34870,1.03,47070,30990,35990,43640,54850,73060
33-9032,VT,930,0.37,50770,36040,38560,45550,61730,72620
33-9032,WA,25800,0.88,50770,37720,42030,47100,56990,68390
33-9032,WI,12030,0.5,41390,30410,35030,37440,46210,54680
33-9032,WV,5200,0.9,31320,20800,20800,28800,35990,47370
33-9032,WY,1130,0.49,42660,30350,35530,39200,48010,67680
35-1011,AK,680,1.61,59430,39170,41390,52190,73120,91520
35-1011,AL,1000,0.37,63720,39940,50900,62400,74130,85990
35-1011,AR,880,0.53,53820,33500,39430,46170,64970,87730
35-1011,AZ,4080,0.98,60330,33970,38480,59890,74990,95240
35-1011,CA,31670,1.35,69130,37380,46320,64500,81040,101870
35-1011,CO,3970,1.07,70320,46330,58220,65400,79420,93270
35-1011,CT,3080,1.41,69680,44530,51160,64310,77800,99870
35-1011,DC,2020,2.23,79660,56570,63550,76420,81360,104660
35-1011,DE,590,0.95,66590,49920,56160,61440,76310,84680
35-1011,FL,19670,1.54,61720,31920,43680,58240,75840,92300
35-1011,GA,3680,0.58,70450,43300,50220,66230,90350,100970
35-1011,HI,1240,1.53,80720,48970,54530,77360,98640,118000
35-1011,IA,1640,0.82,52840,36770,42620,47990,59380,74730
35-1011,ID,550,0.5,57390,33590,42330,52000,66930,83240
35-1011,IL,8290,1.06,62810,40330,50000,58830,73620,88420
35-1011,IN,1940,0.47,55060,30930,39110,52190,64990,82430
35-1011,KS,860,0.46,60930,36540,43990,58390,74990,89990
35-1011,KY,1790,0.7,55770,31550,36850,48070,66770,88410
35-1011,LA,1990,0.8,52820,32320,39650,45570,59020,86750
35-1011,MA,6000,1.28,73420,47460,54120,69540,83050,99270
35-1011,MD,3220,0.91,65930,38310,45030,61590,78590,100330
35-1011,ME,1250,1.52,61540,48430,55070,57010,63060,81120
35-1011,MI,5360,0.95,62460,42170,48970,60070,74090,82000
35-1011,MN,1730,0.45,66910,48400,53050,62600,75960,95890
35-1011,MO,1750,0.46,66640,39650,49550,64480,76520,91500
35-1011,MS,840,0.56,56910,30900,37180,54850,76350,83850
35-1011,MT,720,1.09,61580,38200,48890,57470,72020,80180
35-1011,NC,4920,0.77,63960,38210,48360,61130,76330,92210
35-1011,ND,100,0.19,68520,48240,48940,74740,78700,85190
35-1011,NE,540,0.41,66990,39650,46020,60510,81660,99990
35-1011,NH,1170,1.33,66530,40220,52510,63400,76300,95990
35-1011,NJ,9100,1.65,72930,49200,59860,74280,82200,100100
35-1011,NM,770,0.69,67080,43370,48540,62250,83260,100010
35-1011,NV,3940,1.97,67380,36410,49920,62380,78650,100980
35-1011,NY,17430,1.4,74840,46260,55070,70670,93240,120370
35-1011,OH,4000,0.56,61220,38370,45760,53990,74130,89960
35-1011,OK,1430,0.65,57190,28920,37840,58540,67560,77450
35-1011,OR,2510,0.99,67510,45910,53660,63600,77420,95180
35-1011,PA,9170,1.18,67890,39040,49280,63860,81790,95830
35-1011,RI,740,1.15,84860,56680,71630,79930,96180,127080
35-1011,SC,2650,0.89,70780,47640,60120,71860,79050,88880
35-1011,SD,300,0.51,47900,37450,39650,48470,51870,57820
35-1011,TN,3820,0.91,70710,45410,57470,69810,81900,98860
35-1011,TX,13270,0.73,59350,31380,42030,56080,71870,92290
35-1011,UT,1740,0.78,58880,27940,41750,59060,75830,79420
35-1011,VA,3600,0.68,65320,43010,50170,63270,77270,90470
35-1011,VT,610,1.56,68130,48950,56770,65440,77360,83040
35-1011,WA,5320,1.16,74670,49920,58650,76010,81540,95990
35-1011,WI,1860,0.49,64210,41990,49200,61300,74080,87570
35-1011,WV,350,0.38,64600,40520,47990,61100,82480,88690
35-1011,WY,240,0.67,74570,48460,62100,73170,83700,98580
35-1012,AK,2390,0.93,49560,35840,37460,46570,60800,66210
35-1012,AL,19180,1.15,40620,28600,30470,37110,46710,59500
35-1012,AR,11200,1.09,36730,27820,29100,33800,38220,50580
35-1012,AZ,21450,0.84,46350,35440,36890,40550,52650,63750
35-1012,CA,130190,0.91,52810,38630,44460,46980,59200,75180
35-1012,CO,25510,1.13,53710,37620,42850,50550,61680,75210
35-1012,CT,10770,0.81,55720,37130,41770,52940,64010,77480
35-1012,DC,2830,0.51,57770,40360,45990,57170,65430,77630
35-1012,DE,4030,1.06,52160,37610,44670,48120,60130,73060
35-1012,FL,91500,1.17,46600,30490,35920,44470,57220,65120
35-1012,GA,48420,1.26,42510,28400,31200,38600,48390,62420
35-1012,HI,7330,1.49,54400,37530,40730,48880,63680,78730
35-1012,IA,11400,0.93,42360,29010,35160,38760,47280,60040
35-1012,ID,7440,1.1,42400,27790,35170,38190,47840,60900
35-1012,IL,41030,0.86,45710,32010,36170,39470,54020,65000
35-1012,IN,23500,0.93,46380,31010,36810,44880,56600,63340
35-1012,KS,10520,0.93,42630,28680,34650,38220,49580,60050
35-1012,KY,18010,1.14,39320,28190,29850,35810,45170,58980
35-1012,LA,16680,1.1,39360,26230,29230,35800,45840,60340
35-1012,MA,23220,0.81,52600,37380,39650,46600,60890,76630
35-1012,MD,20150,0.93,46460,35140,36660,42450,55320,63470
35-1012,ME,3740,0.74,50620,36730,41590,47990,57930,64990
35-1012,MI,32890,0.95,42050,29500,34480,37940,47000,59750
35-1012,MN,20760,0.89,47840,35910,38550,45270,55600,65650
35-1012,MO,21650,0.94,43250,31010,34500,37400,47900,60980
35-1012,MS,10480,1.15,39180,26310,28950,36530,46530,58450
35-1012,MT,4650,1.15,46280,30780,36420,44010,55070,64320
35-1012,NC,39750,1.02,46550,29750,36190,45010,57400,64670
35-1012,ND,2780,0.82,45290,35250,37400,44720,48430,60720
35-1012,NE,7840,0.97,42170,31840,36310,39230,47580,55610
35-1012,NH,3840,0.71,52910,34900,40870,49710,62470,75100
35-1012,NJ,27750,0.82,52400,35960,38290,48420,61050,77810
35-1012,NM,6540,0.95,43660,30740,34890,39310,49480,60630
35-1012,NV,14230,1.17,46880,30490,36640,44030,55750,63520
35-1012,NY,65580,0.86,50590,36570,39250,47190,58280,73020
35-1012,OH,51990,1.19,41680,29750,35220,37340,46400,58660
35-1012,OK,18900,1.41,38000,27000,29160,35420,45510,56670
35-1012,OR,16880,1.09,50370,36030,38640,46950,58520,71010
35-1012,PA,35560,0.75,44550,29530,36020,43050,49680,61780
35-1012,RI,3320,0.84,53800,36350,41600,48400,64180,75500
35-1012,SC,20120,1.11,43030,28120,33350,38520,49300,63080
35-1012,SD,2920,0.81,42530,34350,36960,40640,46800,50670
35-1012,TN,29100,1.13,44720,29500,34980,40500,55460,63140
35-1012,TX,137930,1.25,41100,28010,29830,36480,47370,61560
35-1012,UT,13670,1,44110,30750,35540,38750,49160,63210
35-1012,VA,30640,0.95,46810,32030,36790,45550,54220,63250
35-1012,VT,1970,0.82,52200,37700,43920,49820,59560,66300
35-1012,WA,20700,0.74,61990,44110,48660,59400,73860,81820
35-1012,WI,21240,0.92,43660,30310,35650,39670,49550,60650
35-1012,WV,6390,1.16,35830,27160,28430,33070,38960,49390
35-1012,WY,2680,1.21,42620,28780,31120,36820,49910,64300
35-2011,AK,2250,1.68,34320,30160,31130,33960,37170,37760
35-2011,AL,26740,3.07,27570,22640,23590,27870,29380,34170
35-2011,AR,7860,1.46,27770,23770,24600,27710,29150,32720
35-2011,AZ,11210,0.84,33330,30580,30960,32660,35040,36440
35-2011,CA,124440,1.66,41490,35750,37260,42050,43300,48750
35-2011,CO,9220,0.78,38400,31970,34790,36900,38990,46610
35-2011,CT,3630,0.52,36360,34010,34010,34980,36180,42640
35-2011,DC,2760,0.96,43710,36480,38800,44670,48820,51260
35-2011,DE,850,0.43,35780,31200,31200,31840,38950,48870
35-2011,FL,22600,0.55,32230,27460,28210,29900,36030,41400
35-2011,GA,12940,0.64,27560,20800,21880,26940,32060,36810
35-2011,HI,,**,41670,29120,29120,48120,49260,53580
35-2011,IA,8290,1.29,27600,15080,16140,28510,33710,40810
35-2011,ID,1610,0.45,29060,18620,23790,31070,33540,35860
35-2011,IL,13430,0.53,35340,31200,31430,34960,37350,40580
35-2011,IN,6830,0.52,30720,24050,28440,29870,35310,37310
35-2011,KS,1610,0.27,29460,22480,24520,28640,34170,38680
35-2011,KY,21750,2.64,25300,21220,22030,23500,27890,30000
35-2011,LA,3000,0.38,25130,20890,22000,24960,28190,29640
35-2011,MA,,**,40080,35590,36400,37870,41600,48140
35-2011,MD,10960,0.96,34260,31200,31360,33320,35700,38210
35-2011,ME,1470,0.56,36740,31350,33770,36350,37910,44280
35-2011,MI,14340,0.79,30400,25960,27300,29460,30880,37240
35-2011,MN,5190,0.43,34010,24550,29890,34120,38630,39560
35-2011,MO,55780,4.61,30990,28600,28790,29890,31080,35290
35-2011,MS,11170,2.33,23560,18540,21350,22670,26750,28790
35-2011,MT,820,0.39,30260,22090,23920,26770,33960,47100
35-2011,NC,81980,4.02,27080,21890,22740,27190,29190,34860
35-2011,ND,580,0.32,31850,23060,29320,30220,35080,38480
35-2011,NE,2900,0.69,31910,28080,28830,30430,34850,36910
35-2011,NH,1330,0.47,40390,35720,37500,38590,44290,45930
35-2011,NJ,3440,0.19,35240,32220,32220,32220,36930,41860
35-2011,NM,1800,0.5,32010,27860,28740,30190,35370,37550
35-2011,NV,5890,0.92,34060,26530,27740,33840,38010,43440
35-2011,NY,11710,0.29,36800,32770,33340,35770,38130,40250
35-2011,OH,12310,0.54,27860,22500,23070,26870,29710,35570
35-2011,OK,8860,1.26,28200,22340,25280,27720,29280,36900
35-2011,OR,4300,0.53,39310,31610,35010,37880,40280,49240
35-2011,PA,9240,0.37,30580,22610,25120,28810,35610,42380
35-2011,RI,1210,0.59,33960,31200,31200,35230,35690,38470
35-2011,SC,9110,0.96,28080,21690,22830,27420,33540,37140
35-2011,SD,1720,0.91,31230,25410,29330,30950,33000,34910
35-2011,TN,14020,1.04,29480,20380,24550,28330,34780,38330
35-2011,TX,36240,0.62,29680,20800,23090,28280,36450,39140
35-2011,UT,4400,0.61,34230,27760,29220,31800,36400,47200
35-2011,VA,12520,0.74,31980,27400,28330,29950,34570,37730
35-2011,VT,640,0.51,37110,31540,36190,38230,38740,39650
35-2011,WA,9020,0.62,41420,35330,36390,39120,44050,44860
35-2011,WI,6900,0.57,29310,22550,27730,28920,32910,34920
35-2011,WV,16490,5.7,24720,21600,22290,23120,26680,28300
35-2011,WY,890,0.77,30030,21240,21930,28950,34320,42520
35-2012,AK,1430,1.55,49410,37990,45740,48580,53470,58710
35-2012,AL,8780,1.46,27870,20040,21630,27120,33300,37960
35-2012,AR,6530,1.77,32720,25810,28300,30240,35300,39720
35-2012,AZ,7170,0.78,41350,34490,36730,39660,45950,48370
35-2012,CA,31660,0.61,47900,37570,40240,46390,52060,59630
35-2012,CO,9440,1.16,43690,36290,38450,42500,47920,50990
35-2012,CT,4500,0.94,46320,38380,39960,46120,48990,56570
35-2012,DC,1500,0.75,45560,38740,39980,45450,46950,55680
35-2012,DE,2680,1.95,42720,35870,39620,44080,46050,47560
35-2012,FL,25100,0.89,38170,31650,34480,36250,39840,46520
35-2012,GA,8220,0.59,35380,28220,30220,35090,38250,44540
35-2012,HI,1570,0.88,52100,38250,41180,47770,59200,65020
35-2012,IA,8860,2,35260,28030,30970,35810,37920,44150
35-2012,ID,3650,1.5,36160,28330,30730,35600,39010,45550
35-2012,IL,22840,1.32,39210,31200,34560,37440,43280,48130
35-2012,IN,11130,1.23,35910,29280,31080,35980,38480,44760
35-2012,KS,7570,1.86,32990,25440,28840,31950,36030,42000
35-2012,KY,11540,2.03,33790,25580,28880,31550,37370,45720
35-2012,LA,5740,1.05,27300,19250,22290,25490,30410,36200
35-2012,MA,7430,0.72,48750,39250,45080,47790,51650,58090
35-2012,MD,3370,0.43,42750,35520,37360,41380,46700,49750
35-2012,ME,1790,0.98,43520,36060,38130,43490,47520,50700
35-2012,MI,13500,1.08,37370,29800,33360,36870,39660,45540
35-2012,MN,7890,0.94,43050,35520,37840,43460,46590,52140
35-2012,MO,13130,1.58,35190,28600,29850,34900,38000,43700
35-2012,MS,6420,1.95,27850,20760,23100,27390,29740,36620
35-2012,MT,2290,1.58,38950,30500,33540,37150,42900,50600
35-2012,NC,11170,0.8,36130,28050,31290,36140,39610,45130
35-2012,ND,1820,1.49,41140,31300,36330,39490,46340,48670
35-2012,NE,4410,1.52,37310,29890,34040,36390,39370,45380
35-2012,NH,1720,0.89,45450,35790,39820,45370,49500,56470
35-2012,NJ,7490,0.62,44110,35500,37590,44520,48090,53060
35-2012,NM,3160,1.28,37130,28920,32330,36470,39700,45330
35-2012,NV,1650,0.38,41850,32020,36080,39430,46440,53520
35-2012,NY,17670,0.64,46850,36280,38750,45880,51530,59620
35-2012,OH,23440,1.49,37160,29530,33090,36720,39310,46010
35-2012,OK,10790,2.23,30210,21620,24960,29270,35160,38670
35-2012,OR,7150,1.28,45220,36690,38370,44520,49280,57790
35-2012,PA,24490,1.42,36950,28390,31160,36540,41020,46380
35-2012,RI,1190,0.84,46620,37890,40360,46570,48550,58380
35-2012,SC,7850,1.2,33270,21890,29130,34960,37250,42680
35-2012,SD,2120,1.63,37630,30140,32200,36730,40980,45650
35-2012,TN,10680,1.15,35260,27830,30150,35570,38860,45430
35-2012,TX,24740,0.62,34870,24770,29170,35360,38910,44840
35-2012,UT,5610,1.14,39570,28870,35640,38200,45480,48600
35-2012,VA,11170,0.96,39500,30000,34920,37890,44460,47940
35-2012,VT,1330,1.55,46260,38120,41920,46370,48620,56560
35-2012,WA,9780,0.97,51290,39820,45760,49670,58220,62840
35-2012,WI,9890,1.19,39860,32110,36040,38650,44300,47380
35-2012,WV,4420,2.22,31470,23820,27740,29740,35680,38470
35-2012,WY,1570,1.97,37620,29130,31960,36940,39900,47830
35-2014,AK,2350,0.8,41770,36230,36820,40140,44110,46800
35-2014,AL,16260,0.85,33000,24170,28930,32180,36220,39220
35-2014,AR,11270,0.95,31650,26020,28470,30180,35410,37140
35-2014,AZ,30870,1.05,40070,33250,36200,38670,44870,46240
35-2014,CA,152250,0.92,45020,37100,38590,44880,47330,55580
35-2014,CO,30600,1.17,42360,34590,36930,41600,45740,49650
35-2014,CT,14830,0.96,42110,35460,37060,39480,45950,49420
35-2014,DC,7720,1.21,45570,36440,39960,46130,47890,53020
35-2014,DE,5280,1.2,39190,31250,35410,37840,44960,46940
35-2014,FL,124040,1.38,38320,29710,35050,37020,42850,46450
35-2014,GA,46350,1.05,34430,24160,29190,35940,37840,43210
35-2014,HI,11090,1.95,47080,35740,37260,45420,55550,65320
35-2014,IA,12270,0.87,35700,28690,30360,35670,38180,44460
35-2014,ID,8130,1.05,36970,25470,29850,36440,42450,47020
35-2014,IL,53540,0.97,39520,31200,35360,37580,45010,46460
35-2014,IN,26960,0.93,34150,26000,28650,35170,37590,44190
35-2014,KS,11620,0.89,34900,26120,29690,35130,37440,44540
35-2014,KY,13510,0.74,33700,24750,28850,34640,37200,43750
35-2014,LA,14910,0.85,30630,21970,25860,29050,35960,39540
35-2014,MA,29570,0.9,45450,36540,38370,45600,49040,58590
35-2014,MD,17690,0.71,40120,35030,36520,37820,43980,47840
35-2014,ME,5130,0.88,45240,38040,39800,45290,47720,49530
35-2014,MI,39100,0.98,37570,29570,34770,36980,42850,46030
35-2014,MN,26080,0.98,40210,31280,36020,38590,45360,47850
35-2014,MO,25990,0.98,38460,28890,30790,36940,42720,46970
35-2014,MS,10770,1.02,29770,22010,26000,29560,33940,36880
35-2014,MT,7580,1.63,38980,29380,35100,38060,43910,47670
35-2014,NC,50150,1.12,35140,27980,29690,35400,38170,45450
35-2014,ND,4490,1.15,36690,28850,30410,36470,38110,45650
35-2014,NE,4750,0.51,37190,28680,33800,37030,42510,44880
35-2014,NH,7190,1.16,41990,34390,37190,40200,46850,49400
35-2014,NJ,28800,0.74,40770,32220,35880,38460,45600,50010
35-2014,NM,7810,0.99,35070,28100,30220,35020,37320,43400
35-2014,NV,27250,1.94,42130,30300,36530,38610,47170,56540
35-2014,NY,71530,0.81,43150,34490,37100,43680,46530,54240
35-2014,OH,46910,0.93,35280,27590,29520,35540,37920,44940
35-2014,OK,17050,1.1,33920,22850,28670,31720,37470,44170
35-2014,OR,21550,1.21,44130,36080,38030,43100,47730,58280
35-2014,PA,54100,0.98,35750,22650,29890,36580,39710,45120
35-2014,RI,6950,1.53,40290,31840,34610,36510,45650,49450
35-2014,SC,25890,1.24,35610,26200,30470,35740,38560,45680
35-2014,SD,1890,0.46,36720,30140,33040,36220,38910,44990
35-2014,TN,28220,0.95,36530,27910,30610,36420,40740,45650
35-2014,TX,126620,0.99,33370,23330,28540,34760,37030,42810
35-2014,UT,10520,0.67,37340,28800,31200,36490,41950,46580
35-2014,VA,40310,1.08,38180,29340,33270,36750,42990,45740
35-2014,VT,2360,0.86,43680,31210,37470,45390,47340,56180
35-2014,WA,35140,1.09,47200,37940,42770,46800,49540,57910
35-2014,WI,25410,0.95,36690,28010,31240,36550,40280,46270
35-2014,WV,6450,1.01,30950,22180,26790,29590,35170,38010
35-2014,WY,2710,1.06,37950,27850,29440,36830,43060,52530
35-3011,AK,2280,1.44,36560,24880,28250,30460,36450,61550
35-3011,AL,6560,0.64,32220,17260,21480,27980,35510,55500
35-3011,AR,3020,0.48,32850,22880,23350,25090,31840,56830
35-3011,AZ,14840,0.94,54030,30650,33520,45070,73320,86720
35-3011,CA,71470,0.81,44780,34320,34660,36220,40990,75130
35-3011,CO,17000,1.22,51250,30800,32430,38170,62640,94880
35-3011,CT,7680,0.93,51020,34010,34010,38780,62120,81760
35-3011,DC,5760,1.69,59210,36400,38780,53920,75140,95560
35-3011,DE,2820,1.19,42890,31200,31200,36840,48040,60420
35-3011,FL,55170,1.14,42280,27430,29140,35150,46850,66400
35-3011,GA,14600,0.61,30330,15840,18350,22830,37130,53310
35-3011,HI,3540,1.16,76740,30670,56890,76490,97750,117540
35-3011,IA,9560,1.26,25620,16730,18460,21720,28400,39520
35-3011,ID,3430,0.82,32670,16850,19970,27240,38070,61060
35-3011,IL,43010,1.45,35550,31200,31200,31200,31780,46520
35-3011,IN,12880,0.83,27780,17050,20220,22770,30940,45000
35-3011,KS,5430,0.78,35780,17150,21130,27940,46700,66010
35-3011,KY,6870,0.71,34970,16110,17920,28780,45770,63140
35-3011,LA,10140,1.08,25250,15080,16640,20850,30050,41600
35-3011,MA,19850,1.12,45120,31890,34200,37440,49500,70870
35-3011,MD,13020,0.97,45180,31200,34250,37580,51530,69730
35-3011,ME,3230,1.04,58520,31120,34800,48920,75250,99850
35-3011,MI,21100,0.98,44470,25960,28640,36780,57310,76090
35-3011,MN,24420,1.7,30680,23150,23850,26900,33050,38790
35-3011,MO,14410,1.01,38170,28600,28600,30090,40420,54900
35-3011,MS,2770,0.49,36510,15910,18650,28320,48290,74330
35-3011,MT,5370,2.16,27210,21940,22310,26010,28770,32870
35-3011,NC,20070,0.83,41200,16180,21740,36470,57010,74450
35-3011,ND,3960,1.9,33390,18850,22760,29040,35610,57050
35-3011,NE,7320,1.47,38350,28080,28080,30180,46040,60140
35-3011,NH,3840,1.16,40730,17390,21230,28800,58160,78230
35-3011,NJ,16260,0.78,51440,32220,35330,44020,58310,80480
35-3011,NM,3790,0.89,41500,25720,27050,36980,50630,63570
35-3011,NV,16830,2.23,36210,24960,25210,27460,42660,47250
35-3011,NY,43130,0.92,61670,33640,37090,61210,77750,93530
35-3011,OH,27420,1.02,39420,22990,25720,30880,44940,72190
35-3011,OK,5860,0.7,29260,16230,17680,24790,36020,48050
35-3011,OR,11950,1.25,46080,31200,33750,38900,57120,68980
35-3011,PA,37490,1.27,35460,17460,21270,28420,45530,62830
35-3011,RI,3170,1.3,46090,31200,31200,36410,57210,76320
35-3011,SC,10680,0.95,28440,15080,17190,19370,31950,59430
35-3011,SD,3930,1.77,31940,27400,28080,29400,33540,38180
35-3011,TN,10330,0.65,31180,15970,18160,27480,38930,52740
35-3011,TX,59000,0.86,32640,16200,17680,22690,40620,65300
35-3011,UT,3350,0.4,40430,17640,21230,32150,51900,75080
35-3011,VA,13370,0.67,54200,27890,34640,47070,73340,90400
35-3011,VT,2080,1.4,51780,29970,30470,45450,69220,91400
35-3011,WA,16800,0.97,60010,39380,47930,55830,62900,90130
35-3011,WI,29520,2.06,26970,17200,20910,23460,29860,39040
35-3011,WV,3340,0.98,37910,19900,23290,29630,45850,64280
35-3011,WY,2660,1.95,29000,17620,18240,22030,32150,55070
35-3023,AK,5900,0.73,34500,24830,28690,33280,39120,45170
35-3023,AL,41460,0.79,25600,21080,22050,23700,27840,32740
35-3023,AR,35660,1.1,26890,23240,23570,26250,27850,32120
35-3023,AZ,77210,0.96,35090,30760,31360,34230,35830,43990
35-3023,CA,449840,1,41680,35530,36790,42280,44970,47950
35-3023,CO,82010,1.15,36890,31040,33900,36270,37710,44100
35-3023,CT,35720,0.85,36330,34010,34480,35380,36450,39660
35-3023,DC,5500,0.32,39840,37260,37340,37430,39050,46800
35-3023,DE,13310,1.11,33650,31200,31200,31300,35630,37530
35-3023,FL,235400,0.96,30940,27570,28020,29080,33220,36430
35-3023,GA,145030,1.2,27290,20910,22480,26920,29640,36110
35-3023,HI,24130,1.55,35810,29120,30460,35250,37510,45140
35-3023,IA,40290,1.04,28940,21620,26150,28390,33440,35990
35-3023,ID,25810,1.21,28630,20130,22760,28940,33210,36330
35-3023,IL,127590,0.84,34280,31200,31200,33910,35990,37330
35-3023,IN,97290,1.23,28980,22110,24630,28790,33210,35820
35-3023,KS,47140,1.32,27190,21620,22980,27580,29260,34280
35-3023,KY,41860,0.84,26890,21590,22800,27130,29680,34420
35-3023,LA,45720,0.95,24580,18610,21770,22800,26680,33320
35-3023,MA,85810,0.95,35880,31290,33770,35850,36980,38700
35-3023,MD,49380,0.72,34210,31200,31280,33660,35600,37390
35-3023,ME,17250,1.09,35880,30740,31990,34710,36500,42640
35-3023,MI,103130,0.94,30260,25960,27580,28930,32760,35970
35-3023,MN,58970,0.81,32450,28190,29230,31370,35650,37140
35-3023,MO,29360,0.4,32130,28600,28900,30390,34230,36830
35-3023,MS,31220,1.08,23880,18530,21340,22610,26680,29090
35-3023,MT,14960,1.18,30120,22760,26420,29090,34640,36780
35-3023,NC,92230,0.75,29050,21800,23370,28570,34370,36820
35-3023,ND,11470,1.08,31260,22750,28700,30080,35250,37380
35-3023,NE,30060,1.18,30910,28080,28210,29000,34410,35760
35-3023,NH,14540,0.86,32120,22580,28970,31590,36130,38440
35-3023,NJ,93730,0.88,35110,32220,32220,34150,36150,39130
35-3023,NM,28250,1.31,30260,26670,28070,28700,30140,36360
35-3023,NV,45850,1.19,32820,26630,28040,31950,35890,42860
35-3023,NY,168620,0.7,36920,32240,34350,35250,37140,44740
35-3023,OH,163560,1.19,28900,23200,26800,28430,29930,34920
35-3023,OK,52520,1.24,25050,20510,21920,23430,27520,30300
35-3023,OR,59920,1.23,36200,30950,33560,35050,36880,44370
35-3023,PA,142220,0.95,28930,22030,24440,28570,32310,35880
35-3023,RI,13310,1.07,34040,31200,31200,31490,35260,36540
35-3023,SC,65070,1.14,27840,22340,23320,27520,29660,35020
35-3023,SD,15150,1.34,30900,27880,28670,29490,31480,36380
35-3023,TN,90690,1.12,27870,21850,23490,27470,29530,35060
35-3023,TX,460530,1.32,27750,21710,22980,27740,29730,35680
35-3023,UT,52340,1.22,29100,21980,26340,28670,33360,36670
35-3023,VA,104460,1.03,31930,27130,28230,30110,34650,37550
35-3023,VT,6830,0.91,37610,30450,34330,36030,38640,46080
35-3023,WA,94710,1.08,40390,35050,35880,37710,44240,47860
35-3023,WI,67750,0.93,29110,22240,25710,28600,33390,36090
35-3023,WV,6240,0.36,26780,18750,22160,26070,29610,35150
35-3023,WY,7060,1.01,27520,20300,21910,27860,29640,37020
35-3031,AK,3830,0.8,33640,24770,25290,26310,29540,64080
35-3031,AL,28760,0.93,27200,16550,20320,26840,28900,36090
35-3031,AR,17880,0.94,29050,23040,23430,24680,30450,43810
35-3031,AZ,55950,1.18,51170,30580,33850,43950,63020,78920
35-3031,CA,229970,0.86,44600,34320,34900,36080,39870,68950
35-3031,CO,40680,0.97,51240,30800,32610,44860,66360,78160
35-3031,CT,22370,0.9,46220,34010,35230,37770,48250,72060
35-3031,DC,11530,1.12,59510,36400,36400,47850,78520,100240
35-3031,DE,7580,1.07,43070,31200,31200,36880,46400,62000
35-3031,FL,207180,1.43,41840,27230,28550,36150,47590,63580
35-3031,GA,76470,1.07,26610,15080,15080,18700,35850,46860
35-3031,HI,14090,1.54,68260,29120,30090,62390,96010,119870
35-3031,IA,22410,0.98,26940,15080,15080,21000,35370,47980
35-3031,ID,10950,0.87,35320,16770,18040,30050,46390,62220
35-3031,IL,72900,0.82,35610,31200,31200,31200,32720,49470
35-3031,IN,43620,0.93,31170,17640,20870,28480,36550,48350
35-3031,KS,19480,0.93,39170,17370,26830,36120,47690,62890
35-3031,KY,27150,0.93,35410,16520,18170,29660,45710,62030
35-3031,LA,33870,1.2,22350,15080,15080,15080,23350,38060
35-3031,MA,54670,1.03,44480,31790,35290,38460,45700,62200
35-3031,MD,38120,0.94,43950,31200,32820,36750,47720,62210
35-3031,ME,9090,0.97,51260,30490,32860,43370,62910,82930
35-3031,MI,65090,1.01,44910,25960,29350,37760,58550,64350
35-3031,MN,37630,0.87,30060,23150,23370,25470,31940,41800
35-3031,MO,41640,0.97,38620,28600,28600,29400,40150,61440
35-3031,MS,15190,0.89,24680,15330,16210,21370,29300,39420
35-3031,MT,7200,0.96,29180,21940,22290,23370,28960,45420
35-3031,NC,71940,1,37850,17140,20800,32150,48550,62670
35-3031,ND,5250,0.84,36250,18470,21930,30890,44960,60570
35-3031,NE,13310,0.89,39590,28080,28340,33770,46710,59420
35-3031,NH,10030,1.01,43380,21060,30030,38430,51320,72810
35-3031,NJ,55800,0.89,50260,32220,35710,44960,56410,78510
35-3031,NM,12740,1,43210,26670,28570,36920,56940,69410
35-3031,NV,42520,1.88,36870,24960,24960,26410,34160,50140
35-3031,NY,142940,1.01,54750,33540,34520,47020,64480,83210
35-3031,OH,77250,0.95,42190,23820,28990,36700,48170,63740
35-3031,OK,27000,1.08,25870,15230,16550,17910,28450,47630
35-3031,OR,23040,0.8,52400,31200,35240,48410,63620,77620
35-3031,PA,82300,0.93,38110,18400,24490,34690,46790,61780
35-3031,RI,10160,1.39,42740,31200,31200,35420,50840,62680
35-3031,SC,47200,1.4,25900,15080,16980,18370,29910,46820
35-3031,SD,7350,1.1,30860,27030,27910,28990,30640,37290
35-3031,TN,52120,1.09,29070,15080,16790,27760,37380,47660
35-3031,TX,199610,0.97,29750,17070,17950,23240,37230,47590
35-3031,UT,17790,0.7,37360,18550,22470,31150,48330,60320
35-3031,VA,59370,0.99,46680,28270,32760,44760,56430,74130
35-3031,VT,4040,0.91,58850,29690,34840,59140,78520,89330
35-3031,WA,45400,0.88,60590,36710,45910,56130,73840,94930
35-3031,WI,36220,0.84,34570,16830,21000,29670,43150,61770
35-3031,WV,8600,0.84,38350,20230,22800,35380,47430,60560
35-3031,WY,3620,0.88,31120,18000,20800,23920,38030,56260
35-9011,AK,860,0.76,29520,24770,25140,27040,30790,35640
35-9011,AL,3420,0.46,24330,16650,18750,22470,28740,34320
35-9011,AR,2160,0.47,30140,24230,25600,27670,32310,37150
35-9011,AZ,13300,1.18,39750,30950,32050,36500,41880,55580
35-9011,CA,75460,1.19,40660,34320,34820,36010,39930,50630
35-9011,CO,8460,0.84,41280,30800,32140,36790,46900,56890
35-9011,CT,5810,0.98,37640,34010,34010,34540,36490,47100
35-9011,DC,4130,1.68,45850,36400,36670,39080,48200,58830
35-9011,DE,1540,0.91,34290,31200,31200,31880,35840,38450
35-9011,FL,50400,1.45,35130,27590,29530,33280,37080,45460
35-9011,GA,14540,0.85,30450,17720,22900,28920,35690,39080
35-9011,HI,4380,2,51160,29890,33340,51200,61520,76960
35-9011,IA,3250,0.6,26810,16980,20400,28210,31300,35460
35-9011,ID,1520,0.51,27800,16770,22110,27810,31310,37430
35-9011,IL,21290,1,33800,31200,31200,31200,34010,38110
35-9011,IN,10220,0.91,28590,20610,23130,28320,33340,37280
35-9011,KS,2960,0.59,26900,17120,19010,26300,31390,38050
35-9011,KY,3350,0.48,26350,15870,20640,26330,30780,37330
35-9011,LA,4810,0.71,27250,16080,18760,26780,31840,39770
35-9011,MA,11510,0.91,39220,31200,32100,35380,45520,50760
35-9011,MD,13240,1.37,38340,31840,34120,37020,39370,45930
35-9011,ME,1540,0.69,42960,31200,33360,38560,50220,62080
35-9011,MI,13050,0.85,33580,25960,28390,30390,37450,44180
35-9011,MN,7220,0.7,30730,23350,26090,29210,34670,38310
35-9011,MO,11590,1.13,33870,28600,28600,31850,37430,39150
35-9011,MS,2620,0.65,24480,16880,20690,23180,28210,30840
35-9011,MT,1150,0.64,29340,21950,22530,27510,34830,38350
35-9011,NC,11230,0.65,27690,15920,21470,27560,32720,37870
35-9011,ND,890,0.59,30980,21110,27050,31010,35320,37320
35-9011,NE,2160,0.6,33170,28080,28500,30690,36080,39900
35-9011,NH,1510,0.63,27750,17200,21000,26290,34290,38410
35-9011,NJ,16490,1.1,37340,32220,32900,34170,37560,45630
35-9011,NM,2960,0.97,31230,25750,27390,29360,34550,38280
35-9011,NV,12750,2.35,32640,24960,25470,27460,37060,47320
35-9011,NY,41340,1.22,42480,33040,34060,36740,46330,59080
35-9011,OH,13670,0.71,31340,22900,26430,29400,35300,39070
35-9011,OK,5400,0.91,26680,17990,21490,26830,31290,36540
35-9011,OR,3910,0.57,38700,31200,34080,36800,40190,45810
35-9011,PA,20800,0.98,29810,17890,23350,29310,35430,38580
35-9011,RI,2880,1.64,35170,31200,31200,31200,34600,47170
35-9011,SC,6220,0.77,27260,17100,19110,26830,33240,36780
35-9011,SD,2550,1.6,31550,27110,28640,29920,34580,37960
35-9011,TN,11330,0.99,29680,21220,23110,29470,35010,37420
35-9011,TX,60270,1.23,24390,15710,17090,21550,28690,35540
35-9011,UT,4490,0.74,28480,17870,21690,27010,34110,39510
35-9011,VA,11910,0.83,34850,27370,28930,32410,37010,46360
35-9011,VT,,**,36570,29470,32400,34120,39940,46080
35-9011,WA,6160,0.5,45430,34890,36390,41420,48620,60300
35-9011,WI,7220,0.7,27510,16800,20850,27080,32420,38440
35-9011,WV,1170,0.48,29920,21300,22950,27150,31270,44980
35-9011,WY,650,0.66,28600,18520,21430,24600,34790,42660
39-2021,AK,550,0.99,40460,27030,32150,36640,47560,58400
39-2021,AL,4100,1.13,31300,21740,23920,28330,34280,45860
39-2021,AR,2040,0.91,34110,27290,28580,30230,35210,47990
39-2021,AZ,6330,1.14,44630,33320,35890,38180,47080,68090
39-2021,CA,25710,0.82,42730,35640,36810,38700,45160,56270
39-2021,CO,6290,1.27,41010,32070,35670,37430,43850,55300
39-2021,CT,3000,1.03,42710,35150,35860,37310,45980,62540
39-2021,DC,460,0.38,46510,37840,38290,44210,47730,64300
39-2021,DE,1230,1.48,35940,31200,31200,33910,36360,42500
39-2021,FL,17210,1.01,36820,28950,29760,34150,37460,50140
39-2021,GA,9110,1.09,32250,21370,28040,29860,34950,47260
39-2021,HI,570,0.53,44620,31100,32910,40130,51810,66200
39-2021,IA,3480,1.3,32900,22450,27240,30080,35140,45610
39-2021,ID,1760,1.2,34970,22000,28990,32170,35850,46990
39-2021,IL,11070,1.06,38670,31200,32080,35570,37840,50160
39-2021,IN,6420,1.17,31900,22440,26540,29990,35420,43270
39-2021,KS,3000,1.22,34130,21720,24440,29830,38280,49450
39-2021,KY,6140,1.79,34070,22600,27860,30720,37890,47290
39-2021,LA,2660,0.8,29840,21600,22840,27910,33370,40000
39-2021,MA,6900,1.11,45080,32910,36820,39650,47750,64060
39-2021,MD,5570,1.17,41820,31500,34450,36780,46790,56730
39-2021,ME,1430,1.3,39790,31360,35250,37230,44000,48530
39-2021,MI,6290,0.83,33850,27770,28960,30320,36390,45480
39-2021,MN,4250,0.84,38320,29440,31710,36430,41600,48050
39-2021,MO,5820,1.15,34500,28600,29300,31230,35500,44930
39-2021,MS,1900,0.95,28270,21160,22190,26970,29890,36970
39-2021,MT,1200,1.37,36170,26170,29600,34210,39130,49080
39-2021,NC,9730,1.15,33870,23210,28540,30870,35990,46120
39-2021,ND,770,1.05,39460,29960,31050,34040,38640,62170
39-2021,NE,2100,1.19,37610,28080,29160,31680,39490,52010
39-2021,NH,1810,1.54,37160,27830,29290,34790,42720,51040
39-2021,NJ,5890,0.8,39940,32220,34110,35850,42340,49620
39-2021,NM,1710,1.14,35050,27980,29070,33570,37300,44020
39-2021,NV,2470,0.93,34400,27280,28950,30320,36240,51040
39-2021,NY,12470,0.75,40540,33800,35640,37840,43780,48740
39-2021,OH,9350,0.98,34690,24130,28490,30310,36310,49450
39-2021,OK,3170,1.08,31020,21320,23920,28940,35350,43880
39-2021,OR,3470,1.03,40380,33510,35150,36580,43780,54510
39-2021,PA,9910,0.95,34110,23430,28400,31360,36450,47960
39-2021,RI,1020,1.19,42010,31510,34860,37120,43930,63120
39-2021,SC,4090,1.03,33640,22880,28100,31280,36570,46160
39-2021,SD,1110,1.42,33700,27260,28710,30390,35370,44960
39-2021,TN,6110,1.08,34110,23980,28110,30550,36170,47020
39-2021,TX,20450,0.85,35970,23260,28460,32730,41930,49660
39-2021,UT,2350,0.79,37600,26310,29320,34750,42010,56730
39-2021,VA,10070,1.43,36070,28050,29490,34380,38120,46180
39-2021,VT,430,0.83,38460,31990,33870,36090,42840,47360
39-2021,WA,6620,1.09,46160,36100,37140,40570,48030,64580
39-2021,WI,5720,1.13,34330,23920,28170,30160,36850,47700
39-2021,WV,1160,0.96,31550,22050,25220,28550,34400,44810
39-2021,WY,460,0.95,34150,21330,25480,29080,36570,50290
39-5011,AL,,**,28320,26380,27430,29120,29120,29120
39-5011,AR,170,1.33,28260,24240,24460,25640,30040,33750
39-5011,AZ,,**,35050,31950,34370,34380,37440,37440
39-5011,CA,1390,0.79,47720,35900,37040,38380,44790,69530
39-5011,CO,480,1.73,59140,33130,33690,61500,78510,81060
39-5011,CT,330,2.02,42120,38500,38500,41400,43640,48600
39-5011,FL,1240,1.3,52980,31000,34780,49410,59240,79490
39-5011,GA,550,1.16,46110,27950,29930,30750,60150,78710
39-5011,IA,130,0.87,54470,31200,31960,58900,60660,81710
39-5011,ID,130,1.53,37810,21880,26340,36040,48810,59590
39-5011,IL,,**,55540,31460,34430,65430,71930,71990
39-5011,IN,370,1.2,40760,29670,31040,33600,55850,60060
39-5011,LA,40,0.19,42270,22340,30380,44430,56110,56110
39-5011,MD,,**,44680,32720,35230,35400,48670,58510
39-5011,ME,50,0.87,46800,30470,31130,35300,48810,74930
39-5011,MI,,**,44490,28840,30480,35490,53960,71810
39-5011,MN,260,0.9,49400,39000,39000,53990,59170,59170
39-5011,MO,580,2.05,55900,36710,38840,47880,76460,80950
39-5011,MS,,**,38840,26290,36810,38480,38760,42870
39-5011,NC,330,0.7,47710,28370,29470,31050,63190,90270
39-5011,ND,80,1.91,46770,28760,38880,48540,58210,59070
39-5011,NE,,**,43950,30570,38380,39090,44560,58390
39-5011,NJ,,**,54080,32220,32220,54850,63170,88440
39-5011,NM,50,0.56,38760,36440,36440,39100,39320,41180
39-5011,NY,,**,44760,35430,37680,38580,44670,63180
39-5011,OK,170,1.01,34400,29340,31570,34860,35370,35820
39-5011,OR,,**,83650,64310,64310,77430,103800,103800
39-5011,PA,530,0.91,37630,30410,31490,36920,39030,46700
39-5011,RI,,**,41740,34480,34900,34900,47840,63230
39-5011,SC,220,0.97,44600,23240,29920,32900,61770,74570
39-5011,TN,,**,29460,22850,23080,24690,31930,43620
39-5011,TX,2580,1.9,41630,28340,29460,30760,37160,80430
39-5011,UT,320,1.91,25890,23890,24580,25370,26810,26810
39-5011,VA,160,0.41,51480,37270,44120,46730,57620,75860
39-5011,WA,1220,3.57,67540,52540,59910,61150,75160,76480
39-5011,WI,450,1.58,43210,30530,31610,36540,58190,61200
39-5012,AK,330,0.52,41750,30900,31990,32150,54850,55850
39-5012,AL,3300,0.79,33700,21300,23610,29150,37230,56700
39-5012,AR,1410,0.55,33100,23920,24410,28830,33730,49990
39-5012,AZ,7840,1.23,43000,31050,34250,36810,45520,57790
39-5012,CA,27080,0.76,48290,35360,36600,38660,49030,68640
39-5012,CO,6820,1.21,51590,31520,35330,37690,59710,98860
39-5012,CT,4090,1.23,49130,34010,34310,44620,59790,72620
39-5012,DC,870,0.63,70320,36400,45250,54570,77620,130950
39-5012,DE,1270,1.33,42990,31200,31200,34350,46970,75950
39-5012,FL,23530,1.21,36210,27450,28340,29530,35090,58320
39-5012,GA,7910,0.82,42830,17310,24810,34560,48730,79170
39-5012,HI,930,0.76,45920,29120,29650,35040,56360,73820
39-5012,IA,2930,0.96,40410,26650,29670,35700,48580,56250
39-5012,ID,2250,1.34,35740,22810,27470,35480,37710,48000
39-5012,IL,13190,1.1,39720,31200,31200,34040,41110,58960
39-5012,IN,5920,0.94,36720,23890,27980,32830,44910,58620
39-5012,KS,2190,0.77,39980,21910,26690,29710,48010,77790
39-5012,KY,2350,0.6,41390,22580,26730,29840,42220,76170
39-5012,LA,2720,0.71,27600,21590,23060,26030,29530,33900
39-5012,MA,9600,1.34,49700,31600,34930,37290,60340,79330
39-5012,MD,5860,1.08,45350,31830,32710,36420,47590,72940
39-5012,ME,970,0.77,48760,30640,37000,44000,61860,63640
39-5012,MI,8970,1.04,47290,25960,28870,34820,60590,95370
39-5012,MN,5320,0.92,48240,23590,34620,39170,59300,78880
39-5012,MO,5430,0.94,40240,28600,29350,30750,38130,58530
39-5012,MS,1040,0.45,33830,17370,23990,27560,39810,58790
39-5012,MT,690,0.68,42890,22160,24270,38000,59900,75440
39-5012,NC,8490,0.87,43670,26880,29270,38410,48300,61530
39-5012,ND,870,1.03,43810,24130,30510,34850,53480,77800
39-5012,NE,1890,0.94,43850,28080,30360,34320,49870,73740
39-5012,NH,1950,1.45,39180,25720,28490,34650,46450,58210
39-5012,NJ,15500,1.84,52200,32220,33630,36150,53580,92090
39-5012,NM,1230,0.72,39550,27190,28810,37750,46240,52560
39-5012,NV,1940,0.64,38830,26160,29400,33840,37560,64300
39-5012,NY,20740,1.09,50040,33960,34580,35760,58320,88540
39-5012,OH,12890,1.18,44680,23520,28030,36260,57840,77330
39-5012,OK,1920,0.57,36290,18980,23070,29650,44260,60390
39-5012,OR,1860,0.48,57220,34880,38640,57580,64740,76810
39-5012,PA,19350,1.62,43000,23700,29050,36790,55360,68750
39-5012,RI,1470,1.49,35620,31200,31200,31200,32950,38630
39-5012,SC,3570,0.79,42580,21340,27410,33700,56770,77430
39-5012,SD,690,0.77,48310,32090,42870,49800,56200,61900
39-5012,TN,6080,0.94,38100,25700,28820,31310,39990,58000
39-5012,TX,22440,0.81,38820,23580,28270,30680,47180,59730
39-5012,UT,2810,0.82,41840,21810,28540,35140,51130,75860
39-5012,VA,10200,1.26,,,,,,
39-5012,VT,440,0.73,54760,30960,35870,48650,60860,80530
39-5012,WA,6930,0.99,63800,36830,46280,59510,73540,99970
39-5012,WI,6260,1.08,39190,23790,29470,36230,47060,58970
39-5012,WV,1020,0.74,40320,23580,28710,34480,46340,60300
39-5012,WY,360,0.65,34370,18150,25730,29170,36500,56640
39-5092,AK,180,0.57,47720,28020,38570,47890,57060,59620
39-5092,AL,920,0.44,35700,21160,27550,30300,45850,57370
39-5092,AR,230,0.18,31490,23930,26680,27690,28200,49060
39-5092,AZ,2440,0.77,39380,30800,33200,35290,36650,51740
39-5092,CA,39210,2.19,39730,34840,35480,36630,39590,47260
39-5092,CO,3970,1.41,43550,32030,34870,37110,46490,64590
39-5092,CT,4490,2.69,37230,34010,34010,34720,35510,44860
39-5092,DC,,**,41370,36400,36400,36620,48690,50620
39-5092,DE,780,1.63,34610,31200,31200,31200,36510,38060
39-5092,FL,4470,0.46,41060,28730,29710,37840,48260,59940
39-5092,GA,1710,0.36,32130,21390,22620,26910,36130,56640
39-5092,HI,40,0.06,52220,29120,30910,60790,62510,79730
39-5092,IA,190,0.12,42300,15800,30210,45420,57770,58150
39-5092,ID,160,0.19,35980,25150,26840,34910,40220,51440
39-5092,IL,2470,0.41,40560,31200,31200,37050,46410,48840
39-5092,IN,510,0.16,36000,21580,29110,36140,43970,46740
39-5092,KS,1510,1.07,33430,21320,27520,30930,37550,44820
39-5092,KY,240,0.12,44140,31480,32440,45310,47670,65430
39-5092,LA,2210,1.16,29890,18190,22550,28170,36580,45860
39-5092,MA,4660,1.3,38750,33510,34940,35470,44800,46210
39-5092,MD,2080,0.77,40890,34280,36020,37300,45560,48370
39-5092,ME,200,0.31,55930,36800,46220,48540,75880,81490
39-5092,MI,1020,0.24,44130,27740,33140,36890,59210,65880
39-5092,MN,3260,1.13,38430,27550,30840,36040,44840,47800
39-5092,MO,1630,0.57,41710,28600,29600,39100,48410,55240
39-5092,MS,520,0.45,42550,21750,30350,37300,45800,82040
39-5092,MT,110,0.22,33510,26690,29040,33660,34900,43880
39-5092,NC,1900,0.39,42800,22150,29700,34740,46650,73260
39-5092,ND,270,0.64,43070,30560,31130,33430,47960,76120
39-5092,NE,310,0.31,60560,29070,33460,56940,82610,100610
39-5092,NH,490,0.73,39220,29410,33510,35100,43880,56900
39-5092,NJ,11520,2.74,37190,32220,32220,36370,37260,39390
39-5092,NM,,**,32510,25720,25720,25720,32980,52950
39-5092,NV,1020,0.67,46690,30000,36810,41880,59990,78300
39-5092,NY,19710,2.07,35280,32240,34070,34660,34930,35730
39-5092,OH,3680,0.67,40680,26650,28390,35590,45240,53260
39-5092,OK,480,0.29,34500,22290,28760,31330,33340,50620
39-5092,OR,2210,1.14,49100,35230,36080,46080,48650,77420
39-5092,PA,9610,1.61,29550,20520,21510,27990,33180,43890
39-5092,RI,,**,35550,31200,31200,34910,35720,43880
39-5092,SC,710,0.31,34750,18450,20240,33810,43260,62550
39-5092,SD,250,0.55,44720,34280,36120,45310,53970,54850
39-5092,TN,1200,0.37,36820,20450,28130,34810,40000,57340
39-5092,TX,5340,0.39,35540,18950,30780,34040,38900,48510
39-5092,UT,1150,0.67,29330,20410,21480,28820,38940,42540
39-5092,VA,4230,1.05,41780,29370,34070,36630,47430,59430
39-5092,VT,100,0.33,,,,,,
39-5092,WA,5570,1.6,51700,38660,46310,49900,58120,63430
39-5092,WI,2350,0.81,38230,20950,29860,36680,45750,54400
39-5092,WV,120,0.17,40850,27470,36490,38260,46790,48670
39-5094,AK,120,0.78,40720,33600,35780,41240,45760,47980
39-5094,AL,590,0.6,44740,26540,31960,39260,46170,73180
39-5094,AR,340,0.56,38830,23580,26680,36520,39890,57770
39-5094,AZ,1710,1.13,56970,38650,41600,50470,57900,103950
39-5094,CA,11360,1.33,49910,34650,36290,38770,54110,77160
39-5094,CO,1510,1.12,64440,31940,43300,54500,76520,99720
39-5094,CT,660,0.83,51520,34010,36170,43680,55370,87240
39-5094,DC,200,0.61,83730,57660,57660,77480,116680,120730
39-5094,DE,130,0.55,54620,31200,42400,50820,52290,96650
39-5094,FL,5270,1.13,51570,27860,35600,43880,62650,83990
39-5094,GA,2230,0.97,51530,32670,46080,48660,51510,68630
39-5094,HI,140,0.49,,,,,,
39-5094,IA,710,0.98,59230,22830,26240,37080,50060,191910
39-5094,ID,720,1.8,38740,21630,21950,34130,43880,55560
39-5094,IL,2960,1.03,48500,31200,40340,45330,47360,63920
39-5094,IN,1120,0.75,45020,24440,30160,44450,52390,66670
39-5094,KS,420,0.62,45560,28880,35860,45760,54170,65180
39-5094,KY,830,0.89,44350,26340,28210,38580,46280,81610
39-5094,LA,600,0.66,39570,20340,29620,36890,47880,64650
39-5094,MA,1360,0.8,48890,36610,43880,47310,49300,60320
39-5094,MD,1130,0.87,53490,35580,37300,46590,63190,79940
39-5094,ME,260,0.87,62360,34520,44320,55850,76260,100190
39-5094,MI,1510,0.73,49750,28810,35530,45240,59980,77940
39-5094,MN,920,0.67,48480,23990,31090,44430,62530,79520
39-5094,MO,1390,1.01,52800,29790,37250,45200,67970,81710
39-5094,MS,320,0.59,61810,20960,33480,41160,80100,140920
39-5094,MT,280,1.15,64470,35130,46800,58500,76040,96780
39-5094,NC,2680,1.16,50870,25570,27610,39120,57000,96660
39-5094,ND,190,0.92,55450,35710,37490,58160,65000,89270
39-5094,NE,550,1.14,65260,44300,49300,58420,68790,122250
39-5094,NH,430,1.33,49930,27560,32500,46890,70210,83200
39-5094,NJ,2660,1.32,52290,35180,35660,45870,50750,80980
39-5094,NM,370,0.9,53170,30010,35090,47230,66960,90770
39-5094,NV,1540,2.12,47260,28070,34930,38660,47830,73110
39-5094,NY,3510,0.77,50960,33510,36780,42910,63280,77550
39-5094,OH,1700,0.65,47080,28350,36700,39150,52870,74030
39-5094,OK,680,0.84,43470,22140,28530,37340,52420,77020
39-5094,OR,1070,1.17,60960,35900,39000,52110,80140,105660
39-5094,PA,2560,0.9,46270,22870,26780,43620,58970,69820
39-5094,RI,120,0.49,47310,33710,34900,43880,62400,62400
39-5094,SC,1210,1.12,47750,22530,28690,39670,58430,80430
39-5094,SD,150,0.71,37060,24450,29000,38230,46110,52350
39-5094,TN,1710,1.11,41840,22200,28540,36590,44500,77830
39-5094,TX,6160,0.93,55720,27390,38210,49250,68780,84180
39-5094,UT,1160,1.43,47490,26810,34320,45490,58090,62990
39-5094,VA,1970,1.02,47260,31530,34410,39350,49980,67520
39-5094,WA,2200,1.32,83090,48620,59660,79320,95260,119040
39-5094,WI,1190,0.87,46010,22830,30480,46220,59660,65590
39-5094,WV,80,0.26,41720,25650,30420,38030,46790,60550
39-5094,WY,100,0.72,58430,39490,48870,62400,62990,81790
39-9011,AK,1340,1.24,37640,30640,35100,36200,37190,46640
39-9011,AL,4580,0.65,25120,18680,21540,22720,28090,32330
39-9011,AR,5400,1.24,28930,23940,26750,28450,30470,33640
39-9011,AZ,5530,0.51,36350,30830,32560,35100,38320,45660
39-9011,CA,52780,0.87,42790,35340,37600,40020,46320,52670
39-9011,CO,13310,1.39,42410,33430,36990,40750,46260,49190
39-9011,CT,12020,2.12,38190,34940,35730,36660,38370,44760
39-9011,DC,1350,0.58,48360,39050,40300,47340,56040,56790
39-9011,DE,1230,0.76,34450,31200,31200,33210,35710,40410
39-9011,FL,21760,0.66,35830,27960,30290,34210,37110,44730
39-9011,GA,21040,1.29,28770,22170,23940,28020,31200,36980
39-9011,HI,1870,0.89,38210,30850,32050,37030,42950,47270
39-9011,IA,6020,1.16,29280,21950,25790,28420,31730,37220
39-9011,ID,4430,1.55,31600,17550,27330,30160,36180,42150
39-9011,IL,23900,1.17,36560,31200,32510,35830,37980,44980
39-9011,IN,8280,0.78,31330,23880,28030,30180,34860,38250
39-9011,KS,7430,1.55,30430,22810,27520,29240,34900,37280
39-9011,KY,5820,0.87,30520,21860,24500,28920,35060,39550
39-9011,LA,8000,1.24,25470,18650,21390,22900,28600,33610
39-9011,MA,13140,1.08,42580,34130,37330,40900,47920,49790
39-9011,MD,9750,1.06,38030,31570,34250,36030,37970,47280
39-9011,ME,4990,2.33,37280,31200,34770,36350,37630,46020
39-9011,MI,14010,0.95,33100,27210,28850,30970,36010,39340
39-9011,MN,11570,1.17,35720,28560,30340,35520,38490,44880
39-9011,MO,12430,1.27,33240,28600,29000,30790,35670,41600
39-9011,MS,5420,1.4,24310,18230,19750,22050,26540,33600
39-9011,MT,2190,1.29,33540,27770,29020,35120,36310,38750
39-9011,NC,12550,0.76,30940,22840,24270,29140,35480,40990
39-9011,ND,4030,2.81,32000,23310,29150,30290,36000,37070
39-9011,NE,9390,2.75,32670,28130,29150,30740,35290,36660
39-9011,NH,2820,1.24,36360,27850,30950,37080,39580,44500
39-9011,NJ,25070,1.75,37640,32220,34170,36390,38400,44800
39-9011,NM,4120,1.42,35510,29880,31240,35840,36940,42190
39-9011,NV,3740,0.72,32030,27520,28800,29740,35360,38560
39-9011,NY,44020,1.36,39690,33630,35420,37590,43730,46970
39-9011,OH,11300,0.61,31930,23800,27540,29680,36450,40390
39-9011,OK,7590,1.33,29170,22040,23170,27730,34340,38580
39-9011,OR,5240,0.8,39170,32580,35620,38650,43620,46450
39-9011,PA,13000,0.64,31510,22710,27040,30140,35970,39290
39-9011,RI,1800,1.08,36530,31410,31930,36940,38290,45140
39-9011,SC,10660,1.39,30600,22020,25130,29650,34120,37720
39-9011,SD,2370,1.56,29720,26500,27270,27940,30010,37840
39-9011,TN,13650,1.25,30720,21730,26910,29660,35200,38050
39-9011,TX,34160,0.73,29050,21750,23370,28570,31920,37290
39-9011,UT,4830,0.83,32710,23040,29530,31630,35380,43440
39-9011,VA,13930,1.02,35070,28150,29540,34330,37200,44100
39-9011,VT,,**,39380,32140,36420,38030,42330,46030
39-9011,WA,4340,0.37,42400,35340,37460,41680,44770,50080
39-9011,WI,5560,0.57,33420,24650,29360,32460,36720,42830
39-9011,WV,1930,0.83,27310,22170,23470,27710,28640,35890
39-9011,WY,1110,1.19,31340,21960,23250,28250,35460,50040
39-9031,AK,800,1.18,45860,27700,37020,46210,57460,61650
39-9031,AL,2680,0.61,39330,19330,26940,39180,48620,57320
39-9031,AR,1390,0.51,42310,26710,29310,42140,51470,59820
39-9031,AZ,7010,1.04,52540,30770,34510,47980,59110,83200
39-9031,CA,43600,1.15,62890,36750,45350,57990,74160,100920
39-9031,CO,10500,1.76,56400,34110,39190,49900,62670,87340
39-9031,CT,2850,0.81,66870,34010,45660,61580,80790,103590
39-9031,DC,1480,1.01,55190,37080,37340,39210,64640,80610
39-9031,DE,1210,1.21,50560,32150,36900,44340,65330,76450
39-9031,FL,18070,0.88,44630,27450,28970,38800,52630,72870
39-9031,GA,7500,0.74,50460,28330,35240,47150,58140,80940
39-9031,HI,990,0.76,54980,33420,42620,48290,61080,81090
39-9031,IA,2510,0.77,38290,24660,28350,36160,44750,52810
39-9031,ID,2360,1.32,52410,29170,44270,49780,59210,76340
39-9031,IL,19830,1.57,53300,31210,35190,46800,61960,92780
39-9031,IN,5360,0.81,37330,22410,27280,34960,47430,56720
39-9031,KS,4510,1.51,40730,23980,29000,35900,48480,61900
39-9031,KY,1990,0.48,46580,23720,35090,45280,55080,70790
39-9031,LA,2290,0.57,42450,21190,25040,44410,51190,60180
39-9031,MA,9200,1.22,72370,36110,50760,64620,96140,105390
39-9031,MD,8650,1.51,54110,33130,36110,47420,63510,81730
39-9031,ME,1140,0.86,53380,35230,37300,47060,67980,79040
39-9031,MI,6050,0.66,47990,28040,33130,45520,55900,76970
39-9031,MN,7010,1.14,46190,29660,32150,43620,51020,66650
39-9031,MO,5060,0.83,41870,28600,29360,36450,47830,62390
39-9031,MS,1260,0.52,37390,18720,21960,30540,47410,63390
39-9031,MT,1420,1.33,47870,29510,33930,43940,52150,75020
39-9031,NC,10670,1.04,48270,24910,33210,46450,60100,74210
39-9031,ND,680,0.76,41180,30140,33830,37760,47060,60070
39-9031,NE,2410,1.13,37940,28080,29310,31440,44530,53480
39-9031,NH,1500,1.06,54120,30750,37600,49360,63720,82600
39-9031,NJ,11350,1.28,65470,34620,39300,59870,80020,104000
39-9031,NM,1030,0.57,43080,26620,30210,44680,50960,58490
39-9031,NV,3010,0.93,58100,32880,45190,57960,70920,84180
39-9031,NY,20140,1,60770,34300,35630,47090,76360,105700
39-9031,OH,9040,0.78,40250,24040,28830,36370,49220,59290
39-9031,OK,2300,0.65,44960,21910,26570,44520,58430,61860
39-9031,OR,4800,1.17,60470,35390,43720,58510,65500,101380
39-9031,PA,11580,0.92,46620,27780,33030,45250,57830,67450
39-9031,RI,990,0.95,52990,31200,36240,45640,77180,77230
39-9031,SC,5130,1.07,43370,22730,31310,43630,50980,62120
39-9031,SD,950,1,42850,30090,33960,40070,47490,58730
39-9031,TN,5080,0.75,48380,26000,32560,47380,59190,74920
39-9031,TX,19260,0.66,44880,21930,29340,40880,56930,76340
39-9031,UT,6830,1.89,49360,25850,31010,44800,58250,83510
39-9031,VA,12100,1.42,46030,26560,30750,40820,54410,74510
39-9031,VT,710,1.12,59960,34210,43140,57300,62380,98730
39-9031,WA,9270,1.26,61800,38960,46760,50830,67510,93450
39-9031,WI,6330,1.04,44300,27900,31470,44200,50570,61600
39-9031,WV,500,0.34,39520,22290,28150,38120,45050,55180
39-9031,WY,560,0.96,57570,22150,35030,50250,71780,99490
39-9032,AK,630,0.91,45510,36720,36950,37510,47410,66140
39-9032,AL,4700,1.04,30350,19150,22410,28360,36280,45110
39-9032,AR,1740,0.63,31030,23700,24580,27770,35830,42530
39-9032,AZ,12650,1.83,39380,31130,33040,35800,39480,51310
39-9032,CA,48560,1.25,43530,35900,37320,39780,46550,56150
39-9032,CO,6100,1,41210,31080,34320,38820,44050,53580
39-9032,CT,5000,1.38,41150,34010,34670,36610,44110,51340
39-9032,DC,470,0.31,50330,37990,38420,46460,50080,66750
39-9032,DE,1230,1.19,35900,31200,31200,33790,37320,44930
39-9032,FL,18010,0.85,37620,29130,31680,35490,39490,49130
39-9032,GA,8160,0.78,34690,22340,25810,32540,40310,48870
39-9032,HI,1590,1.19,41170,31690,39270,41000,41000,45270
39-9032,IA,2870,0.86,34740,24420,28790,33700,38100,46740
39-9032,ID,2080,1.14,34190,21150,26710,30100,38590,50370
39-9032,IL,17650,1.36,37790,31200,31840,35480,39800,47480
39-9032,IN,8050,1.18,32710,22470,26980,30190,36100,45710
39-9032,KS,2990,0.98,32720,22160,26780,31760,36580,45250
39-9032,KY,3290,0.77,34010,22770,28180,32400,37110,46120
39-9032,LA,2830,0.69,31220,19300,22920,28580,36390,45320
39-9032,MA,11280,1.45,41320,32910,36040,38540,45010,50090
39-9032,MD,4350,0.74,41280,32390,34960,37200,44370,56160
39-9032,ME,1260,0.92,40310,30790,32650,37450,46400,53620
39-9032,MI,10850,1.16,37240,29020,31290,35090,39970,47740
39-9032,MN,7940,1.26,39840,29460,33220,37510,44770,52190
39-9032,MO,5380,0.86,36210,28600,29850,34320,38600,46830
39-9032,MS,2220,0.9,29170,19350,21940,28060,33670,40710
39-9032,MT,800,0.74,38520,29070,30730,35090,43180,50020
39-9032,NC,9520,0.9,35250,22060,26450,32720,41100,50810
39-9032,ND,730,0.79,38340,22250,30380,37310,47190,54000
39-9032,NE,1510,0.69,36890,28520,31400,34590,41250,46500
39-9032,NH,2030,1.39,38950,27040,31890,37040,45520,51240
39-9032,NJ,7550,0.83,39660,32220,33650,36880,42360,49240
39-9032,NM,870,0.47,36620,26510,26510,31900,40680,52960
39-9032,NV,2570,0.78,34780,26930,26930,30150,35410,50220
39-9032,NY,24790,1.2,41790,33260,34900,38040,46070,54610
39-9032,OH,12340,1.04,34350,24580,28680,32420,37300,47220
39-9032,OK,2380,0.65,33320,21330,23380,31580,38160,47390
39-9032,OR,4640,1.11,42990,32330,35620,39610,47780,56730
39-9032,PA,9850,0.76,38120,24940,29630,35710,43740,55030
39-9032,RI,770,0.72,39840,31290,35740,36340,42110,52920
39-9032,SC,5270,1.07,33940,21050,26790,31420,38710,48230
39-9032,SD,650,0.67,44200,32390,35900,42270,48630,60470
39-9032,TN,3420,0.49,35150,23960,29540,33580,40040,46550
39-9032,TX,18660,0.62,35620,22910,28170,32720,41520,47870
39-9032,UT,5760,1.56,34700,22520,28510,32890,38080,47450
39-9032,VA,9260,1.06,38870,27390,31370,36120,44100,53800
39-9032,VT,840,1.29,40020,32130,36120,37450,43620,51310
39-9032,WA,6380,0.84,45940,35660,37420,44890,50150,59790
39-9032,WI,6840,1.09,37400,26440,31200,35530,42290,50980
39-9032,WV,1410,0.94,34510,22340,26610,29710,37270,53400
39-9032,WY,790,1.31,34060,25720,26170,30720,37290,49300
41-1011,AK,3030,1.29,59190,38180,47130,57080,69020,77990
41-1011,AL,25020,1.64,48790,27960,30530,44860,59980,75330
41-1011,AR,11050,1.17,44460,28600,30420,36950,51810,69020
41-1011,AZ,20260,0.87,51290,36640,40110,48010,59530,69400
41-1011,CA,109180,0.83,57140,38860,44920,54870,63160,77590
41-1011,CO,26390,1.27,61600,39440,47020,58200,70890,86320
41-1011,CT,13910,1.14,58860,37110,44830,56510,68750,82140
41-1011,DC,1470,0.29,61990,45060,47470,58470,75920,81430
41-1011,DE,4200,1.2,56540,38220,45350,55710,64150,76620
41-1011,FL,80470,1.12,52730,34710,37800,48410,62050,76200
41-1011,GA,36900,1.05,50690,29430,36390,46150,60740,75960
41-1011,HI,6580,1.45,57810,38770,45660,55850,65500,78270
41-1011,IA,9970,0.89,50950,32160,37990,46610,60000,74030
41-1011,ID,7330,1.19,50950,33120,37490,46140,59680,74300
41-1011,IL,36940,0.84,53330,35360,39270,47990,61550,77550
41-1011,IN,22090,0.96,50970,31630,37470,47790,60500,73410
41-1011,KS,9250,0.89,49780,31780,36890,46950,59530,72040
41-1011,KY,18290,1.27,45750,28360,30310,40080,56150,69930
41-1011,LA,16910,1.21,46360,27720,30530,43860,57920,71290
41-1011,MA,20240,0.77,59510,39740,45970,57490,67930,81300
41-1011,MD,23080,1.16,51810,36990,38790,47000,59370,74610
41-1011,ME,5760,1.25,57150,41600,46660,53580,64060,76070
41-1011,MI,30750,0.97,49860,31610,37030,46430,59080,70640
41-1011,MN,21530,1.01,53670,36550,40860,48770,61490,75900
41-1011,MO,19160,0.9,50360,33300,36930,46860,59830,73590
41-1011,MS,13020,1.55,48500,28100,33490,45760,57440,72550
41-1011,MT,5830,1.58,53880,35360,38940,49300,63360,77320
41-1011,NC,39890,1.12,52910,32030,38200,47760,61460,77110
41-1011,ND,2640,0.85,55110,37710,43810,49350,63550,77790
41-1011,NE,7010,0.95,49310,34290,37750,45280,53060,70690
41-1011,NH,6610,1.34,58060,36290,44010,51650,63760,81070
41-1011,NJ,31160,1.01,60440,39200,46490,57320,70460,82750
41-1011,NM,7660,1.22,51030,34490,37770,46550,60250,72510
41-1011,NV,10500,0.94,52260,33360,37910,46900,60030,74980
41-1011,NY,50830,0.73,61870,38840,45800,58300,71950,88640
41-1011,OH,39110,0.98,48670,30410,35430,45680,58500,70400
41-1011,OK,15340,1.25,48960,28460,34380,45430,60010,75000
41-1011,OR,13940,0.98,56970,37530,44030,50660,64550,78630
41-1011,PA,40970,0.94,50300,30830,37500,46690,60070,73880
41-1011,RI,3880,1.07,61920,36950,46250,58570,74380,84020
41-1011,SC,19390,1.17,51400,29280,36780,47770,61000,76960
41-1011,SD,3660,1.11,61860,38270,45790,56680,72190,91620
41-1011,TN,26470,1.12,51960,28520,36440,47880,62380,76300
41-1011,TX,103410,1.02,49420,28780,34750,46280,60870,74840
41-1011,UT,10270,0.82,52980,34610,37630,47470,61840,76050
41-1011,VA,32250,1.09,53560,34330,38770,47990,61400,76220
41-1011,VT,2310,1.05,57060,39560,46550,55760,62880,76580
41-1011,WA,27640,1.08,64570,44890,49110,60750,75830,86860
41-1011,WI,17750,0.84,54360,35040,40660,49550,62800,76060
41-1011,WV,7420,1.47,44620,27870,32750,39740,53900,66210
41-1011,WY,3060,1.51,51420,30620,36170,45980,61430,77810
41-2011,AK,5810,0.9,37160,30780,34340,36130,37900,45430
41-2011,AL,46420,1.11,27830,21300,22690,28250,30970,34950
41-2011,AR,28270,1.09,28200,23320,23970,27670,30440,34630
41-2011,AZ,72570,1.13,35400,31020,31600,34600,36390,39500
41-2011,CA,336110,0.93,40060,34760,35800,37100,42390,48950
41-2011,CO,51670,0.9,38220,31490,34750,36870,39460,47000
41-2011,CT,30920,0.92,36900,34010,34630,35550,36790,39990
41-2011,DC,6060,0.43,42370,36400,37670,38880,44880,51640
41-2011,DE,11450,1.19,33880,31200,31200,33490,35520,37030
41-2011,FL,201370,1.02,32170,27690,28650,30530,34840,37650
41-2011,GA,97540,1,29040,22340,26150,29070,31330,35610
41-2011,HI,10780,0.86,38450,30310,33640,36780,42050,46380
41-2011,IA,41450,1.34,30200,22930,27570,28970,34750,36560
41-2011,ID,17200,1.01,31430,22400,28020,30370,35550,38440
41-2011,IL,139630,1.15,34950,31200,31200,34490,36380,38480
41-2011,IN,68350,1.07,30310,22630,27430,29670,34070,36690
41-2011,KS,33080,1.16,29070,22470,26670,28800,30920,35630
41-2011,KY,44550,1.12,28720,21720,24080,28590,31490,35550
41-2011,LA,46350,1.21,26860,19300,22130,26750,30170,34780
41-2011,MA,58880,0.81,36860,32180,34080,35520,37500,44020
41-2011,MD,49910,0.91,35250,31200,31580,34390,36430,39770
41-2011,ME,14240,1.12,35090,30770,31490,34930,36810,38890
41-2011,MI,92930,1.06,31410,26660,28080,29740,34280,36560
41-2011,MN,58190,0.99,34190,27880,29770,34620,36690,39520
41-2011,MO,69430,1.19,32810,28600,28980,30520,34390,37640
41-2011,MS,30490,1.32,26200,20240,21550,26390,29920,33750
41-2011,MT,12170,1.2,33420,23900,28510,34190,37360,41590
41-2011,NC,106440,1.08,29390,22450,26380,28880,32160,35810
41-2011,ND,9510,1.11,32700,27870,29630,31460,36090,37330
41-2011,NE,20650,1.01,31750,28080,29140,30250,34630,36070
41-2011,NH,17250,1.27,33380,27380,30060,33840,36110,38990
41-2011,NJ,107680,1.26,36370,32220,32640,34590,37190,43260
41-2011,NM,19020,1.1,32170,27460,28610,30120,34670,38050
41-2011,NV,30160,0.98,32630,25920,27450,29870,36510,39570
41-2011,NY,158890,0.83,37540,32600,34280,35500,37350,44850
41-2011,OH,103020,0.93,30160,23600,26940,29260,33490,36250
41-2011,OK,41140,1.21,27980,21730,23770,28180,30120,35050
41-2011,OR,37660,0.96,36710,30890,33130,35300,38200,45820
41-2011,PA,110950,0.92,29880,22270,26340,29220,34010,36280
41-2011,RI,9260,0.93,36640,31200,31480,34860,36560,47420
41-2011,SC,56550,1.23,28840,21730,24120,28530,31200,35970
41-2011,SD,12860,1.41,31320,27320,28190,29780,34670,36400
41-2011,TN,63350,0.97,28690,21410,23620,28590,31610,35780
41-2011,TX,245730,0.88,29920,22090,25820,29230,34100,36980
41-2011,UT,22940,0.67,32640,23530,28470,31600,36140,39320
41-2011,VA,83890,1.03,32140,27040,28460,30580,35000,37450
41-2011,VT,7030,1.16,35950,30590,31520,35720,37210,43810
41-2011,WA,61050,0.87,41930,35560,36470,38720,46260,51370
41-2011,WI,65380,1.12,31800,23400,28620,30880,35930,37570
41-2011,WV,17360,1.25,26550,21350,22220,26370,29670,33990
41-2011,WY,5840,1.05,31810,24820,28490,30810,35850,38530
41-2031,AK,7890,0.97,39890,30700,32160,37290,42350,51200
41-2031,AL,60880,1.15,33340,22670,27150,30040,36140,45310
41-2031,AR,35510,1.09,32350,23830,26980,29270,35350,39790
41-2031,AZ,93920,1.16,38190,30820,32480,35720,38050,47220
41-2031,CA,376460,0.82,42950,35240,36350,38440,45460,54310
41-2031,CO,76660,1.06,41540,32130,35740,37950,44460,49660
41-2031,CT,42410,1,40610,34150,35030,36490,39550,49850
41-2031,DC,4660,0.26,42380,36400,37820,38500,44230,49530
41-2031,DE,13400,1.1,37390,31200,31200,35360,38230,47420
41-2031,FL,333460,1.34,36000,28330,29460,34010,37070,46130
41-2031,GA,143120,1.17,33980,22590,27610,30840,36420,46430
41-2031,HI,19180,1.22,40520,30660,34990,37790,44840,49230
41-2031,IA,41000,1.05,34480,25220,28580,31360,36240,45900
41-2031,ID,20180,0.94,37340,26330,29120,35080,38930,49980
41-2031,IL,126610,0.83,38680,31200,32250,35370,37750,48010
41-2031,IN,83670,1.04,35200,23420,27720,31530,37260,46900
41-2031,KS,33360,0.93,34970,23100,28080,32180,36740,46730
41-2031,KY,51250,1.02,32570,22400,26190,29650,35760,43850
41-2031,LA,49570,1.02,32510,21940,26020,29490,36110,45280
41-2031,MA,86860,0.95,39970,33310,34960,36610,40510,47980
41-2031,MD,79320,1.15,37950,31200,33380,35510,37750,46130
41-2031,ME,18450,1.15,40050,31300,34720,36640,43270,49500
41-2031,MI,111010,1.01,37830,27770,29300,34640,37750,48320
41-2031,MN,74840,1.01,38380,28710,32970,36370,38640,48080
41-2031,MO,67140,0.91,36310,28600,29850,33460,36940,46610
41-2031,MS,38400,1.32,31150,22120,23480,28640,35300,41990
41-2031,MT,13490,1.05,38170,28620,30510,36270,43240,48680
41-2031,NC,127540,1.03,34230,23040,27720,31370,36930,46070
41-2031,ND,11320,1.05,38530,28140,30340,36040,39160,49820
41-2031,NE,22780,0.89,35220,28080,28950,31870,36860,46380
41-2031,NH,23880,1.39,39240,29590,31380,36200,40480,49710
41-2031,NJ,72530,0.68,41870,32220,34230,36520,44400,60210
41-2031,NM,23800,1.09,35500,27870,29320,33300,36680,45370
41-2031,NV,43920,1.13,36320,26930,28330,34190,37550,47270
41-2031,NY,238540,0.98,42580,33650,35670,37720,44130,58630
41-2031,OH,137370,0.99,34580,24210,28000,30800,36630,46020
41-2031,OK,43830,1.02,33060,22370,26220,29660,36350,45080
41-2031,OR,48090,0.98,40360,31720,34760,36770,43860,49090
41-2031,PA,141790,0.93,34530,23770,27820,31200,36700,46130
41-2031,RI,12830,1.02,37570,31200,31520,34860,37730,47060
41-2031,SC,67310,1.16,33790,22330,27280,30690,36340,45510
41-2031,SD,14180,1.24,39720,28190,29510,34370,41770,61720
41-2031,TN,87380,1.06,35010,23720,28070,31950,36660,47720
41-2031,TX,341640,0.97,34050,23330,27750,30800,36540,45080
41-2031,UT,47570,1.09,36740,26410,29050,33900,38040,49090
41-2031,VA,100290,0.97,36290,27540,29120,34240,37300,46590
41-2031,VT,8250,1.08,42450,31060,34530,37400,45710,55700
41-2031,WA,84850,0.95,43530,35860,37130,39560,45170,54660
41-2031,WI,67640,0.92,36400,27300,29100,34480,37810,47870
41-2031,WV,19050,1.08,31230,22260,25200,28950,35520,39520
41-2031,WY,8770,1.25,37070,24750,29100,34310,39240,54310
41-3011,AK,230,1.2,60580,30850,33830,43840,78280,111150
41-3011,AL,910,0.73,56280,22410,29320,50870,67700,106530
41-3011,AR,900,1.18,57650,28920,37920,49120,66610,96150
41-3011,AZ,1160,0.61,69300,35720,49090,62050,78960,103100
41-3011,CA,9620,0.9,90780,42260,56010,80360,104660,157130
41-3011,CO,1110,0.65,89370,38160,52070,73420,124830,164930
41-3011,CT,740,0.74,74910,34010,40600,61820,97640,140180
41-3011,DC,320,0.77,94310,58990,66740,75030,107810,176270
41-3011,DE,140,0.48,58300,37880,41000,52480,63140,85220
41-3011,FL,6420,1.1,69560,34680,45190,58420,78080,128120
41-3011,GA,3150,1.09,66370,29690,44130,58140,79740,117110
41-3011,HI,310,0.85,64540,40790,46910,61290,71940,92520
41-3011,IA,900,0.98,62460,30250,46860,58480,79190,92120
41-3011,ID,220,0.44,73570,28800,40050,53460,77200,158610
41-3011,IL,3790,1.05,79460,31200,47620,66290,99010,142870
41-3011,IN,1410,0.74,64070,28450,38720,57030,76640,103870
41-3011,KS,920,1.08,58950,27150,36880,48660,66250,90440
41-3011,KY,620,0.53,55630,27740,39150,51580,62960,93490
41-3011,LA,860,0.75,63820,25480,33910,48810,72050,100800
41-3011,MA,1480,0.69,90640,45130,61770,80500,126390,134820
41-3011,MD,880,0.54,78370,43130,50500,59830,82370,137590
41-3011,ME,400,1.06,65680,37600,42240,48780,78880,104990
41-3011,MI,2040,0.78,84030,40180,50180,64800,105950,134950
41-3011,MN,1750,1,75620,35340,49560,62660,97230,127710
41-3011,MO,1640,0.95,75940,37020,46750,61440,98500,128300
41-3011,MS,490,0.71,57410,24740,32610,46810,74970,100500
41-3011,MT,240,0.78,54710,28730,36750,46040,67990,84270
41-3011,NC,2220,0.76,,,,,,
41-3011,ND,260,1.01,60580,32180,38010,50110,75160,94440
41-3011,NE,1190,1.97,88100,32180,40940,62890,108180,180510
41-3011,NH,290,0.71,60710,30500,41660,54870,75590,101120
41-3011,NJ,2110,0.84,79150,37760,48930,69620,95020,125890
41-3011,NM,300,0.59,54290,28920,34990,45620,71230,93560
41-3011,NV,580,0.64,,,,,,
41-3011,NY,13570,2.37,111380,49560,67300,98360,134140,178600
41-3011,OH,3220,0.98,59610,31200,36760,50410,77320,96840
41-3011,OK,700,0.69,73180,27460,35840,57670,95210,173050
41-3011,OR,960,0.83,74320,35820,44200,62810,92830,106330
41-3011,PA,4260,1.19,67570,35770,44170,58350,80340,115950
41-3011,RI,340,1.14,64380,39470,43680,48040,80080,104550
41-3011,SC,1770,1.3,76080,25750,42430,68200,102570,147110
41-3011,SD,390,1.46,65300,39010,46820,60190,78740,95670
41-3011,TN,1820,0.94,50950,28200,31290,40910,59130,82960
41-3011,TX,6230,0.75,65860,31710,43430,60280,75790,99710
41-3011,UT,1110,1.08,87110,38470,43820,74260,116750,155120
41-3011,VT,160,0.91,62680,35220,41600,58750,73930,102570
41-3011,WA,3510,1.67,111590,52510,74820,101320,134240,183700
41-3011,WI,1290,0.75,74080,37950,48660,63270,83510,118740
41-3011,WV,290,0.71,49720,20580,29450,44700,63390,93170
41-3011,WY,150,0.89,62600,28900,35970,47290,74850,123310
41-3021,AK,540,0.54,62800,38080,49800,50500,72140,88190
41-3021,AL,7430,1.14,94880,36540,47740,65510,103100,184800
41-3021,AR,4580,1.14,70310,34300,40950,56720,79830,122530
41-3021,AZ,11870,1.19,71340,40300,48040,61560,79740,104290
41-3021,CA,41160,0.73,93660,38560,49370,76120,104860,165430
41-3021,CO,9530,1.08,85540,42450,49360,68730,100600,158690
41-3021,CT,5230,1,93540,42670,53600,74840,103320,161690
41-3021,DC,,**,119380,48570,60460,84530,126750,222460
41-3021,DE,1220,0.81,62100,35950,45160,46710,76990,100050
41-3021,FL,47560,1.55,73370,37180,46010,59790,79420,124830
41-3021,GA,18030,1.2,88140,36340,45980,61850,99430,161690
41-3021,HI,1070,0.56,74370,38750,57930,64170,79440,107990
41-3021,IA,6840,1.42,75460,37590,45770,60140,82080,126840
41-3021,ID,3200,1.21,73740,37400,47740,58510,94860,112600
41-3021,IL,16360,0.87,84680,37020,46780,64280,98370,160130
41-3021,IN,10440,1.06,80870,37890,48850,61360,94710,128380
41-3021,KS,6360,1.44,83920,38020,46800,60370,103980,153520
41-3021,KY,6210,1.01,92780,32160,46260,60880,81000,144780
41-3021,LA,7100,1.19,65570,35140,43480,55440,79540,103560
41-3021,MA,9940,0.89,103070,57620,72850,79300,109390,163380
41-3021,MD,5700,0.67,76220,39050,45170,58300,79700,133160
41-3021,ME,2240,1.14,71300,47370,49920,62920,78860,106990
41-3021,MI,12160,0.9,77260,38350,47890,61900,88390,131180
41-3021,MN,10010,1.1,100270,49350,59940,78640,104170,161030
41-3021,MO,10030,1.11,72410,31200,41960,58990,81960,127150
41-3021,MS,3210,0.9,67790,31910,37420,47930,78080,104480
41-3021,MT,2090,1.32,78070,42260,50110,62040,83200,120430
41-3021,NC,20540,1.35,72330,36000,43980,58710,78430,124900
41-3021,ND,1460,1.1,89710,46770,57400,71220,96540,161130
41-3021,NE,6160,1.95,75040,37500,48300,61590,93740,125930
41-3021,NH,2320,1.1,85100,46580,54330,74370,102310,144310
41-3021,NJ,11370,0.86,102460,49330,60060,81640,124460,169770
41-3021,NM,2200,0.82,59040,29290,36500,45180,71000,99340
41-3021,NV,4200,0.88,60800,37970,42060,49100,65380,87690
41-3021,NY,22420,0.75,101750,37790,55810,78110,125350,173750
41-3021,OH,16250,0.95,77010,37720,47290,61260,81040,123370
41-3021,OK,5310,1.01,65290,35630,38360,47920,77580,102130
41-3021,OR,5370,0.89,79110,44660,48230,61680,85440,123800
41-3021,PA,19390,1.04,88590,39770,48870,73370,100350,163970
41-3021,RI,1700,1.1,95270,48100,61210,79930,123080,169090
41-3021,SC,8220,1.16,78730,35140,44990,61350,94850,154650
41-3021,SD,1870,1.33,82200,49090,57870,71990,99600,131540
41-3021,TN,7610,0.75,71520,37130,44710,57120,77360,122040
41-3021,TX,47060,1.09,70390,30140,39740,51180,83460,128590
41-3021,UT,4620,0.86,76740,35270,45960,61230,95070,132090
41-3021,VA,9480,0.75,74300,36310,46380,60520,80590,133100
41-3021,VT,730,0.78,83700,51070,60900,70720,82980,118890
41-3021,WA,10500,0.96,77450,44140,48570,61040,85900,128680
41-3021,WI,7860,0.87,94630,47430,57080,79450,107990,163380
41-3021,WV,1430,0.66,59560,29420,34280,45480,75260,106490
41-3021,WY,850,0.98,84690,43310,54780,71830,99550,136380
41-3031,AK,260,0.25,113400,50570,59260,76360,101180,281730
41-3031,AL,4710,0.71,68020,38460,45430,49230,72890,132130
41-3031,AR,2330,0.57,83200,38360,46350,54660,80060,131020
41-3031,AZ,14600,1.43,95520,48860,51560,74840,102600,137800
41-3031,CA,55860,0.97,105570,50520,60340,79730,127930,197200
41-3031,CO,12360,1.37,94260,46930,58790,67010,104440,171880
41-3031,CT,5730,1.07,133480,51310,61470,98560,174180,283730
41-3031,DC,1500,0.68,103280,51830,58000,72010,131170,215070
41-3031,DE,2300,1.51,105470,48420,53290,83750,135010,184960
41-3031,FL,42600,1.36,87300,47750,50740,62770,101100,160760
41-3031,GA,14950,0.97,89690,46900,50170,59990,98900,169180
41-3031,HI,420,0.21,97360,47260,49900,57590,79520,268080
41-3031,IA,2300,0.47,89100,46140,49340,64290,100110,163510
41-3031,ID,1690,0.63,84790,48520,50930,64620,100760,148010
41-3031,IL,27920,1.45,119200,50330,63320,99840,156700,209840
41-3031,IN,6460,0.64,96200,46370,53070,68290,108150,176240
41-3031,KS,2310,0.51,90360,46650,56620,75810,100020,136150
41-3031,KY,5340,0.85,76640,45640,49020,59110,83100,127820
41-3031,LA,4130,0.68,79230,36800,43080,48040,75550,173680
41-3031,MA,14510,1.27,124600,50540,66020,100310,161030,219190
41-3031,MD,8420,0.97,82610,50300,51950,61660,94340,133200
41-3031,ME,690,0.34,86740,49100,52680,59970,102300,177170
41-3031,MI,7160,0.52,99120,46640,56970,73480,105240,172680
41-3031,MN,8820,0.95,136060,50600,58700,83350,133270,320440
41-3031,MO,8770,0.95,101500,47620,58810,78500,106340,194070
41-3031,MS,1950,0.53,59170,37110,38330,46680,53800,93420
41-3031,MT,430,0.27,,,,,,
41-3031,NC,21890,1.41,96990,46660,50410,74040,110030,178630
41-3031,ND,740,0.54,100030,45510,48740,63670,103270,234590
41-3031,NE,2150,0.67,112800,50300,62660,82560,124990,203600
41-3031,NH,1530,0.71,103270,49770,57600,78930,139630,177440
41-3031,NJ,15230,1.13,109890,50850,58880,82420,132270,212840
41-3031,NM,1690,0.62,87070,48920,50680,60850,93800,145280
41-3031,NV,3140,0.64,77880,50070,51800,61490,84050,126960
41-3031,NY,55630,1.82,185400,59960,101860,168340,233800,329460
41-3031,OH,13520,0.77,91810,47540,51570,73300,100660,168100
41-3031,OK,2310,0.43,112240,37680,50450,76080,126950,220130
41-3031,OR,2900,0.47,100880,49700,54720,76710,124950,170640
41-3031,PA,15510,0.81,91740,47720,53050,71840,103900,166280
41-3031,RI,1780,1.13,,,,,,
41-3031,SC,7230,1,79840,43630,48170,55390,93510,164130
41-3031,SD,730,0.51,111920,47750,47960,86780,127980,226210
41-3031,TN,11370,1.1,79370,38980,47550,58050,83540,145230
41-3031,TX,41640,0.94,107450,48160,51390,78470,130950,214220
41-3031,UT,4520,0.83,80410,48230,56930,64660,89150,127050
41-3031,VA,11320,0.87,100790,48450,50910,62910,104580,167130
41-3031,VT,240,0.26,107190,54370,78570,88280,135290,201350
41-3031,WA,8770,0.78,90440,47820,58750,75510,101480,154620
41-3031,WI,5980,0.65,96160,48600,58070,74010,102430,157770
41-3031,WV,930,0.42,63110,37270,45710,50050,62570,108450
41-3031,WY,280,0.32,,,,,,
41-3041,AK,190,1.62,51210,44670,46540,47650,59260,61860
41-3041,AL,380,0.5,49940,38910,44790,47640,57410,63240
41-3041,AR,180,0.38,42540,35870,36390,36600,45180,61880
41-3041,AZ,1100,0.96,55750,33390,44600,51800,63030,80760
41-3041,CA,4760,0.74,55120,38720,45670,51030,58760,74970
41-3041,CO,1100,1.08,59200,42930,48370,56570,62500,80660
41-3041,CT,650,1.08,63810,42060,48890,60640,71970,86630
41-3041,DC,160,0.65,63740,37600,47410,61560,75400,84540
41-3041,DE,210,1.24,,,,,,
41-3041,FL,9430,2.68,54630,35060,39260,50060,63540,77970
41-3041,GA,2300,1.33,50200,30170,35630,48880,60050,76700
41-3041,HI,580,2.59,55520,29120,31880,47560,65140,94990
41-3041,IA,290,0.53,46950,32710,36470,45440,57360,62180
41-3041,ID,220,0.73,49960,28520,29990,48110,57700,84070
41-3041,IL,2120,0.98,53680,37200,44540,49090,59240,77630
41-3041,IN,640,0.57,51900,31000,36310,48530,59930,84240
41-3041,KS,250,0.5,55380,38100,46080,53600,60040,78810
41-3041,KY,220,0.32,58170,36520,44120,49370,58860,113740
41-3041,LA,310,0.45,45560,30850,33920,35970,47040,82200
41-3041,MA,1810,1.41,58810,35520,46200,56450,66300,80500
41-3041,MD,360,0.36,48710,32160,38550,49160,57540,61950
41-3041,ME,120,0.54,,,,,,
41-3041,MI,1150,0.74,48440,36820,39090,46250,58500,62530
41-3041,MN,890,0.85,52330,30860,35170,47260,71830,81100
41-3041,MO,1500,1.44,47460,28600,31180,45460,57130,64760
41-3041,MS,160,0.39,53210,34200,39630,49050,59990,87570
41-3041,MT,200,1.11,58660,30230,46500,61330,68480,88230
41-3041,NC,1250,0.71,57940,35170,45560,56180,63810,87540
41-3041,ND,150,0.97,48690,34920,37440,44740,59710,75440
41-3041,NE,240,0.67,47600,36220,37220,49690,55260,59320
41-3041,NH,130,0.55,50560,30780,42860,47190,60470,62780
41-3041,NJ,1660,1.09,59240,36140,45900,61090,73370,77560
41-3041,NM,120,0.4,41330,26290,30640,44700,46500,48630
41-3041,NV,,**,65270,42420,63400,63400,63400,63400
41-3041,NY,3180,0.92,61270,36680,47990,55580,73480,95780
41-3041,OH,1140,0.58,49980,34580,37920,46000,59530,63370
41-3041,OK,600,0.99,37570,21120,21120,36980,47410,56020
41-3041,OR,620,0.89,57030,47600,48800,56810,63400,72490
41-3041,PA,1470,0.68,53630,27450,40520,47720,61620,78190
41-3041,RI,250,1.43,59320,40370,45950,59790,76710,79990
41-3041,SC,680,0.83,41640,26120,30550,34560,49600,62150
41-3041,SD,200,1.2,47540,36700,37990,44510,58330,61840
41-3041,TN,540,0.47,55210,42400,46580,55640,63810,69180
41-3041,TX,4310,0.86,52330,31740,42550,49500,62060,70090
41-3041,UT,440,0.72,54700,35210,37970,56670,63680,74440
41-3041,VA,1050,0.72,49300,30140,35430,45260,59400,75910
41-3041,VT,120,1.15,58560,36270,50150,60560,64010,84690
41-3041,WA,1710,1.36,60690,45190,48010,55260,61750,92390
41-3041,WI,810,0.77,47030,28720,37530,47080,57030,60360
41-3041,WV,250,1,42340,29130,37880,44760,45010,50820
41-3041,WY,50,0.5,48050,28020,36150,48030,53850,76850
41-4012,AK,910,0.35,67500,41600,49570,56830,77300,100500
41-4012,AL,20470,1.22,75900,38090,48090,64140,89840,127370
41-4012,AR,12740,1.23,70500,29630,38590,55120,83270,132200
41-4012,AZ,19400,0.75,82110,39260,50650,72390,97150,139250
41-4012,CA,134800,0.93,88460,43200,56460,76490,104870,152760
41-4012,CO,27530,1.2,91500,47620,59630,79250,110930,149890
41-4012,CT,9870,0.73,82710,46340,54900,75570,102940,126430
41-4012,DC,560,0.1,92960,46500,60390,80010,105670,157920
41-4012,DE,2920,0.76,74720,43420,48650,62280,93260,123260
41-4012,FL,92920,1.18,75920,36780,46810,62490,91170,127960
41-4012,GA,43630,1.12,78630,35830,48240,63860,92210,134350
41-4012,HI,3280,0.66,73180,37700,47830,59010,80670,124990
41-4012,IA,16990,1.37,76490,39960,50580,66760,90350,124590
41-4012,ID,7210,1.06,74660,36380,48170,64840,87530,119240
41-4012,IL,51310,1.06,83240,44130,56070,73510,99580,134030
41-4012,IN,32350,1.27,80290,37810,49870,71330,98290,136120
41-4012,KS,12630,1.1,79710,39990,49800,68960,97490,131620
41-4012,KY,15550,0.98,77540,36030,47400,64280,94590,133090
41-4012,LA,19120,1.24,72840,34380,45170,63290,93840,122050
41-4012,MA,22700,0.78,93750,47940,63550,79810,108200,157000
41-4012,MD,9070,0.41,82750,44170,55110,73080,98250,135160
41-4012,ME,3320,0.65,73200,42690,50540,63960,80700,107460
41-4012,MI,40960,1.17,81650,39740,51060,72980,100380,136050
41-4012,MN,31230,1.33,85730,46680,59490,76750,100630,136840
41-4012,MO,21960,0.94,73970,35110,47460,61940,84980,125280
41-4012,MS,7000,0.76,68000,30930,41750,59320,80560,110080
41-4012,MT,3510,0.86,71070,39060,47110,61670,78430,107800
41-4012,NC,49110,1.25,83500,38200,48750,70990,100240,144310
41-4012,ND,4180,1.22,82320,45060,57550,74250,98620,131750
41-4012,NE,8550,1.05,74860,40830,50500,64030,84510,118560
41-4012,NH,4940,0.91,93400,42490,50690,72790,102160,138460
41-4012,NJ,34360,1.01,99790,47910,59950,79410,123920,169820
41-4012,NM,3660,0.53,70330,37010,45450,61320,82860,115060
41-4012,NV,8970,0.73,79340,36500,48550,68150,94940,133600
41-4012,NY,61500,0.8,90910,47070,59860,79590,106010,156400
41-4012,OH,58740,1.33,84580,39850,51720,73960,101090,149870
41-4012,OK,14220,1.05,74060,29240,42710,62160,93440,134360
41-4012,OR,15020,0.96,80530,45360,55300,74180,95650,123780
41-4012,PA,51270,1.06,80220,38980,49540,66130,97930,132420
41-4012,RI,4870,1.22,102080,44550,58950,82420,132730,190140
41-4012,SC,22010,1.2,80830,36250,48220,64250,100470,142370
41-4012,SD,5220,1.43,81270,49070,61060,77210,95960,125590
41-4012,TN,23850,0.91,75490,34350,46990,61630,95490,128130
41-4012,TX,95670,0.85,80040,36380,47820,65970,98970,137020
41-4012,UT,13900,1.01,74740,35770,47940,61980,86160,125390
41-4012,VA,22570,0.69,80860,37800,48960,63400,94310,148700
41-4012,VT,1890,0.78,83500,50620,59010,76840,101100,127400
41-4012,WA,27340,0.97,94920,51260,62850,79830,108310,148610
41-4012,WI,37700,1.61,79420,39060,51580,65930,95150,130510
41-4012,WV,3220,0.58,75790,36960,45810,63560,82510,122190
41-4012,WY,1480,0.66,85830,44790,51340,72530,101380,166850
41-9022,AK,170,0.42,88330,52420,71390,89170,103540,123120
41-9022,AL,1580,0.6,80820,24750,38890,60890,89400,236210
41-9022,AR,1640,1.01,55080,24600,30640,38180,86260,100800
41-9022,AZ,5610,1.39,70070,35160,41250,58780,94330,113460
41-9022,CA,17500,0.77,67570,40150,45520,57560,78250,111320
41-9022,CO,6120,1.71,73650,37040,37040,63670,95360,128220
41-9022,CT,,**,62640,39820,42850,46770,67710,92100
41-9022,DC,590,0.67,99500,38450,44180,123770,123770,129760
41-9022,DE,900,1.49,58630,34220,36950,47180,58240,103140
41-9022,FL,26790,2.17,73600,31190,39330,49310,79990,153200
41-9022,GA,9940,1.63,65250,30220,36980,46730,73880,130460
41-9022,HI,690,0.89,61130,36030,43810,46220,64890,101750
41-9022,IA,680,0.35,,,,,,
41-9022,ID,1170,1.09,46650,21120,30280,39820,54690,79440
41-9022,IL,6030,0.79,57260,35830,38060,59220,61790,79750
41-9022,IN,3680,0.92,57030,27550,37790,46880,61990,82270
41-9022,KS,1450,0.81,47960,30190,36990,39770,51000,83760
41-9022,KY,1120,0.45,63180,34320,39570,58610,76040,105000
41-9022,LA,1940,0.8,51560,20210,31110,45850,62350,86590
41-9022,MA,4530,1,,,,,,
41-9022,MD,2940,0.86,67460,37370,43070,52630,77990,99990
41-9022,ME,740,0.93,64840,30920,33780,56930,78630,114130
41-9022,MI,2210,0.4,64380,31590,40140,57880,78190,104170
41-9022,MN,2530,0.69,61420,36150,42240,46410,62070,108040
41-9022,MO,1590,0.44,56080,30160,37180,43960,63600,104770
41-9022,MS,670,0.46,52680,20950,29050,39550,61290,94500
41-9022,MT,370,0.58,89580,49010,67590,79100,91170,194630
41-9022,NC,7960,1.3,74610,27940,39740,51240,99890,126380
41-9022,ND,,**,72320,36500,38200,73920,91120,115920
41-9022,NE,1400,1.1,56920,34380,47070,47240,61710,90530
41-9022,NH,240,0.28,70160,43950,47020,57620,84990,97780
41-9022,NJ,,**,92310,47130,63000,99990,111990,124990
41-9022,NM,550,0.51,85520,38340,56880,76170,111390,151560
41-9022,NV,1490,0.77,83470,28340,46740,79990,106190,153680
41-9022,NY,8660,0.72,112730,48350,58030,102990,156810,178710
41-9022,OH,5130,0.74,59310,29990,36460,46240,59290,96840
41-9022,OK,3710,1.75,69060,27480,35160,47980,73220,120690
41-9022,OR,1940,0.79,65740,37100,40960,61610,81400,105020
41-9022,PA,5510,0.73,65330,31500,46500,56040,78840,95760
41-9022,RI,,**,64260,38840,41890,60310,68530,122430
41-9022,SC,4930,1.72,79100,36530,39990,56580,97470,189590
41-9022,SD,640,1.13,69510,45970,47960,65170,77070,110160
41-9022,TN,2360,0.58,57350,32160,36210,46250,77400,92010
41-9022,TX,22250,1.27,63610,29110,36920,45740,74660,120050
41-9022,UT,4240,1.97,53610,30290,37120,50720,60090,82790
41-9022,VA,5750,1.13,72040,36610,43120,63980,94050,122100
41-9022,VT,70,0.18,,,,,,
41-9022,WA,5150,1.17,84480,48680,63010,79130,100360,114090
41-9022,WI,5680,1.55,64190,37960,45210,58120,72000,96780
41-9022,WV,370,0.43,61300,32180,40590,59050,76400,97470
41-9022,WY,300,0.85,52450,30930,30940,49990,62930,87430
43-1011,AK,5690,1.89,71710,47990,59600,69840,80750,98220
43-1011,AL,20140,1.03,64050,39470,47730,60360,76540,93560
43-1011,AR,13630,1.13,61170,38600,46500,58100,70970,86580
43-1011,AZ,31930,1.07,68370,45410,53640,64250,79250,95020
43-1011,CA,149230,0.89,82290,50870,62660,77590,97080,121650
43-1011,CO,26100,0.98,79750,49990,61850,76600,95590,112250
43-1011,CT,24420,1.56,81270,52090,62770,78200,97470,116420
43-1011,DC,4080,0.63,86820,55060,62480,79200,101770,131400
43-1011,DE,5480,1.22,77790,48860,60830,75220,93640,107880
43-1011,FL,93850,1.02,70380,43720,51930,64360,80520,101670
43-1011,GA,42630,0.94,70590,43930,52400,64620,81860,101900
43-1011,HI,10090,1.74,67290,44020,49990,63080,78350,98010
43-1011,IA,10190,0.71,68130,43680,51130,64400,80130,97710
43-1011,ID,8360,1.06,64740,40680,49990,61390,76240,91590
43-1011,IL,42400,0.75,73140,46780,55530,69010,84600,103770
43-1011,IN,21780,0.74,73050,46150,55650,69490,84840,104190
43-1011,KS,12010,0.9,68540,45140,52560,64000,79170,96270
43-1011,KY,19670,1.06,67370,41350,48560,63180,80470,99330
43-1011,LA,20810,1.16,60130,37780,46010,57180,71560,85350
43-1011,MA,34520,1.03,79530,51020,62200,76770,94900,107490
43-1011,MD,27860,1.09,75660,46850,58680,74140,88920,104140
43-1011,ME,6000,1.01,71220,47130,56960,67530,82780,98050
43-1011,MI,30690,0.75,69330,44830,52490,64720,81340,98770
43-1011,MN,21690,0.8,77820,49920,61600,76440,91050,106100
43-1011,MO,22360,0.82,68660,42090,49730,63050,79960,100300
43-1011,MS,13680,1.27,61890,38030,46000,58380,73720,90210
43-1011,MT,4030,0.85,66010,45240,51940,62550,75540,91580
43-1011,NC,35830,0.78,67440,43880,51020,62340,79090,97900
43-1011,ND,1830,0.46,72440,43220,53830,68720,85090,103210
43-1011,NE,9930,1.05,65390,44990,51420,61980,76310,87840
43-1011,NH,7600,1.2,76240,48960,58650,73250,90200,107810
43-1011,NJ,55210,1.39,80250,49620,61220,76640,96890,116440
43-1011,NM,8330,1.03,65850,40540,49950,62640,77960,92410
43-1011,NV,14380,1,68590,45140,52170,63090,78590,98720
43-1011,NY,83110,0.93,84100,55240,64060,79170,99490,124450
43-1011,OH,45070,0.88,68520,44740,52140,64220,79250,97170
43-1011,OK,19860,1.26,65730,39580,48330,60870,77810,97610
43-1011,OR,12200,0.67,75150,49280,60600,74300,85220,102540
43-1011,PA,56600,1.01,69690,45000,54150,65270,80520,97560
43-1011,RI,5090,1.1,77180,50850,60900,76030,89870,102720
43-1011,SC,26710,1.25,69070,43570,49930,62920,80010,99680
43-1011,SD,1750,0.42,64100,42940,53350,62530,74610,83490
43-1011,TN,49870,1.65,72130,43650,52370,66390,84840,103790
43-1011,TX,160600,1.24,71410,43320,51160,64940,82700,103540
43-1011,UT,18890,1.18,73160,44720,53680,66900,84170,105990
43-1011,VA,35160,0.93,72870,45670,54900,67170,84600,104530
43-1011,VT,1710,0.61,69920,49930,59600,68790,78920,91920
43-1011,WA,31790,0.97,84380,56900,66180,79480,97590,120710
43-1011,WI,22950,0.84,74120,47590,58670,70560,84330,102440
43-1011,WV,6900,1.07,57160,37830,44940,53660,64180,80310
43-1011,WY,1980,0.76,64650,42810,50970,63050,75640,87890
43-3031,AK,4580,1.59,57640,40000,47270,56430,64360,76800
43-3031,AL,19890,1.07,44940,30460,36390,44640,50680,60250
43-3031,AR,12510,1.09,45050,28130,36020,42840,51100,62230
43-3031,AZ,22690,0.79,52860,37440,44980,50590,59550,68170
43-3031,CA,151870,0.94,60830,41600,48600,59230,70600,81990
43-3031,CO,26140,1.03,56560,37250,46400,54000,64170,77540
43-3031,CT,14930,1,61690,43450,49840,59970,70710,81740
43-3031,DC,1790,0.29,67650,47140,55280,65180,77700,94320
43-3031,DE,4600,1.07,53880,38130,44980,51780,61620,71410
43-3031,FL,88670,1.01,52590,36680,42890,49330,59960,72260
43-3031,GA,38700,0.9,51270,32810,40410,49350,60010,71810
43-3031,HI,5220,0.94,50720,35760,42340,48730,58790,65090
43-3031,IA,14020,1.02,50100,33240,41140,48180,57540,66490
43-3031,ID,9540,1.26,51260,34690,40770,48310,58660,72870
43-3031,IL,51470,0.96,51860,32360,42680,49560,60130,71480
43-3031,IN,29910,1.06,49730,33010,39970,47820,57770,66960
43-3031,KS,15380,1.21,47900,32130,39310,47290,56480,64130
43-3031,KY,23480,1.33,48190,30090,37450,46550,56610,66930
43-3031,LA,18980,1.11,46560,28760,35990,44890,54170,65220
43-3031,MA,29110,0.91,60460,40760,49160,59830,69110,81080
43-3031,MD,18170,0.74,55950,39500,45990,53540,63040,75600
43-3031,ME,7390,1.31,53800,40000,45100,50510,60210,69990
43-3031,MI,37550,0.97,51430,36250,42740,48980,58530,67480
43-3031,MN,26850,1.03,55280,37800,46970,54600,62640,73450
43-3031,MO,21400,0.83,50790,34570,40220,47990,58140,68180
43-3031,MS,12160,1.18,44480,28210,34890,42840,51080,62390
43-3031,MT,6980,1.54,48870,34270,40510,47270,55790,63980
43-3031,NC,48760,1.12,49780,33710,39870,47930,58060,67290
43-3031,ND,4290,1.13,51660,37340,44750,49710,58990,66040
43-3031,NE,10050,1.11,47970,33060,39000,47110,54900,62460
43-3031,NH,7180,1.19,53520,36400,44980,52450,61140,72260
43-3031,NJ,37550,0.99,59120,41000,48400,58300,67270,78910
43-3031,NM,7780,1.01,50410,35660,40170,48080,58280,70890
43-3031,NV,15180,1.11,52780,36650,43800,50380,60290,71890
43-3031,NY,84280,0.98,59930,39880,47400,58160,69330,81990
43-3031,OH,45140,0.92,51020,36110,42360,48810,58720,67330
43-3031,OK,16490,1.09,48040,31530,38050,46180,56360,66100
43-3031,OR,21710,1.25,55460,37750,45730,54060,62930,74600
43-3031,PA,48920,0.91,50860,34960,41840,48440,58910,69570
43-3031,RI,4570,1.03,56270,39880,46800,53280,63160,76210
43-3031,SC,19980,0.98,49980,33370,39810,47940,58240,68870
43-3031,SD,10200,2.52,46630,35730,39370,46340,52000,59140
43-3031,TN,37680,1.3,50230,35000,40330,48180,58460,67730
43-3031,TX,122400,0.98,51690,33480,40710,48910,60320,72810
43-3031,UT,12650,0.82,51160,35910,41600,49440,59670,66580
43-3031,VA,31990,0.88,53740,36610,44420,51620,62230,72860
43-3031,VT,2950,1.1,56750,41720,47850,54720,63420,74970
43-3031,WA,32930,1.05,60090,45070,49830,58620,66400,77630
43-3031,WI,25960,1,51720,36350,44580,50340,59380,65460
43-3031,WV,7620,1.23,43850,30890,36450,42890,49520,58560
43-3031,WY,3480,1.4,49910,33850,39880,47910,57510,67710
43-4051,AK,2410,0.44,47440,35990,38560,45150,52730,62840
43-4051,AL,33290,0.94,41290,29920,34370,38400,46500,55670
43-4051,AR,20680,0.95,41390,30150,33830,37840,46630,56630
43-4051,AZ,87020,1.61,47550,35140,37880,45690,51610,62970
43-4051,CA,176850,0.58,54640,38110,44200,49560,61510,75700
43-4051,CO,38770,0.81,50230,36510,40380,47540,57420,66040
43-4051,CT,24490,0.86,51860,37290,40460,48090,60010,73650
43-4051,DC,7550,0.64,53850,37440,40400,48250,62560,77120
43-4051,DE,7470,0.92,51700,36080,39310,48190,59910,75970
43-4051,FL,228000,1.38,43950,31620,36400,40440,47860,59770
43-4051,GA,97850,1.2,42940,29340,34460,39630,48120,60270
43-4051,HI,8010,0.76,47130,33860,38120,45650,51620,64130
43-4051,IA,30100,1.16,47740,32450,37880,46090,54880,64540
43-4051,ID,18770,1.31,44820,29990,36110,43200,49340,62190
43-4051,IL,100970,0.99,48950,33590,37680,46130,58050,71400
43-4051,IN,44630,0.84,45360,31060,36090,43140,50320,62620
43-4051,KS,29200,1.22,43100,29730,34860,40320,48410,59870
43-4051,KY,38630,1.16,42440,29440,35290,38700,47800,59810
43-4051,LA,25780,0.8,39340,28440,31960,37330,44770,51010
43-4051,MA,49990,0.82,52750,35440,41500,49120,61090,74880
43-4051,MD,37740,0.82,46100,32600,36430,42830,50490,64000
43-4051,ME,7560,0.71,48300,35930,38340,47160,51420,63490
43-4051,MI,71310,0.97,45870,30670,36150,43950,50060,63830
43-4051,MN,53340,1.08,51750,35730,41330,48800,59810,72830
43-4051,MO,50530,1.03,46470,31980,36480,44190,51040,63890
43-4051,MS,20860,1.07,38820,28970,31520,36380,44510,49540
43-4051,MT,4910,0.57,47000,35100,39500,45290,50120,62250
43-4051,NC,89510,1.09,43450,30200,34960,40240,48590,59820
43-4051,ND,5750,0.8,47640,34190,38580,44670,54060,68350
43-4051,NE,15340,0.9,45100,34210,37250,43940,49810,59400
43-4051,NH,12750,1.12,49560,33950,38040,47300,58310,66280
43-4051,NJ,59690,0.83,51030,35520,39410,47740,59070,72040
43-4051,NM,16950,1.17,42600,31060,35890,39030,47070,56480
43-4051,NV,32110,1.24,42720,29340,35740,40560,47390,57930
43-4051,NY,141090,0.87,52740,36270,40360,48000,60280,76280
43-4051,OH,85930,0.93,46870,31340,37440,45610,52510,63210
43-4051,OK,34460,1.21,41740,28620,34400,38650,46920,58050
43-4051,OR,19440,0.59,49390,36710,41360,47450,55660,64130
43-4051,PA,94340,0.93,46260,31430,36760,44630,51750,63370
43-4051,RI,7890,0.94,49730,36160,41600,47550,57530,65010
43-4051,SC,51000,1.33,42390,29720,34940,38860,47090,59300
43-4051,SD,6120,0.8,42940,31050,36470,40650,48290,55680
43-4051,TN,59730,1.09,44300,31100,36130,42830,48670,60070
43-4051,TX,337170,1.44,43220,29320,35420,40420,48300,59590
43-4051,UT,44490,1.54,44570,32940,37120,43140,49370,59550
43-4051,VA,59850,0.87,44960,31210,35940,42730,49940,61350
43-4051,VT,2870,0.57,50250,35140,40630,47500,58340,66530
43-4051,WA,39760,0.67,54140,39290,44780,50330,61330,73610
43-4051,WI,50840,1.04,48770,34260,38780,46970,56600,63650
43-4051,WV,9860,0.84,42430,29590,34440,38430,48500,56970
43-4051,WY,2110,0.45,44080,29760,36610,42340,49130,59790
43-6014,AK,5390,1.51,49510,35360,41760,48530,58910,64620
43-6014,AL,45050,1.94,43060,29170,35580,41630,49120,59090
43-6014,AR,8590,0.6,39890,28540,31720,37630,46210,55060
43-6014,AZ,31220,0.88,50130,36420,40510,47940,55860,67980
43-6014,CA,158630,0.79,57710,38060,46390,55400,65400,78170
43-6014,CO,29120,0.92,50700,37300,42840,48690,58170,64960
43-6014,CT,22650,1.22,58390,40700,47630,57210,66050,78300
43-6014,DC,11800,1.53,61270,39480,47370,59910,73340,84290
43-6014,DE,6320,1.19,49140,35930,40230,47970,58600,64170
43-6014,FL,104000,0.95,48730,33380,37840,45900,53340,63340
43-6014,GA,44430,0.83,43340,26330,32130,41600,52090,62090
43-6014,HI,7020,1.02,52870,38480,43920,50830,60410,68120
43-6014,IA,12830,0.75,45770,33880,38040,45150,51070,60760
43-6014,ID,7570,0.8,43920,29890,36770,43710,49350,58820
43-6014,IL,74280,1.11,52070,31930,39050,48310,61180,76790
43-6014,IN,20100,0.57,44770,31220,36860,44270,50050,60160
43-6014,KS,32120,2.04,43340,30340,35960,42270,49380,58690
43-6014,KY,18420,0.84,44840,30470,36970,44200,51370,60470
43-6014,LA,28040,1.32,40370,26680,31840,38790,46710,56340
43-6014,MA,37750,0.95,58380,41510,48150,57940,64240,78400
43-6014,MD,54890,1.81,50790,35360,41030,48680,59290,67070
43-6014,ME,6740,0.96,51220,39530,44750,49820,57570,63470
43-6014,MI,40830,0.84,47710,33360,38350,46020,53090,63950
43-6014,MN,31330,0.97,52690,38080,44860,51400,60540,66830
43-6014,MO,33180,1.03,44750,30890,36750,43540,49930,60270
43-6014,MS,14720,1.15,39590,25770,30430,37340,46490,57870
43-6014,MT,4520,0.8,43420,30430,37210,43940,48450,55970
43-6014,NC,43690,0.81,46200,31720,38100,45790,51870,61750
43-6014,ND,5800,1.23,47420,34920,40270,47480,53880,60780
43-6014,NE,16240,1.44,47820,35900,39710,46760,54080,62130
43-6014,NH,9050,1.21,49000,34380,40880,48080,56680,63690
43-6014,NJ,65960,1.4,52910,36150,43200,50260,61370,72180
43-6014,NM,25430,2.66,47380,33870,38200,46450,55720,61820
43-6014,NV,16790,0.99,48160,34180,39440,46570,54500,63210
43-6014,NY,122490,1.15,51490,37330,43920,49600,59100,64840
43-6014,OH,54790,0.9,47360,32130,38170,46230,53710,63150
43-6014,OK,20120,1.07,41070,27110,32230,39660,48310,56630
43-6014,OR,23150,1.07,54070,38480,45460,51740,61020,70320
43-6014,PA,65310,0.98,46570,32040,37980,46270,53090,61800
43-6014,RI,5200,0.95,53790,38000,44770,52140,61630,72800
43-6014,SC,30180,1.19,45010,29100,36880,44880,52420,61660
43-6014,SD,6120,1.22,42030,31200,36280,41700,47670,51480
43-6014,TN,34580,0.96,46140,29660,37040,45810,54000,63130
43-6014,TX,149650,0.97,45850,29810,36030,45140,53540,63020
43-6014,UT,14870,0.78,47530,31600,37930,47050,55260,63850
43-6014,VA,31580,0.7,49720,34040,39040,47620,57600,66700
43-6014,VT,3360,1.01,50160,39330,44340,48920,56620,61740
43-6014,WA,31710,0.81,58130,43250,48840,57330,64620,74750
43-6014,WI,28100,0.87,48830,36680,42360,47710,56030,61940
43-6014,WV,8820,1.15,41990,28820,34090,40370,47920,57970
43-6014,WY,2250,0.73,45890,35140,38760,45450,50310,61150
43-9061,AK,3440,0.67,53410,37320,43320,51890,62610,72800
43-9061,AL,13130,0.39,33370,20770,25240,31200,38020,47940
43-9061,AR,29940,1.45,39270,25400,30580,37050,45560,55050
43-9061,AZ,52710,1.03,49100,34650,38230,46420,55950,65880
43-9061,CA,311490,1.08,51880,36190,40430,48460,60110,73220
43-9061,CO,31770,0.7,56890,38160,46340,53550,65100,78930
43-9061,CT,23190,0.86,50660,35570,40630,48280,58410,66790
43-9061,DC,5670,0.51,57730,39350,46530,55040,65570,75960
43-9061,DE,7230,0.94,44210,31200,33840,42740,51680,59550
43-9061,FL,189700,1.21,46530,30880,36070,44450,53950,65110
43-9061,GA,75390,0.97,42400,27770,34460,40590,48680,58510
43-9061,HI,12930,1.3,44880,31050,36600,42340,50840,62040
43-9061,IA,23120,0.94,45080,29660,36180,44310,51830,61410
43-9061,ID,20790,1.53,45520,29530,36910,44830,51390,63190
43-9061,IL,95980,0.99,48250,31560,37060,45730,55260,68490
43-9061,IN,58480,1.15,45320,28510,36010,44520,52310,63920
43-9061,KS,2130,0.09,37330,20340,22570,32370,49480,60170
43-9061,KY,29750,0.94,39310,22640,30430,37870,46760,56750
43-9061,LA,31790,1.04,34470,20920,25400,32480,39500,49520
43-9061,MA,47940,0.83,51980,35750,42350,49940,60150,69770
43-9061,MD,27290,0.62,50570,33650,38580,47270,59330,72800
43-9061,ME,11260,1.11,46460,34430,38950,45300,50500,60010
43-9061,MI,88030,1.26,45880,30880,36490,44820,52920,62090
43-9061,MN,55530,1.19,49410,33710,40080,47840,57720,66170
43-9061,MO,56050,1.2,45250,29900,35190,42370,50940,62710
43-9061,MS,17600,0.95,36250,21410,27520,34900,42800,52780
43-9061,MT,10390,1.28,48420,32200,38630,46480,57150,65090
43-9061,NC,67930,0.87,43140,27660,34520,41770,49900,60170
43-9061,ND,8440,1.24,52730,33590,42680,50160,62100,74740
43-9061,NE,10000,0.62,39620,28430,32170,37820,45740,51930
43-9061,NH,12740,1.18,50640,32550,40060,49020,59650,71470
43-9061,NJ,65130,0.96,51060,34810,39510,48570,59190,71230
43-9061,NM,11880,0.86,38790,27750,31820,37130,43920,52000
43-9061,NV,20430,0.83,46540,29640,36780,45460,55280,64760
43-9061,NY,134280,0.87,48010,34270,36840,45890,54280,64800
43-9061,OH,89310,1.02,44880,27770,34910,43680,52000,63190
43-9061,OK,31870,1.18,39080,21960,29750,37240,46680,57990
43-9061,OR,27980,0.9,51180,36120,42340,49910,58790,67370
43-9061,PA,107500,1.12,45550,29640,36910,44950,52690,62480
43-9061,RI,7700,0.97,49950,34050,39670,47830,58930,66930
43-9061,SC,42250,1.16,37970,19570,28900,36840,45620,56430
43-9061,SD,1720,0.24,39100,28390,31380,38560,45110,51080
43-9061,TN,49880,0.96,41290,26780,32130,38860,47750,58570
43-9061,TX,218470,0.98,41810,24570,30750,39000,48720,61190
43-9061,UT,36470,1.33,45820,28600,35500,44060,53660,65320
43-9061,VA,66550,1.02,48220,31710,37600,46410,56780,66110
43-9061,VT,5100,1.06,49740,36940,41720,48310,55990,63750
43-9061,WA,49050,0.87,53940,38600,44700,50500,61320,73140
43-9061,WI,51440,1.1,45040,27130,36730,44980,51580,61760
43-9061,WV,9430,0.85,36560,24160,28800,35020,42770,51010
43-9061,WY,6670,1.5,45250,29030,35610,42840,52710,64260
45-1011,AL,590,1.55,65400,40390,50180,60710,77310,97180
45-1011,AR,240,1.02,58320,36300,47120,62790,72090,72610
45-1011,AZ,480,0.83,68730,44210,51540,64900,79520,94930
45-1011,CA,10450,3.19,61320,38900,45440,56280,74200,91370
45-1011,CO,640,1.24,68180,41200,48770,66030,84540,95630
45-1011,CT,60,0.2,63100,50760,54660,59460,67820,80540
45-1011,DE,70,0.78,68440,51310,54470,66550,78120,95010
45-1011,FL,940,0.52,61450,36660,43730,58780,74190,90460
45-1011,GA,770,0.87,71200,42800,51920,70560,82460,98560
45-1011,HI,230,2.06,57890,41360,52300,60050,64000,69650
45-1011,IA,360,1.3,65820,38480,47350,59150,72380,95630
45-1011,ID,530,3.47,66600,37190,49700,69360,77510,98350
45-1011,IL,510,0.46,64340,31210,43690,59030,85780,97500
45-1011,IN,220,0.38,74990,49970,60100,75460,91480,97930
45-1011,KS,270,1.05,56040,26980,46170,58670,68780,79460
45-1011,KY,320,0.9,64550,37040,46720,62030,80270,93380
45-1011,LA,490,1.4,63670,44020,50630,59020,67950,95970
45-1011,MA,390,0.6,63020,46160,54300,59640,75100,80500
45-1011,MD,200,0.39,63080,38660,48930,62230,76380,90170
45-1011,ME,100,0.9,70820,52180,60740,64290,84540,93070
45-1011,MI,500,0.63,59010,39050,45930,55460,64690,82430
45-1011,MN,230,0.43,79670,50690,56850,81480,94100,108700
45-1011,MO,430,0.81,61560,42460,49440,60950,70810,79270
45-1011,MS,440,2.13,65600,40320,52060,60890,79200,95440
45-1011,MT,260,2.82,63480,38470,50140,64990,75920,84460
45-1011,NC,560,0.64,60840,34220,49350,58700,68440,95780
45-1011,NE,90,0.52,63530,43680,47130,62620,76500,84530
45-1011,NH,40,0.35,78900,49420,61940,74420,98730,105670
45-1011,NJ,270,0.35,63310,42170,48740,57240,74350,89740
45-1011,NM,220,1.4,56320,40680,45700,50160,64960,76940
45-1011,NV,130,0.48,59900,36600,44200,61180,71780,79890
45-1011,NY,520,0.3,68890,51700,59940,66460,74640,85700
45-1011,OH,380,0.38,57150,35170,46480,54940,63440,87030
45-1011,OK,220,0.71,61920,35730,48450,62040,72380,87370
45-1011,OR,840,2.37,61060,39290,49480,57940,73150,88920
45-1011,PA,530,0.49,61780,41670,52730,58570,73110,87860
45-1011,RI,60,0.61,59990,49900,49930,53770,61570,86380
45-1011,SC,370,0.9,61720,46460,51690,56730,73720,87510
45-1011,SD,110,1.28,60790,51800,53770,57880,68310,73070
45-1011,TN,170,0.29,55970,37410,41360,52960,66550,77660
45-1011,TX,1150,0.45,56660,36810,43000,53170,62980,82000
45-1011,UT,160,0.5,60980,42480,45760,52760,75880,87050
45-1011,VA,670,0.91,60900,40710,48550,56990,70920,89470
45-1011,VT,40,0.66,69940,47840,59020,68630,84300,92890
45-1011,WA,1220,1.92,67890,43590,49660,66200,79810,94430
45-1011,WI,330,0.62,63090,38480,47280,62610,76030,92940
45-1011,WV,70,0.54,56580,43770,48770,53190,61290,72520
45-1011,WY,40,0.83,59010,41440,41440,59640,74180,74370
45-2011,AL,290,1.49,44960,31450,31450,39300,54580,67340
45-2011,AR,410,3.37,43440,37490,39440,42060,44820,48810
45-2011,AZ,160,0.52,46710,37440,37440,45700,52820,55780
45-2011,CA,2340,1.39,60610,38150,41980,53620,77550,93100
45-2011,CO,280,1.06,56080,45250,48780,50430,57550,73340
45-2011,DE,90,1.9,59570,43080,48970,51590,76820,82930
45-2011,FL,520,0.57,46110,35360,36090,43990,50340,63270
45-2011,GA,1390,3.06,43310,31050,36770,41460,46510,58160
45-2011,HI,90,1.53,62110,41970,49860,60650,68270,83050
45-2011,IA,560,3.87,56410,45590,48160,49600,61610,78890
45-2011,ID,280,3.57,49120,34990,38040,48650,56240,64770
45-2011,IL,470,0.83,64360,44130,48510,62000,75130,93590
45-2011,IN,480,1.63,52150,34110,41860,48560,60430,74740
45-2011,KS,190,1.39,54570,37600,43890,51630,63270,75360
45-2011,KY,270,1.48,51190,36480,42710,46640,59030,67200
45-2011,LA,150,0.85,64510,49940,55420,63130,69420,83780
45-2011,MA,70,0.2,58920,38890,44250,46510,75250,89960
45-2011,MD,150,0.6,59960,40200,48570,58160,70660,78860
45-2011,ME,110,1.77,47320,37610,37610,41760,56470,66480
45-2011,MI,320,0.79,70600,49460,55410,65730,85180,92600
45-2011,MN,180,0.67,75380,53290,63270,77150,84910,97860
45-2011,MO,450,1.66,48540,37960,40090,46220,53870,61110
45-2011,MS,190,1.79,40740,29870,36570,39960,41810,45600
45-2011,NC,290,0.64,49920,34250,41450,47760,55250,68700
45-2011,ND,80,2.02,61780,39630,47280,57590,63110,73600
45-2011,NE,370,3.91,53490,40880,47060,55090,58210,64940
45-2011,NJ,60,0.16,53160,35630,35630,41520,69580,79210
45-2011,NM,170,2.15,53930,36820,45830,52450,59180,66870
45-2011,NV,50,0.36,49880,39270,39270,39270,61600,79750
45-2011,NY,340,0.38,72980,44030,64990,73920,82640,95570
45-2011,OH,210,0.41,66520,51810,58160,69280,71860,79440
45-2011,OK,170,1.05,52000,38910,45810,53060,58010,70820
45-2011,OR,110,0.59,54350,43450,48420,53060,55660,68040
45-2011,PA,520,0.92,59560,45620,48660,55650,69910,80480
45-2011,SC,90,0.44,52630,37110,44840,49940,61610,67200
45-2011,TN,410,1.33,49440,40580,44110,47840,51580,61110
45-2011,TX,590,0.45,57610,40330,43160,49940,69240,83150
45-2011,UT,120,0.76,53690,41290,41290,53930,64520,67200
45-2011,VA,380,0.99,51130,41640,44670,47380,56980,64360
45-2011,VT,60,2.2,67050,54660,57870,63630,74420,87070
45-2011,WA,450,1.36,62740,46740,51580,62880,71140,80640
45-2011,WI,220,0.79,55380,42900,45450,53640,61170,68160
45-2011,WY,150,5.57,40000,31190,34120,36670,40350,60910
45-2021,AL,60,3.17,45970,25190,26860,53200,63930,64600
45-2021,CA,410,2.6,66550,47400,55120,59280,73320,94450
45-2021,MN,170,6.65,49200,38480,47630,47900,49340,56310
45-2021,NE,40,4.23,41690,39530,39710,40220,42660,43210
45-2021,NY,140,1.72,52410,41360,46530,48350,58720,73660
45-2021,OH,80,1.77,82540,43110,49300,68980,111150,140850
45-2021,SD,40,10.72,44170,38480,43260,44850,45980,48750
45-2021,TX,60,0.46,52370,32970,44380,48410,62100,73260
45-2021,WI,40,1.63,49890,42900,42900,51130,54390,59170
45-2041,AL,840,2.46,34350,30330,32720,35390,35950,36580
45-2041,AR,1650,7.84,35580,32750,33640,35310,36780,38190
45-2041,AZ,170,0.31,35200,30770,30770,31700,38560,44020
45-2041,CA,5750,1.95,37350,34320,34870,36330,37790,42170
45-2041,CO,230,0.5,45110,30960,34300,48740,52790,55510
45-2041,FL,880,0.55,29490,27040,27040,27470,29640,35360
45-2041,GA,1700,2.14,35470,25870,32970,35450,37540,42390
45-2041,IA,170,0.68,46550,39240,41460,42450,49200,55740
45-2041,ID,600,4.33,31890,23710,25150,27680,39830,45590
45-2041,IL,220,0.23,42760,36270,37390,41670,45780,46910
45-2041,KS,160,0.7,37980,24860,24860,38170,48820,54680
45-2041,KY,160,0.51,35290,28490,30840,37300,37330,37400
45-2041,LA,280,0.9,35400,26050,28300,36090,36870,52830
45-2041,MA,40,0.06,38880,31200,34110,41770,41960,45500
45-2041,MD,430,0.97,47350,32960,35000,41740,60460,63970
45-2041,ME,40,0.35,44010,35490,40420,45810,45860,46670
45-2041,MI,100,0.14,42990,30910,34910,39180,47210,63640
45-2041,MN,30,0.07,47490,38310,47440,47540,48260,52440
45-2041,MO,530,1.11,37300,33990,33990,35800,38690,39050
45-2041,MS,1140,6.04,25090,15940,15950,30140,31550,33950
45-2041,NC,450,0.57,34740,23830,33960,34720,35840,40930
45-2041,ND,260,3.69,45020,36720,38710,45590,47840,53970
45-2041,NE,330,1.99,47830,34780,43430,45560,54960,62930
45-2041,NJ,,**,37210,33330,33330,37880,38910,38910
45-2041,NM,90,0.66,30710,27320,27320,30480,31880,35700
45-2041,OH,100,0.11,36090,22260,28490,38500,40730,47020
45-2041,OK,260,0.96,35920,26380,34700,34700,37320,46410
45-2041,OR,730,2.3,35060,29650,30020,34660,37170,44200
45-2041,PA,970,0.99,39240,35760,35760,38430,39450,44590
45-2041,SC,230,0.63,35120,30310,32640,34510,36820,40330
45-2041,SD,380,5.07,41090,30140,37490,39900,47860,48720
45-2041,TN,640,1.21,37670,34670,36090,36880,40340,41450
45-2041,TX,1950,0.86,36440,29280,34460,36090,38260,42910
45-2041,UT,100,0.37,42370,37220,42710,42710,44030,44030
45-2041,VA,230,0.35,37270,34600,34600,34860,37650,44110
45-2041,WA,2830,4.93,36230,34650,34650,34950,35770,39360
45-2041,WI,110,0.24,34310,23170,23780,33250,43270,46730
45-4011,AR,30,0.67,47140,37520,41490,47310,48790,58440
45-4011,CA,2270,3.2,42980,36080,43680,43680,43680,45760
45-4011,CO,110,1,42460,31190,34230,37690,50870,61550
45-4011,CT,40,0.66,40370,34010,34010,34010,37220,55390
45-4011,FL,70,0.17,38230,35160,35350,36780,37370,50120
45-4011,GA,160,0.85,42930,23430,27050,34150,46220,79070
45-4011,HI,60,2.58,57470,48930,56330,56330,60320,64390
45-4011,IA,40,0.59,45490,28580,30110,33600,66100,72880
45-4011,ID,,**,54650,38480,52000,59460,60320,60530
45-4011,LA,150,1.93,40730,30270,34100,39900,47330,52740
45-4011,MA,120,0.87,53730,35160,43340,51890,65390,73470
45-4011,MN,30,0.27,40730,35780,35920,39590,39590,55160
45-4011,MO,120,1.09,40200,36750,36750,37170,45050,45360
45-4011,MT,,**,40280,32600,32600,32600,49630,52320
45-4011,NC,50,0.24,,,,,,
45-4011,NJ,40,0.23,45100,33280,37440,41600,47710,56910
45-4011,NM,30,0.99,36830,34530,34950,36370,40690,40690
45-4011,NV,,**,41100,34810,35760,35760,48980,51570
45-4011,OH,160,0.73,49270,31590,45700,48470,57840,64980
45-4011,OR,70,0.97,49570,38470,39230,46010,57260,63110
45-4011,PA,210,0.9,51830,43740,46780,50250,56370,62290
45-4011,SC,40,0.48,45390,37260,39460,44050,48990,58890
45-4011,SD,490,27.54,41060,34380,37470,38210,44690,50640
45-4011,TN,210,1.62,38580,31200,31200,40320,41410,44430
45-4011,TX,,**,30990,30470,30470,30470,30470,32720
45-4011,VA,,**,52750,40600,43400,54560,62400,62400
45-4011,WA,460,3.34,45310,37310,41610,44430,45760,57720
45-4011,WI,300,2.58,41130,33110,33780,36420,52620,53680
45-4022,AL,1860,6.5,48550,29180,37390,47810,59420,65560
45-4022,AR,1280,7.26,48830,28990,39770,48280,57790,65000
45-4022,CA,950,0.39,74210,50370,60890,61940,73470,126510
45-4022,CO,70,0.18,56440,42170,48750,49620,57510,87930
45-4022,FL,770,0.57,49960,37440,46850,49370,50240,62760
45-4022,GA,1620,2.45,49850,33560,37280,45080,60540,74520
45-4022,ID,560,4.86,59610,42660,47400,56490,65950,77550
45-4022,IL,40,0.05,62930,39990,42260,71100,78170,92490
45-4022,IN,150,0.35,46350,36360,42130,46320,49500,58110
45-4022,KY,300,1.11,37120,20800,25320,30230,48940,51460
45-4022,LA,770,2.96,57400,43410,49260,58600,60770,78530
45-4022,MA,,**,52170,48040,48960,48960,49420,74010
45-4022,MD,60,0.15,51400,31200,41000,47530,63400,67800
45-4022,ME,830,9.56,48200,39250,44110,44780,52350,58870
45-4022,MI,860,1.44,50510,38320,44810,47610,58470,62190
45-4022,MN,320,0.81,54110,46800,47730,58590,59190,59760
45-4022,MO,140,0.35,47540,34730,39100,41770,55970,76620
45-4022,MS,1220,7.77,47520,35550,37820,49620,50980,60150
45-4022,MT,190,2.72,59620,47490,48620,56530,59860,89800
45-4022,NC,990,1.48,52040,37800,44720,48420,58410,78010
45-4022,NH,170,1.87,52560,29060,46490,51540,60150,72370
45-4022,NY,290,0.22,50460,36770,39810,47540,58340,65670
45-4022,OH,260,0.34,49400,39020,43930,50590,56160,58280
45-4022,OK,130,0.54,43540,31460,37220,37270,49560,57880
45-4022,OR,1860,6.98,59670,47580,51660,58720,62670,74620
45-4022,PA,360,0.44,47000,31050,37960,46880,57500,60500
45-4022,SC,920,2.94,49980,37910,44430,47650,54650,65320
45-4022,SD,50,0.88,55770,45170,48530,58740,59130,59330
45-4022,TN,400,0.9,45240,30460,35670,46310,48340,61310
45-4022,TX,500,0.26,56190,32280,46400,62890,64070,72770
45-4022,VA,570,1.02,46840,30980,35420,46090,49150,72220
45-4022,VT,60,1.58,53020,35140,52300,52910,56430,68140
45-4022,WA,1150,2.38,73980,61300,65430,75140,77480,83750
45-4022,WI,480,1.2,47520,33220,43360,46360,52000,62090
45-4022,WV,310,3.29,42510,29270,32140,36130,50750,63590
45-4022,WY,40,0.93,44400,23990,32970,49650,60890,61280
47-1011,AK,2690,1.58,106430,61530,81760,102140,126680,158480
47-1011,AL,13580,1.23,71050,44860,55640,64120,80340,105030
47-1011,AR,6590,0.97,65690,45150,50840,61230,75040,89020
47-1011,AZ,21550,1.27,80070,57760,64670,78550,94150,102980
47-1011,CA,71750,0.75,103760,60690,76740,97680,128690,156530
47-1011,CO,21380,1.42,87220,59740,70720,81230,100650,122770
47-1011,CT,6980,0.79,93030,63660,77960,92260,103740,123790
47-1011,DC,1420,0.39,93780,64310,75920,86520,108320,127920
47-1011,DE,2590,1.02,84520,59630,64840,81100,100000,116670
47-1011,FL,69830,1.35,79200,49920,60490,75790,95200,118300
47-1011,GA,26770,1.05,81870,51170,61960,78430,95830,119750
47-1011,HI,2890,0.88,103000,64570,84470,102630,121490,132550
47-1011,IA,9660,1.19,80500,56660,63900,78510,95930,105960
47-1011,ID,6730,1.5,78390,54700,62260,75550,93400,104430
47-1011,IL,19340,0.61,103450,62500,82550,105750,124460,132590
47-1011,IN,16450,0.98,86470,57990,67450,82530,99980,120730
47-1011,KS,8940,1.19,80330,52810,61520,76780,94750,113460
47-1011,KY,9620,0.92,74220,46750,59390,73490,85110,99630
47-1011,LA,14070,1.39,76740,49920,59660,75360,90050,104400
47-1011,MA,18330,0.96,100030,67660,79960,97850,120330,134820
47-1011,MD,15400,1.07,83960,57190,64270,78760,99340,121840
47-1011,ME,3130,0.94,80170,55350,63310,77290,93720,108750
47-1011,MI,16660,0.72,82990,57140,64670,78180,97620,119990
47-1011,MN,13580,0.88,94970,59360,75790,97610,109770,128380
47-1011,MO,13330,0.87,88490,57240,71650,87520,106040,120280
47-1011,MS,7040,1.16,72400,45930,54400,66910,82040,103750
47-1011,MT,4350,1.63,79770,56960,64150,76910,94330,103140
47-1011,NC,32460,1.26,77320,51040,61430,75270,89610,104850
47-1011,ND,4350,1.94,94560,60320,66440,81370,116990,146860
47-1011,NE,6020,1.13,76900,50440,61520,75570,91030,105210
47-1011,NH,3590,1.01,86940,57600,66780,81220,99170,124720
47-1011,NJ,16230,0.72,107160,63210,79970,105510,131710,153940
47-1011,NM,6790,1.49,80930,47370,59090,75130,94890,131250
47-1011,NV,9680,1.19,90360,57730,66660,81990,108410,130860
47-1011,NY,29600,0.58,98910,61240,74920,95700,121860,140210
47-1011,OH,23640,0.82,82100,57850,65530,79580,96140,107060
47-1011,OK,11520,1.29,76850,46400,55380,73040,95070,120240
47-1011,OR,7890,0.77,106350,64450,78410,103070,129170,154170
47-1011,PA,26860,0.85,89590,58430,66940,81540,102810,133140
47-1011,RI,2060,0.79,97550,58240,76730,98590,122110,131890
47-1011,SC,13150,1.09,77790,52220,60790,75350,91320,105840
47-1011,SD,2360,0.99,78970,60200,67400,77690,87790,97940
47-1011,TN,17770,1.04,76830,49000,59190,74470,93130,108320
47-1011,TX,90010,1.22,76630,48000,58830,74520,89680,109460
47-1011,UT,14270,1.57,81000,54870,63310,77280,94150,114400
47-1011,VA,24970,1.16,81790,54340,63010,78640,96150,117500
47-1011,VT,1010,0.64,88960,61870,72780,82490,102180,124420
47-1011,WA,19550,1.05,115800,73410,85790,109570,137920,167120
47-1011,WI,15150,0.99,87010,54840,68430,85350,102050,122880
47-1011,WV,5380,1.47,86780,51220,62440,80060,103770,127180
47-1011,WY,3270,2.23,86670,57000,64000,78250,102910,127170
47-2021,AL,370,0.52,50630,37870,39470,49710,57310,61240
47-2021,AR,450,1.02,52700,39170,46060,55100,59670,62370
47-2021,AZ,1190,1.09,60830,49080,52090,59260,64210,75040
47-2021,CA,3820,0.62,73120,49440,58730,69050,79580,108200
47-2021,CO,870,0.89,63860,46180,51230,65260,75120,77420
47-2021,CT,480,0.84,71590,54840,58240,67960,87540,87550
47-2021,DC,200,0.86,75410,62140,63950,64450,83760,101140
47-2021,DE,200,1.24,69950,52350,56010,66550,83450,84390
47-2021,FL,2610,0.78,54980,37430,44370,52760,62410,70250
47-2021,GA,,**,54220,34600,37440,50650,68430,74450
47-2021,HI,120,0.58,76720,44200,47450,79250,90940,98130
47-2021,IA,290,0.54,65890,48480,53610,69440,76120,78980
47-2021,ID,320,1.09,64240,46030,52710,62510,75970,78780
47-2021,IL,2490,1.21,84830,47200,62450,89980,102260,109670
47-2021,IN,1770,1.64,68420,46760,56980,73110,80210,90020
47-2021,KS,330,0.68,61760,40930,48480,59220,77860,82080
47-2021,KY,780,1.15,58140,36650,45060,59820,68800,77920
47-2021,LA,240,0.37,54990,46500,47940,57440,60790,62200
47-2021,MA,1570,1.28,99860,59940,76280,94950,133490,136860
47-2021,MD,1650,1.77,56620,37980,46980,59030,62400,70640
47-2021,ME,90,0.4,51000,38400,40160,42710,59340,73130
47-2021,MI,2240,1.5,67860,48400,55430,63500,81050,90930
47-2021,MN,1040,1.04,91330,65420,84880,95220,98810,100980
47-2021,MO,1940,1.95,67990,47610,58620,72370,79550,85630
47-2021,MS,160,0.41,48330,33450,37220,48820,52640,60040
47-2021,MT,140,0.81,55560,34790,48340,56030,61760,77600
47-2021,NC,1760,1.06,50590,38270,45300,49940,57620,61590
47-2021,ND,150,1.01,71680,51640,57500,79940,82350,91750
47-2021,NE,350,1,59520,44670,54120,61200,65000,72500
47-2021,NH,140,0.6,66240,47390,53270,66890,75340,78840
47-2021,NJ,520,0.36,83470,49680,61550,77010,103700,111640
47-2021,NM,270,0.9,47440,36160,39750,44980,49710,59530
47-2021,NV,810,1.55,59550,46580,50300,60670,64010,77150
47-2021,NY,3790,1.16,90940,60470,74160,84410,107600,127980
47-2021,OH,2770,1.48,69390,46260,57320,70950,79860,83790
47-2021,OK,580,1,54170,40350,45450,50620,59230,68680
47-2021,OR,650,0.98,82130,52550,66360,79450,99070,102400
47-2021,PA,2910,1.42,74050,49690,59440,69560,86920,102760
47-2021,RI,220,1.28,81960,51900,57130,79280,107970,111180
47-2021,SC,410,0.52,53210,35710,45450,49010,61680,77960
47-2021,SD,320,2.05,61030,44000,47100,60380,66080,86020
47-2021,TN,1050,0.94,63280,46610,54340,63850,72910,75640
47-2021,TX,4300,0.9,54140,43860,48480,56410,59430,60940
47-2021,UT,1590,2.71,59730,40550,49660,60450,70400,78280
47-2021,VA,2350,1.69,54790,39360,46550,54680,60630,66250
47-2021,VT,100,0.93,61710,50950,57410,59590,63600,76420
47-2021,WA,600,0.5,85420,55240,73090,83190,102140,113100
47-2021,WI,1050,1.06,78140,47110,61550,80120,96970,100360
47-2021,WV,210,0.88,49610,30750,41430,46600,62410,64600
47-2021,WY,230,2.39,63540,49640,56420,60040,72800,77780
47-2031,AK,2560,1.82,80460,49060,59770,73860,94150,151530
47-2031,AL,5560,0.61,49490,34430,40410,48220,56390,63140
47-2031,AR,4030,0.72,51350,36400,41460,47760,57510,70550
47-2031,AZ,16230,1.16,58980,38830,47890,58580,69820,75950
47-2031,CA,100750,1.28,78810,47490,59740,75920,95830,119950
47-2031,CO,12740,1.03,66190,47020,51940,62830,74430,90740
47-2031,CT,5160,0.71,68680,49140,57540,64060,80820,88000
47-2031,DC,1540,0.51,65990,47840,57160,61710,75250,80720
47-2031,DE,2250,1.08,62690,45160,48560,59200,75380,81320
47-2031,FL,39300,0.92,52560,36910,44540,49870,59880,69950
47-2031,GA,9190,0.44,50290,34890,42210,49350,58250,63470
47-2031,HI,4810,1.78,87480,52760,66380,85280,110980,115900
47-2031,IA,5770,0.86,57640,39040,47640,57710,65910,76540
47-2031,ID,8380,2.27,56080,36850,45250,52000,62920,75710
47-2031,IL,19570,0.74,80320,39890,56160,79000,106950,117660
47-2031,IN,15240,1.1,64950,45510,49940,62870,76850,90700
47-2031,KS,5210,0.84,59460,38860,47830,56960,66730,88090
47-2031,KY,8540,0.99,54820,36760,45940,52680,61260,72960
47-2031,LA,8990,1.08,51600,34100,43730,49920,59740,69310
47-2031,MA,18540,1.18,79680,48230,60770,75200,97520,122880
47-2031,MD,9770,0.82,69040,43930,52220,62960,76810,94970
47-2031,ME,5170,1.87,63300,47130,52960,62160,72800,78240
47-2031,MI,18590,0.98,62140,44550,49500,61680,72990,81860
47-2031,MN,14930,1.17,70320,46590,55240,64930,84410,99130
47-2031,MO,14410,1.14,65000,38700,47520,60840,80570,96310
47-2031,MS,2950,0.59,49280,34670,38420,48650,52480,63440
47-2031,MT,4030,1.83,59640,43010,49590,58820,67530,77140
47-2031,NC,13480,0.63,50510,35620,42150,49100,58810,63160
47-2031,ND,2360,1.28,57980,43860,48820,57890,63550,76760
47-2031,NE,5710,1.29,54960,38920,45270,50320,62580,72800
47-2031,NH,3760,1.28,64100,45500,50170,61200,73760,92410
47-2031,NJ,14230,0.77,71990,43680,51220,64010,80430,121490
47-2031,NM,3630,0.97,57430,40100,47150,59720,63310,77790
47-2031,NV,12700,1.9,69250,41670,50440,62380,81400,102360
47-2031,NY,40630,0.97,75970,46860,57330,72330,89820,122400
47-2031,OH,18450,0.77,62590,42290,48720,60810,75860,81140
47-2031,OK,3820,0.52,49610,34670,40280,46910,53510,64940
47-2031,OR,15110,1.78,70880,43800,50450,62870,93380,106360
47-2031,PA,30630,1.17,63220,42970,47850,59370,74700,92110
47-2031,RI,2580,1.19,64320,47840,52300,60840,75750,89670
47-2031,SC,6950,0.7,55350,36010,43620,50670,62610,79040
47-2031,SD,4560,2.32,51330,37720,42190,48140,60060,65890
47-2031,TN,8200,0.58,53990,37460,46520,50830,59900,66450
47-2031,TX,33540,0.55,50990,36980,44690,48900,57780,65920
47-2031,UT,15220,2.03,55360,36560,45830,52360,62810,75170
47-2031,VA,20460,1.16,55390,38230,46460,55690,61340,74250
47-2031,VT,3080,2.35,62000,47840,52260,62400,64420,76850
47-2031,WA,26960,1.76,79170,52330,60630,74190,92660,119920
47-2031,WI,13880,1.09,65300,45110,49750,61660,79310,93040
47-2031,WV,3670,1.21,50540,35900,38180,48710,60190,70060
47-2031,WY,2260,1.87,59350,44710,48760,56850,61950,80800
47-2041,AK,70,2.35,70380,46740,72040,76790,76960,79310
47-2041,AL,190,1.01,46780,30090,35200,46600,54410,69050
47-2041,AR,50,0.39,38370,25850,30070,37390,42500,52320
47-2041,AZ,260,0.92,51770,43780,46100,47920,53630,56610
47-2041,CA,2270,1.41,59640,38380,41740,54440,72800,80560
47-2041,CO,190,0.76,55700,46260,50540,51280,62790,75800
47-2041,CT,40,0.26,55540,39480,45760,49230,62730,76890
47-2041,DE,70,1.7,53590,36310,47870,50350,61200,61220
47-2041,FL,550,0.63,49300,36000,38020,48580,53280,65140
47-2041,GA,530,1.23,50860,34340,38690,48260,59400,72670
47-2041,HI,,**,56840,46920,47730,58710,60100,62140
47-2041,IA,,**,57390,39150,44660,55920,72600,74720
47-2041,ID,170,2.23,49740,37980,42290,51550,55410,56240
47-2041,IL,580,1.08,65210,37890,43190,49480,97120,116300
47-2041,IN,190,0.66,50930,37950,45660,49640,55810,63340
47-2041,KS,70,0.58,61430,50390,55270,57920,62390,81110
47-2041,KY,130,0.74,42270,27710,30360,37800,53870,61530
47-2041,LA,100,0.58,48200,37160,44220,49400,53510,56750
47-2041,MA,,**,50470,45350,47630,47930,49580,65750
47-2041,MD,250,1.02,59400,39170,53030,57030,61260,85220
47-2041,MI,470,1.21,52560,29210,37460,48790,63080,78730
47-2041,MN,,**,81180,56730,81350,85910,85910,88660
47-2041,MO,230,0.89,68170,47380,49010,63960,90330,100810
47-2041,MS,180,1.79,39910,27550,35850,36590,46030,56350
47-2041,MT,150,3.22,41430,27820,40670,43840,44860,47750
47-2041,NC,180,0.41,,,,,,
47-2041,NE,,**,66420,39480,44060,50600,100510,125010
47-2041,NH,60,1.01,66460,50720,54660,65600,79630,89490
47-2041,NJ,390,1.03,97430,48790,64590,115180,120810,128130
47-2041,NM,60,0.79,52690,34960,42640,52700,63570,69850
47-2041,NV,710,5.15,62380,39350,42690,67040,79080,83510
47-2041,NY,710,0.82,52490,32240,34670,52160,63880,74150
47-2041,OH,310,0.63,57750,40920,44930,54370,70490,74700
47-2041,OK,50,0.32,42680,38870,40280,42490,42790,45020
47-2041,OR,520,3,59130,32900,47150,57800,75770,82290
47-2041,PA,490,0.92,48320,36390,39300,46030,59610,66820
47-2041,SC,80,0.37,39780,29920,32170,33810,51270,51270
47-2041,SD,80,1.95,42490,35220,36520,40420,45850,49510
47-2041,TN,50,0.18,66250,52340,57920,74510,75590,79440
47-2041,TX,810,0.65,53140,31510,36520,43610,63100,81220
47-2041,UT,240,1.54,47390,31620,33720,44480,61740,71490
47-2041,VA,210,0.57,53880,27860,32490,48920,74820,79340
47-2041,VT,30,1.11,56230,49400,51540,54830,62400,65370
47-2041,WA,470,1.5,66510,43490,46270,54830,64560,138980
47-2041,WI,420,1.6,59640,37860,49330,60830,65170,80430
47-2041,WV,50,0.73,39560,24390,30490,36220,46320,56770
47-2051,AK,240,0.55,100010,84450,92210,92960,113020,123880
47-2051,AL,2110,0.75,45600,34890,37350,44720,54830,60240
47-2051,AR,1900,1.1,45700,34260,37840,46230,49640,59340
47-2051,AZ,7520,1.75,59530,47580,49410,58910,65380,76750
47-2051,CA,28700,1.19,70920,46510,51450,62700,84070,101810
47-2051,CO,5140,1.35,60340,46130,49070,60700,65940,75540
47-2051,CT,610,0.27,61100,38590,48540,58640,65330,90710
47-2051,DC,320,0.35,64280,47050,57540,61680,70720,87120
47-2051,DE,400,0.62,60700,44130,50070,57030,64420,79260
47-2051,FL,15240,1.16,52530,38240,45660,48680,57270,63310
47-2051,GA,3400,0.52,49240,31990,38020,46240,56110,72150
47-2051,HI,650,0.78,85470,49030,67310,95890,99190,110230
47-2051,IA,2110,1.02,57830,40910,47310,58220,65000,74180
47-2051,ID,2540,2.23,55880,43420,47680,56410,61050,72410
47-2051,IL,5890,0.73,77800,49050,57860,78170,98930,107670
47-2051,IN,4390,1.03,60360,44680,48510,61270,70770,76850
47-2051,KS,3610,1.89,56820,39010,46080,52130,62620,79670
47-2051,KY,1280,0.48,52470,37490,44550,50200,61720,67530
47-2051,LA,910,0.35,52840,35670,40650,49180,62400,74190
47-2051,MA,1590,0.33,72720,49330,55880,63840,78210,111910
47-2051,MD,2540,0.69,54340,39300,47320,51950,59160,71820
47-2051,ME,730,0.86,57230,38350,45110,55680,62480,75370
47-2051,MI,6350,1.09,58670,43860,48480,59860,64480,75650
47-2051,MN,3070,0.79,70730,49380,59920,66830,79480,98610
47-2051,MO,6220,1.6,64140,42280,48370,61390,73370,87010
47-2051,MS,930,0.6,43470,32710,36400,43980,47620,57020
47-2051,MT,780,1.15,62150,48170,54220,61620,64890,76950
47-2051,NC,4610,0.7,47210,37090,39450,46780,51600,60290
47-2051,ND,1190,2.09,56800,46500,50210,57710,61420,71440
47-2051,NE,3200,2.36,52350,42670,46970,49510,59820,62950
47-2051,NH,300,0.33,58570,45120,48390,54210,65790,75570
47-2051,NJ,2390,0.42,68640,44730,54830,61410,74900,105920
47-2051,NM,1540,1.33,52840,39350,45180,49230,60000,70260
47-2051,NV,3290,1.6,64150,45650,50280,61230,75750,90020
47-2051,NY,9060,0.71,72630,49540,56540,64040,84440,102970
47-2051,OH,6060,0.82,63790,44130,49170,62990,76680,81320
47-2051,OK,2980,1.32,46030,36380,39480,45750,49040,57860
47-2051,OR,2170,0.83,70260,49000,57930,68530,82860,94540
47-2051,PA,5180,0.64,62030,44090,50050,61610,69050,78100
47-2051,RI,250,0.37,66020,49220,59680,62950,73610,94110
47-2051,SC,1930,0.63,54150,36760,45210,49360,61770,76730
47-2051,SD,2550,4.21,48800,36640,40280,47160,57360,63380
47-2051,TN,3920,0.9,48690,35990,43520,47910,52800,60440
47-2051,TX,26430,1.42,49270,36360,40620,47500,55590,60770
47-2051,UT,5340,2.32,55480,45750,47590,56420,61010,66830
47-2051,VA,4020,0.74,52900,37420,44610,50930,60970,72690
47-2051,VT,270,0.67,62570,49390,50690,61160,64510,76500
47-2051,WA,4440,0.94,81900,49710,58880,77520,98280,125720
47-2051,WI,4490,1.15,68820,48410,59080,64250,79650,93910
47-2051,WV,760,0.82,50610,32170,40760,51950,59060,63790
47-2051,WY,620,1.68,59520,46570,50640,58450,62970,73860
47-2061,AK,3690,1.61,59270,37980,46390,58060,69950,83710
47-2061,AL,18400,1.23,37910,23980,29960,36900,45240,49740
47-2061,AR,10650,1.16,39250,30850,34590,37630,44320,48410
47-2061,AZ,37630,1.65,47910,36770,39610,46590,51620,60930
47-2061,CA,88240,0.69,64870,40950,48140,60270,78520,93620
47-2061,CO,18680,0.92,49830,38410,42700,47900,56670,62010
47-2061,CT,7360,0.62,59250,42580,47670,58290,72750,76520
47-2061,DC,2090,0.42,52220,37190,43260,50020,59090,72320
47-2061,DE,3240,0.95,48020,33240,37280,45550,56310,63730
47-2061,FL,87040,1.24,44550,33280,37090,44030,47970,58900
47-2061,GA,27800,0.81,41530,27880,35220,38990,46950,56450
47-2061,HI,4580,1.03,71520,43990,52270,77110,87750,96490
47-2061,IA,13780,1.25,51580,38180,45560,48490,58470,68900
47-2061,ID,10850,1.79,48630,36560,39550,46940,55030,63190
47-2061,IL,35940,0.84,67620,38880,46040,60690,95240,105040
47-2061,IN,28600,1.27,54060,36570,44270,50070,62240,74740
47-2061,KS,9990,0.99,45580,31500,37310,44840,49210,60070
47-2061,KY,13280,0.94,45840,33770,37700,45710,50040,60200
47-2061,LA,22100,1.62,42250,29650,34510,38230,47300,60090
47-2061,MA,16210,0.63,70830,45170,52330,63390,88330,98880
47-2061,MD,20920,1.07,48330,36430,39480,46960,55540,61670
47-2061,ME,3960,0.88,47800,36190,40570,46430,53070,60520
47-2061,MI,28490,0.92,53130,37220,44750,49590,61730,69890
47-2061,MN,28530,1.37,64740,42950,48420,60260,79710,96150
47-2061,MO,17050,0.82,60850,37870,45610,56730,77580,83470
47-2061,MS,8800,1.07,40310,29370,33790,37710,45790,52640
47-2061,MT,4590,1.27,51580,37720,43260,49830,58750,63980
47-2061,NC,35620,1.02,45250,31850,37380,44720,49070,59970
47-2061,ND,5050,1.67,53150,38990,45680,49070,60680,71210
47-2061,NE,8530,1.18,48350,36400,40320,47260,55550,61780
47-2061,NH,4330,0.9,51730,38020,44950,49980,58910,63310
47-2061,NJ,23590,0.78,70400,37980,46710,64060,94510,106140
47-2061,NM,12470,2.03,41450,30840,35500,38400,46300,53590
47-2061,NV,11890,1.09,54030,36400,42070,48990,64720,76660
47-2061,NY,52090,0.76,62180,34320,43950,55930,79420,96590
47-2061,OH,31910,0.82,58300,37370,45940,56080,74370,79110
47-2061,OK,13710,1.14,43310,33490,36470,39360,47460,58070
47-2061,OR,12620,0.91,55710,39210,45030,50860,62200,78410
47-2061,PA,35920,0.84,54330,37480,45110,49400,61810,74670
47-2061,RI,2110,0.6,61780,39480,46810,57240,77480,88620
47-2061,SC,19620,1.21,45470,31200,36680,42940,49120,63370
47-2061,SD,1780,0.55,44310,35180,38300,45710,48120,52350
47-2061,TN,26250,1.14,45970,34910,37670,45000,49450,59990
47-2061,TX,123250,1.24,42910,32560,36730,40620,46950,56930
47-2061,UT,20950,1.71,48410,34890,38750,46550,55250,63310
47-2061,VA,25830,0.89,43670,32900,37020,43560,47550,57110
47-2061,VT,1430,0.67,51000,39130,46780,48580,58110,61710
47-2061,WA,25060,1,61320,39930,46930,57720,72160,95110
47-2061,WI,20330,0.98,57960,37990,46060,56100,72130,80920
47-2061,WV,6620,1.34,45550,30770,35620,42670,54780,60550
47-2061,WY,3350,1.69,45420,35640,38510,46030,49920,57590
47-2071,AK,80,0.88,83530,60670,66830,83520,100240,100260
47-2071,AL,700,1.23,43370,31990,36900,41880,49110,58140
47-2071,AR,490,1.38,44060,35890,38050,44010,48690,50650
47-2071,AZ,170,0.19,59760,47270,49860,52140,75710,75740
47-2071,CA,1400,0.29,94440,56980,64270,83130,126640,130120
47-2071,CO,920,1.19,57140,43610,48810,58810,62610,72650
47-2071,CT,,**,77210,60400,61230,77480,96160,101120
47-2071,DC,70,0.36,80320,61550,72180,91280,91280,91280
47-2071,DE,150,1.17,51570,31200,31200,54020,58580,83200
47-2071,FL,2740,1.03,48530,37910,40140,46840,51950,60780
47-2071,GA,1270,0.97,47540,37870,39350,46100,49200,59130
47-2071,HI,,**,96920,51230,83300,111360,111370,123990
47-2071,IA,,**,60140,52360,57100,61110,61130,65070
47-2071,ID,130,0.56,76060,49780,57050,73210,96250,112730
47-2071,IL,950,0.58,77180,46800,56000,73060,102240,102720
47-2071,IN,910,1.05,57670,39630,46110,50380,67150,91350
47-2071,KS,540,1.4,54410,40150,45900,49070,60450,70670
47-2071,KY,110,0.21,47810,29540,40720,45660,49570,64600
47-2071,LA,350,0.67,53140,37440,43570,48450,64020,73180
47-2071,MA,560,0.57,64620,37300,55790,60950,77940,81560
47-2071,MD,750,1.01,64370,47000,52360,60530,63130,93430
47-2071,ME,250,1.43,61100,45650,49590,57020,74670,89100
47-2071,MI,1720,1.45,54880,38510,45420,54220,62380,74360
47-2071,MN,830,1.04,71850,50310,61930,68180,80450,99920
47-2071,MO,1560,1.98,70190,42410,48930,69400,92420,98560
47-2071,MS,470,1.51,40780,30250,33460,37030,45260,51280
47-2071,MT,260,1.87,58300,36510,48890,55920,68180,78350
47-2071,NC,1940,1.46,49230,37860,40630,47820,53890,61310
47-2071,NE,390,1.43,49810,39340,43480,45760,53480,63260
47-2071,NH,260,1.4,64440,49240,56780,62080,72540,80800
47-2071,NJ,840,0.73,56050,42300,44450,50500,59600,72890
47-2071,NM,990,4.23,47700,37130,39960,45880,51430,60180
47-2071,NV,,**,57210,38610,46410,51400,64390,79140
47-2071,NY,4530,1.74,72330,48450,56840,62760,98120,104350
47-2071,OH,2370,1.59,63010,38050,47490,60280,79610,93160
47-2071,OK,550,1.19,48050,36620,44680,46760,50240,58910
47-2071,OR,520,0.98,69920,55490,59950,63310,73930,103330
47-2071,PA,520,0.32,56370,44320,48720,56010,63600,75400
47-2071,RI,160,1.16,67140,48390,59410,63060,77580,85530
47-2071,SC,630,1.01,47340,38050,40160,46950,49150,57760
47-2071,SD,130,1.03,61370,49220,54830,60140,69680,74660
47-2071,TN,1730,1.96,45850,36300,37770,42510,51740,60300
47-2071,TX,3940,1.04,48940,37280,41620,47060,54610,61660
47-2071,UT,410,0.88,54760,45240,45930,48860,62470,70840
47-2071,VA,1660,1.5,49640,38130,43590,48060,57620,60410
47-2071,VT,70,0.83,56820,49920,49930,54830,62050,62060
47-2071,WA,530,0.55,90790,58860,73810,90530,102000,118760
47-2071,WI,960,1.22,68570,37440,50380,69020,91230,92150
47-2071,WV,210,1.1,55160,41130,45370,51230,58390,77920
47-2071,WY,160,2.08,59120,49290,51940,58080,65420,73440
47-2073,AK,3050,3.05,82680,62390,66830,77810,99890,103900
47-2073,AL,9640,1.48,50680,36230,39780,47520,57540,67690
47-2073,AR,5800,1.45,45890,35520,38350,44520,49860,58670
47-2073,AZ,13200,1.33,61520,47680,51200,60620,65370,79460
47-2073,CA,36020,0.64,94000,52760,65230,87160,125560,132210
47-2073,CO,11700,1.32,64550,49480,57700,62620,73670,78870
47-2073,CT,2860,0.55,83380,60000,64720,78750,101610,106920
47-2073,DC,620,0.29,76470,50540,65450,74610,86280,98270
47-2073,DE,1230,0.82,60690,39090,46500,58020,66140,97520
47-2073,FL,27510,0.9,52590,38820,46330,49400,58360,64020
47-2073,GA,15700,1.04,49660,37810,41670,47880,56940,62840
47-2073,HI,2380,1.23,102020,62390,73200,115860,121780,129590
47-2073,IA,5530,1.15,63770,46690,53610,60330,72660,87460
47-2073,ID,4270,1.62,63920,47230,52590,61680,75390,79650
47-2073,IL,12290,0.66,90500,49770,69230,97740,109320,123330
47-2073,IN,11520,1.17,75300,47630,58240,79580,93300,98850
47-2073,KS,7070,1.6,57540,39520,44720,51620,62030,85420
47-2073,KY,7050,1.15,59320,44620,49040,57780,65720,80890
47-2073,LA,7860,1.32,55380,37440,46440,51700,62230,75180
47-2073,MA,9680,0.87,84730,52630,62370,76820,107550,125400
47-2073,MD,6610,0.78,61650,46760,49430,61410,70860,78870
47-2073,ME,2210,1.12,58230,46200,48920,56140,61480,75390
47-2073,MI,9500,0.7,66920,46370,54710,62690,78410,90580
47-2073,MN,8590,0.95,79070,55960,63310,79130,95740,101930
47-2073,MO,10470,1.16,67960,43290,48290,60540,84400,94130
47-2073,MS,4170,1.17,50010,36180,39530,47410,57200,67030
47-2073,MT,3750,2.38,63350,48130,56310,61580,72130,79880
47-2073,NC,16580,1.09,52310,39050,45700,49310,57870,64450
47-2073,ND,4890,3.7,68640,49840,58180,62150,76430,100570
47-2073,NE,3180,1.01,58240,44620,47940,58360,63480,75700
47-2073,NH,1330,0.63,67270,49770,57310,62200,73860,87730
47-2073,NJ,5980,0.45,93270,50760,64100,89660,126330,133330
47-2073,NM,5520,2.06,54810,44800,47470,52000,60090,69690
47-2073,NV,5410,1.13,76050,51050,60710,71410,90030,111210
47-2073,NY,14490,0.49,90690,50190,60540,80980,112920,144920
47-2073,OH,16920,0.99,71830,46850,54430,64940,92930,98100
47-2073,OK,7050,1.34,50110,37440,41920,47970,56700,64380
47-2073,OR,5630,0.93,79270,53410,61200,73430,97840,117310
47-2073,PA,22120,1.19,65920,46780,50790,60530,77780,94930
47-2073,RI,970,0.63,72470,52460,61660,63610,83820,98870
47-2073,SC,8160,1.15,51640,38720,44960,48940,57780,64330
47-2073,SD,2050,1.46,59330,47260,50690,59500,63460,75880
47-2073,TN,10660,1.06,55050,41600,46490,52000,59360,75430
47-2073,TX,55540,1.28,53740,38900,46120,50460,59990,70010
47-2073,UT,7880,1.48,60840,47420,51800,60740,65430,75880
47-2073,VA,12100,0.96,58400,40870,48040,57160,63330,78250
47-2073,VT,1280,1.37,60310,50270,52760,58870,63680,73860
47-2073,WA,10290,0.94,88290,57200,64390,81700,114640,125490
47-2073,WI,8140,0.9,77770,51370,61520,75280,94610,100140
47-2073,WV,7830,3.63,54480,36500,42630,51300,61690,76970
47-2073,WY,3800,4.4,67010,48370,54370,62960,84950,85630
47-2081,AK,100,0.56,68130,46800,60800,73690,75850,88300
47-2081,AL,650,0.58,47910,37280,41670,48000,51470,60890
47-2081,AR,240,0.34,43410,34520,37070,44550,47100,48800
47-2081,AZ,2590,1.49,52560,37470,41610,50290,58770,66750
47-2081,CA,27280,2.8,74680,46050,55810,65880,85180,120240
47-2081,CO,1560,1.01,61940,44520,48730,61780,70250,79460
47-2081,CT,300,0.33,61000,45690,47840,60480,77580,82480
47-2081,DE,350,1.34,50860,35720,39110,50170,61280,62390
47-2081,FL,6000,1.13,48900,33460,39260,48970,54730,61520
47-2081,GA,690,0.27,57250,34180,51210,58260,62050,78990
47-2081,HI,800,2.4,96460,50230,73550,104830,115380,119660
47-2081,IA,290,0.35,53230,36750,44800,51030,61770,67650
47-2081,ID,920,2,48240,29580,35580,43790,57570,64820
47-2081,IL,740,0.23,72690,41870,51540,63180,102480,110620
47-2081,IN,680,0.4,54380,43730,45850,49810,63410,69850
47-2081,KS,650,0.85,45520,35880,35880,39890,55930,61410
47-2081,KY,490,0.46,48100,23020,41430,48340,57730,68760
47-2081,LA,310,0.3,48340,28310,33290,47420,60730,77740
47-2081,MA,590,0.31,68220,34220,61390,69500,80280,93810
47-2081,MD,1470,1,55130,39400,47750,54680,60770,73230
47-2081,ME,150,0.43,59170,49070,52350,60080,64450,71220
47-2081,MI,1050,0.45,58520,42640,47470,58440,70720,76960
47-2081,MN,1050,0.67,65600,45570,57950,61290,77600,91520
47-2081,MO,550,0.35,67200,46310,52760,62580,80570,91780
47-2081,MS,110,0.17,39240,28100,30070,37310,44550,52900
47-2081,MT,170,0.63,59910,45870,48540,60140,65790,79240
47-2081,NC,1520,0.58,45060,31420,36240,45080,50530,60180
47-2081,ND,130,0.55,46870,37340,43940,45110,48490,57510
47-2081,NE,770,1.41,51260,37140,45010,48620,59690,62580
47-2081,NH,370,1.02,67190,44180,55690,61960,74880,102130
47-2081,NJ,1340,0.58,81280,37990,53680,75080,115270,118200
47-2081,NM,580,1.24,57140,37440,43690,53900,75010,77150
47-2081,NV,2980,3.6,59440,41430,46730,52280,63000,101780
47-2081,NY,2840,0.55,68930,46860,52460,61280,75580,118450
47-2081,OH,1680,0.57,61060,42410,49190,61420,70940,74400
47-2081,OK,280,0.31,46120,41860,45760,46080,48370,49790
47-2081,OR,1680,1.6,75770,36460,50670,73530,105950,114670
47-2081,PA,1690,0.52,61980,39410,48430,61160,70740,77980
47-2081,RI,440,1.66,57360,38090,41620,47110,73070,79510
47-2081,SC,340,0.28,48410,32340,38180,45340,53160,68600
47-2081,SD,360,1.49,50750,42400,47980,48850,58080,59380
47-2081,TN,1150,0.65,49710,37220,39470,47510,56540,65650
47-2081,TX,5760,0.77,49040,35260,40100,47590,58430,61030
47-2081,UT,2610,2.81,52720,37160,45220,51020,59710,68920
47-2081,VA,2480,1.13,55310,39040,47510,55840,60770,71330
47-2081,VT,90,0.55,57080,47590,48000,59820,64480,71280
47-2081,WA,2670,1.41,80450,50360,62720,73130,100780,127970
47-2081,WI,1140,0.72,60020,38490,47940,59970,69520,85340
47-2081,WY,140,0.92,46820,39470,43680,43990,54310,55470
47-2111,AK,1870,1.18,90040,58420,66780,89440,105550,123200
47-2111,AL,10900,1.06,57510,37640,46120,55690,64450,78230
47-2111,AR,7500,1.18,53470,34910,38550,49070,62380,74460
47-2111,AZ,21140,1.34,64220,45540,48360,61060,77060,89600
47-2111,CA,73310,0.83,85860,46800,59280,76160,103000,140340
47-2111,CO,17010,1.22,66310,45520,48880,62230,78470,94160
47-2111,CT,7710,0.93,77390,47680,58060,77540,95070,104280
47-2111,DC,2440,0.71,88860,51950,61240,78970,122050,125790
47-2111,DE,2260,0.96,70750,38280,48040,63700,90510,105340
47-2111,FL,49700,1.03,57660,38190,47660,57250,61900,77180
47-2111,GA,21650,0.91,61090,37180,46640,58320,76490,84000
47-2111,HI,3070,1.01,92870,45730,70460,96460,120740,124590
47-2111,IA,10310,1.36,63190,39770,46400,60860,79970,89480
47-2111,ID,5690,1.36,66600,38830,48380,63000,82040,95470
47-2111,IL,23120,0.78,92230,49240,73520,99560,117460,123660
47-2111,IN,19020,1.22,70820,43190,50000,68490,91290,99310
47-2111,KS,6350,0.91,69200,42660,51320,65860,80560,96830
47-2111,KY,11030,1.13,61410,37110,46540,59720,77920,85260
47-2111,LA,10550,1.12,62350,38750,48910,61540,72840,81810
47-2111,MA,17810,1.01,81560,46990,57860,79420,100480,128210
47-2111,MD,13690,1.02,75450,46450,57680,73490,96010,118370
47-2111,ME,3780,1.21,77250,54180,62930,75380,84390,115720
47-2111,MI,23530,1.1,73840,42980,50360,76270,92300,103120
47-2111,MN,14350,1,80830,47480,58430,78160,101410,118820
47-2111,MO,12780,0.89,72310,43860,49810,65410,93760,104060
47-2111,MS,6610,1.17,58000,38200,47350,60860,63740,76540
47-2111,MT,2750,1.1,71930,49130,60400,76760,81420,89510
47-2111,NC,21640,0.9,56850,40130,47070,56800,61920,75060
47-2111,ND,3570,1.71,70460,46440,56920,65710,80510,101020
47-2111,NE,6440,1.29,63960,40400,48140,60820,79130,94040
47-2111,NH,3330,1,65780,43190,48420,62840,78370,91850
47-2111,NJ,13520,0.65,86700,48570,62400,77250,121110,130860
47-2111,NM,5020,1.18,59620,36650,46730,58390,73380,86830
47-2111,NV,8350,1.11,75710,46110,48920,73570,96550,121200
47-2111,NY,40130,0.85,84860,45740,60480,78750,106420,131640
47-2111,OH,28950,1.07,68840,40750,50120,64700,80500,99280
47-2111,OK,8500,1.02,63410,37900,47640,61010,76510,92740
47-2111,OR,10590,1.11,99750,59550,79110,101310,121680,131530
47-2111,PA,22730,0.77,75770,45600,55140,67600,95500,122620
47-2111,RI,2420,0.99,74150,42990,58410,74090,95700,102840
47-2111,SC,8010,0.71,59030,44330,47910,58740,66190,77800
47-2111,SD,2980,1.34,61980,44320,49660,61390,72450,80060
47-2111,TN,17070,1.07,63540,39600,48380,61090,76060,92160
47-2111,TX,76770,1.12,59280,37920,46670,58570,71130,80300
47-2111,UT,11450,1.36,65290,39940,48360,62000,79310,89110
47-2111,VA,23630,1.18,67850,40780,49410,62900,78190,105720
47-2111,VT,1270,0.86,73360,47470,57280,63430,80390,132080
47-2111,WA,19380,1.12,94470,52170,66630,95220,121530,133950
47-2111,WI,14310,1,73810,44830,55820,76540,93780,101770
47-2111,WV,4290,1.25,67840,43620,48610,64810,83920,95140
47-2111,WY,2960,2.16,74860,48240,59670,76120,85960,104000
47-2121,AK,270,2.22,65520,48000,56270,63000,74610,75560
47-2121,AL,260,0.32,45200,32210,37190,45520,48390,62900
47-2121,AR,480,0.97,43030,30600,37700,44700,47880,55590
47-2121,AZ,2370,1.94,55660,44020,48680,56560,60150,70480
47-2121,CA,7020,1.02,75020,47890,57590,64040,92040,121620
47-2121,CO,2040,1.88,64630,47290,56020,62340,74220,80770
47-2121,CT,690,1.09,67220,45500,57030,63840,79900,92180
47-2121,DC,200,0.76,73890,60310,60320,78390,80140,82680
47-2121,FL,6370,1.71,48500,27280,37660,47030,59350,63200
47-2121,GA,2530,1.37,47450,34670,34670,43340,59350,71210
47-2121,HI,280,1.19,79630,51230,60390,80800,100460,104950
47-2121,IA,430,0.73,56410,41040,48110,57330,62760,71900
47-2121,ID,580,1.81,59440,37770,49070,59850,71320,78730
47-2121,IL,1410,0.61,74200,45230,57260,61840,98280,101990
47-2121,IN,1270,1.05,59840,44820,48290,60210,70010,75360
47-2121,KS,440,0.82,52400,36830,44060,47090,60520,74480
47-2121,KY,570,0.75,51170,39150,46170,49110,56800,59410
47-2121,LA,610,0.84,48800,31870,38960,47150,59210,63080
47-2121,MA,1080,0.79,90890,62220,74390,100810,109550,110650
47-2121,MD,1820,1.75,63120,45870,48880,59890,72880,78880
47-2121,ME,150,0.64,50250,43160,46100,47770,55730,61720
47-2121,MI,2040,1.23,56670,45320,47480,52770,62180,73650
47-2121,MN,460,0.42,73470,51300,61610,66130,91930,101880
47-2121,MO,630,0.57,55160,29510,37390,51430,71670,81400
47-2121,MS,820,1.88,39410,29680,35090,36750,45980,48830
47-2121,MT,410,2.15,52300,34880,46060,49360,60410,70000
47-2121,NC,840,0.45,48240,37270,40690,46170,55340,60830
47-2121,ND,80,0.48,58250,40360,52620,61800,63740,68280
47-2121,NE,440,1.14,56140,37460,42690,50190,66260,79020
47-2121,NH,150,0.59,57910,38840,49680,58850,62770,73340
47-2121,NJ,820,0.51,75720,42340,57510,70890,96430,110020
47-2121,NM,380,1.17,46250,33380,38950,46940,48370,57140
47-2121,NV,730,1.24,55990,44170,46410,49490,61310,74810
47-2121,NY,3400,0.93,69520,45080,51500,61760,77300,103730
47-2121,OH,1670,0.8,57770,44260,48320,60200,64780,74750
47-2121,OK,430,0.67,43750,30070,39210,45380,46900,54570
47-2121,OR,700,0.94,74280,46760,50750,70890,100550,109740
47-2121,PA,1510,0.66,61470,38680,46790,58810,71070,94270
47-2121,RI,150,0.8,68080,47500,51050,61650,78150,99570
47-2121,SC,740,0.86,51820,36990,44720,50650,57870,68530
47-2121,SD,220,1.25,48370,42920,45390,47140,51540,58700
47-2121,TN,880,0.71,50760,37240,44550,48610,59060,63120
47-2121,TX,5850,1.11,47630,35500,38830,47730,55110,59990
47-2121,UT,990,1.52,54850,45160,47640,51470,60890,66170
47-2121,VA,890,0.58,57320,39520,49000,59260,62400,72130
47-2121,VT,110,0.98,57890,48270,49920,60390,62220,63770
47-2121,WA,1460,1.09,80230,46650,59260,66860,106840,131280
47-2121,WI,580,0.53,69330,46180,51000,62400,91720,97450
47-2121,WV,140,0.53,50550,33420,34640,49810,66160,70910
47-2121,WY,70,0.68,60180,52360,52420,55030,71750,76040
47-2131,AK,170,1.86,54210,24770,38810,56470,64680,83200
47-2131,AL,660,1.09,49400,36620,42320,48740,56450,61270
47-2131,AR,350,0.94,44370,35250,37230,43730,48750,53320
47-2131,AZ,780,0.85,45420,36960,38250,42210,48250,61210
47-2131,CA,3080,0.59,61840,39660,45300,48840,73660,105440
47-2131,CO,1210,1.47,54960,40340,47240,50800,62140,70630
47-2131,CT,300,0.61,50450,38310,40380,48550,55680,61940
47-2131,DE,280,2.06,54460,38930,46130,53570,61550,66270
47-2131,FL,2690,0.95,49730,36140,38620,47100,58240,64920
47-2131,GA,900,0.65,55570,35730,38330,47810,63130,95130
47-2131,IA,460,1.03,57770,42210,45180,55820,72220,75170
47-2131,ID,330,1.35,44390,34000,35740,41550,50730,60630
47-2131,IL,780,0.45,60200,37660,46440,53000,72030,95180
47-2131,IN,780,0.86,55350,37760,45140,54630,62310,76220
47-2131,KS,430,1.05,56230,40240,45570,51520,60650,89110
47-2131,KY,400,0.7,60630,39430,44880,49730,77450,92110
47-2131,LA,1610,2.91,49970,37040,44680,47340,58830,62340
47-2131,MA,710,0.68,52420,44610,47480,48940,57970,59290
47-2131,MD,1240,1.57,60350,38170,46450,58420,68060,87360
47-2131,ME,440,2.39,50390,37260,40310,47790,57500,62710
47-2131,MI,710,0.56,51190,32360,44860,46490,58150,79620
47-2131,MN,1090,1.29,61550,38960,47940,54350,73300,101930
47-2131,MO,830,0.99,60890,38550,47850,56040,75440,90370
47-2131,MS,290,0.88,56200,40280,49730,62880,62880,62880
47-2131,MT,490,3.36,52820,36990,42720,48100,56910,83340
47-2131,NC,2090,1.48,44180,31110,36380,42990,47990,60080
47-2131,ND,260,2.08,49700,38830,43990,46450,56840,60430
47-2131,NE,310,1.07,65030,44550,47160,73140,81880,82280
47-2131,NH,230,1.16,52220,39850,47050,51320,59990,60650
47-2131,NJ,820,0.67,60330,36760,40000,52750,75560,94540
47-2131,NM,250,1.01,53100,36190,38120,48460,61900,78190
47-2131,NV,660,1.48,48460,37390,37840,46510,60180,76030
47-2131,NY,1600,0.58,66360,44140,49780,59100,72150,98200
47-2131,OH,870,0.55,58850,37870,45690,58400,79570,80010
47-2131,OK,570,1.17,49380,34870,36640,46880,59420,70160
47-2131,OR,700,1.25,61290,35660,49490,60210,72470,80140
47-2131,PA,610,0.35,54660,38330,44510,50600,61350,73580
47-2131,SC,730,1.1,49900,35140,40120,47020,58040,67840
47-2131,SD,340,2.59,48090,35890,37170,45820,58620,60320
47-2131,TN,1160,1.24,50810,34900,39390,48410,57060,71490
47-2131,TX,7120,1.77,49850,36250,40670,48740,56290,63240
47-2131,UT,300,0.6,43680,35440,36280,40080,50050,53090
47-2131,VA,,**,47660,37080,40890,44810,52720,61470
47-2131,VT,110,1.29,58150,44780,52000,53570,63690,70260
47-2131,WA,2330,2.3,78280,45380,57030,67750,99120,132770
47-2131,WI,650,0.77,52450,39980,47290,49520,57860,64160
47-2131,WV,70,0.33,40820,34580,35210,35390,48240,59360
47-2131,WY,170,2.1,47620,36400,38470,46200,50440,56830
47-2141,AK,440,0.94,64220,43880,54710,60980,74570,85440
47-2141,AL,1570,0.51,44720,34190,37440,43930,50410,57490
47-2141,AR,890,0.47,42180,31150,36940,40090,47520,54610
47-2141,AZ,5210,1.11,52480,40180,45370,48250,58560,63640
47-2141,CA,38430,1.46,62460,42130,47520,59020,73040,91000
47-2141,CO,3480,0.84,56370,40570,47210,52970,59650,77710
47-2141,CT,2230,0.91,63500,40120,47630,58480,76420,92390
47-2141,DC,500,0.49,62240,46780,47360,59520,69390,81390
47-2141,DE,480,0.68,56890,35070,50680,58530,61700,70350
47-2141,FL,22450,1.56,48440,36700,39940,47530,50130,61300
47-2141,GA,2760,0.39,50550,36690,42130,48340,57670,68060
47-2141,HI,1900,2.09,71310,47090,59480,68220,85280,90830
47-2141,IA,1770,0.78,52070,37080,43050,49710,61450,67010
47-2141,ID,2040,1.64,45490,34390,36880,44880,47890,60890
47-2141,IL,6820,0.77,69630,40820,47990,61260,93220,105350
47-2141,IN,3510,0.76,53000,36410,43180,50260,62450,69520
47-2141,KS,1570,0.75,45450,33780,37180,45510,49350,58510
47-2141,KY,1390,0.48,51420,35900,40210,48110,59740,64720
47-2141,LA,4090,1.46,46030,32000,38970,46410,50460,59330
47-2141,MA,4430,0.84,64080,43520,46830,57510,70050,109850
47-2141,MD,3750,0.94,55650,40560,46520,49120,59290,78050
47-2141,ME,2120,2.29,60230,47320,50170,59270,63120,75530
47-2141,MI,4920,0.77,55920,37440,45300,50650,62950,75670
47-2141,MN,3810,0.89,58170,36460,43600,57270,69340,87970
47-2141,MO,3980,0.94,59450,39150,46350,57510,68510,79600
47-2141,MS,1060,0.63,46450,34530,36920,44800,53340,64720
47-2141,MT,920,1.24,54700,35160,47390,58290,61810,69510
47-2141,NC,5220,0.73,44900,33410,37090,44110,49150,58300
47-2141,ND,420,0.68,55960,36840,47320,54870,60650,78290
47-2141,NE,1590,1.07,46590,33410,37840,47280,51220,57990
47-2141,NH,910,0.92,52730,40830,46580,49670,57880,63530
47-2141,NJ,4110,0.66,61000,37680,45490,59250,72380,95950
47-2141,NM,1010,0.8,49380,37760,40530,46240,50320,70560
47-2141,NV,4120,1.84,59610,41430,46950,56390,63390,98190
47-2141,NY,13040,0.93,68070,45660,48820,59570,79320,111550
47-2141,OH,5600,0.7,54510,37060,44040,49450,61790,74400
47-2141,OK,1880,0.76,45450,30650,36680,44900,51640,67410
47-2141,OR,5410,1.9,53570,38260,45950,48900,61580,73560
47-2141,PA,5980,0.68,54230,37250,47600,52120,61000,72230
47-2141,RI,1160,1.6,48150,31200,37230,41590,56060,64410
47-2141,SC,2080,0.62,42050,27240,36000,40840,48550,57520
47-2141,SD,670,1.01,47710,35900,41430,48160,51440,59560
47-2141,TN,3040,0.64,44590,35110,37350,43230,47900,61030
47-2141,TX,18330,0.9,46020,35870,39070,45460,49390,58910
47-2141,UT,3510,1.4,47690,36220,38100,46050,53840,65780
47-2141,VA,5930,1,49110,36400,39300,47470,56220,63310
47-2141,VT,550,1.26,54890,48060,48710,53120,60260,64000
47-2141,WA,9510,1.85,60910,45450,48940,59650,65140,80330
47-2141,WI,3350,0.79,54170,37870,46640,50090,60100,75040
47-2141,WV,720,0.7,44770,29200,32760,44230,54310,63640
47-2141,WY,480,1.19,47620,31360,38380,47220,55240,62580
47-2151,AL,460,1.03,43250,29130,36440,44550,49700,55410
47-2151,AR,430,1.57,38160,31570,36440,37650,40210,44760
47-2151,AZ,480,0.7,61690,46990,56510,62740,65710,73820
47-2151,CA,1420,0.37,77930,50650,61870,76180,94560,108790
47-2151,CO,790,1.3,60670,46930,50710,59740,69720,76940
47-2151,DC,110,0.76,57120,37350,50850,55470,59830,67900
47-2151,DE,,**,55730,46700,46700,58240,59840,71060
47-2151,FL,4050,1.92,47440,37620,43820,47260,49800,58450
47-2151,GA,1890,1.82,47230,35600,39050,46220,50440,61820
47-2151,IA,280,0.85,54940,46940,50190,53990,57800,63660
47-2151,ID,280,1.52,55090,38990,47580,58650,65210,73340
47-2151,IL,280,0.22,51850,41760,45700,49590,55950,62490
47-2151,IN,800,1.18,72020,38400,52040,73580,91860,95180
47-2151,KS,240,0.8,48480,44720,45160,47390,48730,58280
47-2151,KY,60,0.14,59190,52120,53880,58820,58830,61870
47-2151,LA,,**,46030,35200,37380,44340,48250,60180
47-2151,MA,,**,72760,56620,63020,72770,86550,86560
47-2151,MD,650,1.11,56200,48270,49910,55640,60890,62690
47-2151,ME,110,0.82,58100,44320,47530,50980,65050,73380
47-2151,MI,180,0.19,66400,52140,57110,61560,77570,86120
47-2151,MN,510,0.82,85080,66620,75840,81980,95040,101360
47-2151,MS,320,1.29,45480,31610,36930,41900,48300,67010
47-2151,MT,80,0.77,56850,47480,47480,48080,62170,75420
47-2151,NC,3830,3.65,47990,37870,42200,47220,51880,59280
47-2151,ND,170,1.83,50800,47200,47580,47810,49140,59240
47-2151,NE,570,2.63,48190,37110,38100,44470,55720,62550
47-2151,NH,210,1.47,56900,37280,41670,53870,61170,82510
47-2151,NJ,400,0.44,78600,53020,63360,78830,97310,106890
47-2151,NM,190,1.03,46210,38000,42020,45550,48240,55830
47-2151,NV,450,1.35,62160,33280,48650,63570,75820,90690
47-2151,NY,250,0.12,74270,44790,52510,70370,80370,112860
47-2151,OH,1160,0.99,69190,46840,59530,71560,79720,91540
47-2151,OK,530,1.47,46220,37120,38770,45190,51900,53300
47-2151,OR,620,1.49,66900,48870,57820,64230,75240,83200
47-2151,PA,590,0.46,52570,41600,41600,41600,61230,75330
47-2151,SC,670,1.36,45880,37480,38960,45180,49490,58920
47-2151,SD,300,3.12,49800,36560,43160,50650,56750,60300
47-2151,TN,810,1.16,46880,35810,41800,46020,48970,59590
47-2151,TX,5010,1.68,46090,37030,39870,45620,49490,56730
47-2151,UT,530,1.44,53600,47840,49620,52000,57220,60510
47-2151,VA,1080,1.23,49610,38130,44020,48700,56870,61140
47-2151,WA,1050,1.4,82170,61010,70110,82450,95180,101310
47-2151,WI,350,0.56,86850,69600,80990,86870,93550,98520
47-2151,WV,180,1.2,42900,31660,35850,40440,46950,58680
47-2152,AK,1200,1.23,90460,53730,73640,93920,102820,122660
47-2152,AL,6950,1.1,57750,37720,47070,58670,64730,76690
47-2152,AR,3370,0.86,50640,33410,39150,48660,60580,68870
47-2152,AZ,11810,1.22,67940,45640,49590,62070,79610,100120
47-2152,CA,47660,0.87,82320,47350,58980,72830,100200,131100
47-2152,CO,10080,1.17,69090,47770,52370,63240,78740,100240
47-2152,CT,5410,1.07,75400,45670,57570,77280,94440,102990
47-2152,DC,1010,0.48,91200,52310,74630,101020,114400,117180
47-2152,DE,1590,1.1,68110,40990,51860,64720,77830,95520
47-2152,FL,29260,0.98,56030,38940,47220,52910,62820,73610
47-2152,GA,8930,0.61,58220,37680,45130,57200,68640,80740
47-2152,HI,2500,1.33,82810,47750,61570,78060,97950,113300
47-2152,IA,5730,1.23,70030,45510,51890,63890,85320,97500
47-2152,ID,3090,1.2,58450,39430,46200,52380,69640,82620
47-2152,IL,16750,0.92,93400,50250,72070,99950,120050,126430
47-2152,IN,11280,1.18,75660,46890,58010,76320,96760,102520
47-2152,KS,4590,1.06,71410,39130,49230,65220,84870,109290
47-2152,KY,6360,1.06,68870,44860,50000,64160,84840,94710
47-2152,LA,8360,1.44,62620,38120,50750,63680,74870,79540
47-2152,MA,13460,1.24,90410,52010,61860,93880,108430,135080
47-2152,MD,11420,1.38,73510,45630,54780,65400,94890,108420
47-2152,ME,2710,1.41,66570,48120,61300,64000,75720,80760
47-2152,MI,14120,1.07,77250,46560,58090,80190,95390,103430
47-2152,MN,10720,1.21,86700,48720,61150,94410,108750,121050
47-2152,MO,8310,0.95,75010,44780,50640,66790,100240,117180
47-2152,MS,3360,0.96,56690,35830,41010,55480,63040,75470
47-2152,MT,1860,1.22,78190,48250,60990,79960,94370,100860
47-2152,NC,14510,0.98,56720,38860,46550,57080,63290,75850
47-2152,ND,1620,1.26,66160,45520,49760,63560,76860,83560
47-2152,NE,4110,1.34,65710,42830,48280,60970,81900,98030
47-2152,NH,1950,0.95,66230,44850,52610,66810,77080,87730
47-2152,NJ,8750,0.68,92590,48720,61810,78240,106830,136710
47-2152,NM,2830,1.09,61790,36160,45190,61440,78210,87700
47-2152,NV,5370,1.15,71510,42210,48540,61610,89550,118430
47-2152,NY,23210,0.8,83790,46130,59960,77490,101230,130420
47-2152,OH,16390,0.99,69700,45470,50040,63330,84260,101410
47-2152,OK,6050,1.18,58970,37990,45300,57970,74240,82560
47-2152,OR,5370,0.91,98450,58230,74920,97050,126400,147100
47-2152,PA,13620,0.75,77050,46770,57880,68080,91820,134110
47-2152,RI,1820,1.21,81610,49680,58740,76470,107350,110360
47-2152,SC,5770,0.84,55890,37660,46400,53940,64000,75780
47-2152,SD,1760,1.28,55530,39230,46140,51620,62050,74480
47-2152,TN,9270,0.94,60500,38520,47260,58600,73460,82020
47-2152,TX,44090,1.05,60780,38270,47380,59840,74100,81890
47-2152,UT,7030,1.35,64210,43860,49120,61900,77440,83120
47-2152,VA,13780,1.12,60650,43970,49350,60470,71780,78050
47-2152,VT,980,1.08,68980,48800,56140,62170,82240,91940
47-2152,WA,12470,1.17,88800,49490,60030,81030,107420,141860
47-2152,WI,10210,1.16,84720,50020,61430,81210,103560,120070
47-2152,WV,1830,0.87,58780,36010,44020,56980,73700,83160
47-2152,WY,1140,1.35,61890,43770,48370,62410,72800,80030
47-2161,AZ,1910,4.76,54180,37080,46390,49510,60460,75980
47-2161,CA,6780,3,64030,46460,49730,59940,74130,95240
47-2161,CO,480,1.35,53490,38530,41960,47570,73490,77340
47-2161,FL,1970,1.6,48190,33410,39180,47420,52760,62770
47-2161,HI,110,1.44,93970,58180,79490,104260,106890,106900
47-2161,IL,270,0.36,89440,64890,76290,93790,105660,105720
47-2161,IN,60,0.16,54620,43500,48580,53930,63170,69320
47-2161,KS,80,0.44,55090,46880,48560,53440,59880,60320
47-2161,LA,40,0.17,49360,38710,44550,49950,56070,62280
47-2161,MA,260,0.58,,,,,,
47-2161,MD,140,0.41,55920,44370,51900,56890,60810,68480
47-2161,MI,210,0.39,69190,48350,62370,72990,77450,80270
47-2161,MN,160,0.43,90380,64000,66990,102530,108160,108160
47-2161,MO,420,1.15,82630,50450,73420,79380,87710,119240
47-2161,MT,50,0.85,51790,45900,46340,46540,58740,63860
47-2161,NH,,**,84590,48410,61260,93000,104520,104520
47-2161,NJ,50,0.09,77670,54990,62060,69990,96600,108490
47-2161,NM,460,4.28,47560,37440,37440,45350,56040,61410
47-2161,NV,1150,5.95,61210,41060,48390,53610,64020,102570
47-2161,NY,,**,100300,52060,73000,120180,120190,120210
47-2161,OH,180,0.25,60050,46700,52570,62200,65240,68710
47-2161,OK,,**,49450,46300,49450,49450,49800,57200
47-2161,OR,170,0.69,71250,49330,56470,71180,82210,97820
47-2161,PA,180,0.24,69850,55570,62600,70030,78200,90160
47-2161,TX,1400,0.8,51830,40650,45920,51140,60370,62400
47-2161,UT,820,3.81,57210,34990,48930,53710,68660,77110
47-2161,VA,100,0.2,61520,53100,56730,64120,64310,66340
47-2161,WA,440,0.99,56830,41060,48370,51840,58860,66140
47-2161,WI,40,0.11,53870,47150,48270,50700,54090,74320
47-2171,AK,,**,61860,51190,52290,61480,71760,74410
47-2171,AL,390,2.07,46210,38510,39990,43640,45630,57540
47-2171,AR,,**,46320,38010,39710,45700,45710,61400
47-2171,AZ,60,0.2,56500,43970,43980,58230,66120,66140
47-2171,CA,2390,1.48,72220,44240,48900,63110,101020,108040
47-2171,CO,260,1,60010,48800,48800,56160,71620,75440
47-2171,FL,1150,1.31,52720,44790,45550,50500,57300,64400
47-2171,GA,80,0.18,57810,32900,36250,47480,76990,97080
47-2171,IL,,**,103190,93150,96040,105580,105580,118070
47-2171,IN,70,0.25,73620,62250,64370,64650,89760,93310
47-2171,KY,40,0.24,62670,51290,51980,66830,69930,71350
47-2171,LA,130,0.77,76060,52370,62460,70700,89550,108010
47-2171,MD,,**,63680,57360,59180,61640,65150,73140
47-2171,MI,,**,85040,62490,77570,91220,94470,97930
47-2171,MO,320,1.21,64440,47320,52000,59410,79650,90270
47-2171,MS,40,0.37,46280,35360,35910,39860,60540,67030
47-2171,NC,90,0.2,54020,48780,50220,51690,59840,61340
47-2171,NE,230,2.52,66290,54540,58960,62920,75970,77420
47-2171,NJ,,**,112650,69310,110510,116110,130270,130270
47-2171,NM,260,3.31,59100,46540,47860,54080,65790,92090
47-2171,NV,460,3.37,89870,49590,82970,102130,103760,105950
47-2171,NY,1110,1.29,100310,65910,82180,98040,121660,134310
47-2171,OK,130,0.83,49930,42320,48010,50370,53770,56030
47-2171,OR,240,1.4,95050,77630,89850,93490,98930,112630
47-2171,PA,,**,75420,59630,64000,74670,87790,96070
47-2171,SC,80,0.39,51220,36610,38370,41020,64950,72430
47-2171,TN,500,1.73,58820,44100,50030,57920,61190,81820
47-2171,TX,3640,2.92,52450,39960,45830,50650,58970,61860
47-2171,UT,100,0.62,51720,44260,46210,49040,56660,58910
47-2171,VA,,**,56050,46970,47270,55120,62440,72800
47-2171,WA,130,0.41,98420,46950,81980,108970,118970,121420
47-2171,WI,50,0.2,102070,59770,83100,121620,123650,125550
47-2181,AK,310,1.09,68450,48630,56810,66750,80600,92450
47-2181,AL,1010,0.55,47860,36120,42340,45670,53340,60920
47-2181,AR,950,0.84,45780,31200,37170,47470,51210,58270
47-2181,AZ,3420,1.21,50600,35910,39860,47340,59130,62620
47-2181,CA,21190,1.34,67420,48620,59420,63600,75450,89010
47-2181,CO,3340,1.33,56170,45820,47700,51750,61150,73370
47-2181,CT,790,0.54,68490,47730,51580,62070,93450,96070
47-2181,DC,100,0.16,68740,47470,48610,61750,101570,101570
47-2181,DE,230,0.53,55280,35640,42430,59440,63630,73900
47-2181,FL,23550,2.72,48870,33240,38040,47590,57660,63810
47-2181,GA,2160,0.51,48440,32070,38870,46940,54840,63720
47-2181,HI,1110,2.03,61430,45860,47750,59580,73690,79400
47-2181,IA,930,0.68,52070,37070,46410,48660,61370,65010
47-2181,ID,1190,1.59,54300,35780,41430,57790,63580,71860
47-2181,IL,5300,1,77650,46600,57850,77900,103040,106530
47-2181,IN,2980,1.07,59810,39830,45330,57980,76210,89240
47-2181,KS,900,0.72,53370,37240,44150,47190,61330,81540
47-2181,KY,1080,0.62,50680,38220,44150,46940,59600,65470
47-2181,LA,760,0.45,52790,36140,38970,48760,56190,84590
47-2181,MA,1950,0.62,72990,50790,59870,72750,83100,106290
47-2181,MD,2050,0.85,61640,45760,48260,60090,75050,80470
47-2181,ME,610,1.09,53700,44890,47060,50120,59080,64430
47-2181,MI,3090,0.8,61450,41910,47890,59530,78120,80270
47-2181,MN,1890,0.73,72920,46020,55670,74490,91620,99170
47-2181,MO,2050,0.8,56320,38470,42730,48570,64710,78710
47-2181,MS,480,0.47,45280,35280,36450,44940,49000,62830
47-2181,MT,370,0.82,57010,46020,48190,59030,64660,71920
47-2181,NC,3060,0.71,50030,36760,44960,49010,56530,60600
47-2181,ND,290,0.78,60540,46050,48010,59740,72130,87360
47-2181,NE,1730,1.94,47930,37480,39580,46460,55650,59670
47-2181,NH,270,0.45,63820,46920,48660,59830,72370,100040
47-2181,NJ,1860,0.5,74380,45230,49680,76600,99760,103720
47-2181,NM,1160,1.53,47980,35880,38450,45300,56030,73850
47-2181,NV,2120,1.57,57460,37960,48510,51090,64630,79680
47-2181,NY,4570,0.54,69350,47000,58470,66020,77440,95040
47-2181,OH,4610,0.95,55670,39940,46060,49390,63230,75340
47-2181,OK,1260,0.85,49120,30800,38260,43680,55630,81720
47-2181,OR,3430,2,61510,45880,48720,58970,69090,95700
47-2181,PA,3830,0.73,56470,40480,47320,55710,62370,76700
47-2181,RI,360,0.82,63580,43450,49350,61630,76570,93740
47-2181,SC,850,0.43,50180,36030,37990,45760,52760,61860
47-2181,SD,400,0.99,46980,34550,37510,47710,57270,59200
47-2181,TN,2110,0.74,46740,32180,38130,45690,48940,61340
47-2181,TX,5740,0.47,47200,34120,37430,46030,53630,61560
47-2181,UT,2710,1.79,51580,30160,44490,48680,62260,67390
47-2181,VA,2070,0.58,51520,38220,45760,48420,57590,66420
47-2181,VT,210,0.79,56330,45380,48750,59040,61110,63250
47-2181,WA,5890,1.9,68870,47860,52310,60640,79470,104000
47-2181,WI,2400,0.94,58060,39130,47850,59370,65330,78380
47-2181,WV,440,0.73,51080,28660,36270,51170,66750,69820
47-2181,WY,330,1.33,49680,37110,37930,45650,60610,62490
47-2211,AK,240,0.95,83980,49300,57690,94600,103520,116580
47-2211,AL,1450,0.89,51190,35510,42290,47530,58670,71270
47-2211,AR,1230,1.22,45800,35800,38440,45820,48260,57380
47-2211,AZ,3060,1.23,56480,36350,37840,50260,68940,80750
47-2211,CA,8390,0.6,85580,47410,59220,76590,107360,132190
47-2211,CO,1660,0.75,60390,43780,47010,57880,70400,83550
47-2211,CT,1480,1.13,74720,49780,57860,78750,92620,93940
47-2211,DE,440,1.18,61140,37290,43270,61460,80390,85790
47-2211,FL,8040,1.05,53120,36140,40790,49640,60050,71740
47-2211,GA,3590,0.95,58010,38820,46240,56800,70640,76900
47-2211,HI,490,1.01,91310,52730,77790,96350,105460,118960
47-2211,IA,1650,1.37,65480,43770,49470,66460,76080,91450
47-2211,ID,1290,1.95,55090,36340,37620,46350,75380,78470
47-2211,IL,3260,0.69,81960,42220,59400,86630,105330,117910
47-2211,IN,4580,1.86,70030,42620,48820,64040,91130,104080
47-2211,KS,1730,1.56,68590,38690,43370,62670,86680,108530
47-2211,KY,2210,1.44,63790,40570,48350,60680,82550,85310
47-2211,LA,1080,0.72,52960,34650,37150,50320,61250,77790
47-2211,MA,2890,1.03,78900,46440,52760,82100,92630,121050
47-2211,MD,1940,0.91,64410,46800,51110,62560,75310,84650
47-2211,ME,830,1.68,61830,47930,54180,62120,66070,75490
47-2211,MI,4000,1.18,68100,40940,48680,64490,86690,96390
47-2211,MN,2980,1.31,78420,47520,51570,72970,106870,116990
47-2211,MO,2640,1.17,71050,38090,47500,63560,98090,110580
47-2211,MS,1260,1.41,52190,36560,39070,49500,62650,70630
47-2211,MT,410,1.04,64660,44310,51540,61420,78970,84220
47-2211,NC,2780,0.73,54560,37280,45500,50730,61490,78020
47-2211,ND,290,0.88,66540,48080,48900,65180,80940,84740
47-2211,NE,440,0.56,67250,32140,46030,64440,88310,94980
47-2211,NH,760,1.44,59190,34170,46300,59800,70840,79930
47-2211,NJ,2790,0.84,88620,46290,58390,92840,119870,130630
47-2211,NM,640,0.96,59950,36410,41600,56720,79140,84690
47-2211,NV,1270,1.06,64490,38120,39150,46730,83340,121730
47-2211,NY,6570,0.88,77240,40330,49920,73760,96120,126090
47-2211,OH,4180,0.98,68810,43200,49680,74790,82750,94240
47-2211,OK,2820,2.14,63510,46000,55000,65640,70640,79090
47-2211,OR,3250,2.14,80290,48150,58410,73750,108920,120600
47-2211,PA,3260,0.7,72910,45660,50650,61400,87610,126430
47-2211,RI,370,0.96,64060,42670,52080,65100,81980,81980
47-2211,SC,1710,0.97,53200,37090,38450,49920,63550,76300
47-2211,SD,320,0.91,54140,38420,42580,47800,60330,86780
47-2211,TN,1850,0.73,59390,38710,45230,59170,73640,79360
47-2211,TX,9540,0.88,56500,37010,44950,54240,63450,78400
47-2211,UT,1810,1.36,63690,44360,49510,63140,76300,85770
47-2211,VA,4520,1.43,55090,37440,44620,52220,63390,73640
47-2211,VT,370,1.58,59740,42920,48630,58250,66610,82940
47-2211,WA,3440,1.26,101200,57650,72220,98550,134590,149260
47-2211,WI,3180,1.4,76130,45160,50350,77760,97320,107060
47-2211,WV,540,1,61250,38170,46910,72390,74410,76020
47-2211,WY,160,0.72,60080,42350,52640,58740,71750,72400
47-2221,AK,120,0.82,81450,65990,74880,76970,92650,99980
47-2221,AL,1740,1.87,53970,40660,46640,56640,60480,67700
47-2221,AR,1080,1.88,46020,32430,36860,45510,56230,61460
47-2221,AZ,3980,2.8,62360,46470,48940,59390,64370,92270
47-2221,CA,7110,0.89,80920,47480,59220,76370,103980,118030
47-2221,CO,860,0.68,61010,44870,50460,58830,71980,83150
47-2221,CT,330,0.44,68500,47810,50210,62400,87960,97760
47-2221,DC,210,0.7,69290,58130,61240,61240,78900,93070
47-2221,DE,90,0.41,59350,50000,51760,59820,63340,72370
47-2221,FL,2730,0.63,55720,37950,45420,55700,64650,73280
47-2221,GA,980,0.46,52500,38370,43260,48090,60850,70680
47-2221,HI,290,1.05,96620,53970,97400,99860,111170,121680
47-2221,IA,,**,73110,59120,65160,77400,80080,81240
47-2221,ID,500,1.32,68020,49780,56200,72750,75150,80140
47-2221,IL,2740,1.02,98680,64830,81750,101850,120640,124450
47-2221,IN,2750,1.95,70590,45720,56830,70130,80770,98840
47-2221,KS,260,0.42,59310,44770,48450,58560,63100,79820
47-2221,KY,990,1.13,66980,48240,56480,64060,76570,98360
47-2221,LA,1180,1.39,62830,39130,51680,68830,73470,80560
47-2221,MA,2050,1.28,113290,82760,110910,120840,124040,128080
47-2221,MD,710,0.59,68310,47790,59710,71730,78660,82160
47-2221,ME,200,0.7,64350,45660,49020,61750,73650,86840
47-2221,MI,1750,0.9,63580,41260,48290,62830,75750,79150
47-2221,MN,910,0.7,92680,80030,89720,95320,98160,99010
47-2221,MO,1320,1.02,71910,48650,58520,77410,81800,89350
47-2221,MS,480,0.94,51580,30700,37890,50690,60810,74520
47-2221,MT,130,0.57,64530,47880,51580,67390,75070,75690
47-2221,NC,2000,0.92,53250,36780,44120,48740,58330,79130
47-2221,ND,270,1.42,77890,57410,61820,82120,83990,99840
47-2221,NE,610,1.36,64390,48160,54070,65470,74860,79040
47-2221,NH,220,0.72,60430,48500,51790,59920,66560,73480
47-2221,NJ,1060,0.56,112660,94000,104410,113220,124640,130710
47-2221,NV,1400,2.05,73740,46560,58300,62510,99580,103770
47-2221,NY,2700,0.63,92830,59140,75690,92610,113260,129180
47-2221,OH,2290,0.94,72700,47840,58750,74710,77750,88860
47-2221,OK,1140,1.51,51200,37790,44730,47660,58350,63670
47-2221,OR,570,0.65,89260,52630,74360,96050,100240,120860
47-2221,PA,1610,0.6,83980,51550,66390,82970,103920,110680
47-2221,RI,360,1.62,89740,65500,84700,98320,98320,98330
47-2221,SC,660,0.66,52760,34890,46030,50750,60560,66750
47-2221,SD,440,2.18,56500,45380,48000,57050,60330,74800
47-2221,TN,1240,0.86,58090,44500,48320,56750,66240,74700
47-2221,TX,9700,1.57,56740,42160,47120,52240,62360,77520
47-2221,UT,1630,2.14,56670,40190,47470,58250,65510,75200
47-2221,VA,2300,1.27,59520,47040,51280,60260,64980,73890
47-2221,VT,50,0.34,59500,46450,48250,55640,62410,83630
47-2221,WA,850,0.54,98300,53210,79810,107660,120170,128970
47-2221,WI,710,0.55,85460,58150,74880,92820,95840,100160
47-2221,WV,150,0.47,67180,50620,57610,71850,74560,80200
47-2221,WY,80,0.64,50500,39960,46460,47480,59280,60820
47-4011,AK,270,0.89,102330,73550,80560,102410,121250,124840
47-4011,AL,1420,0.71,64130,46010,51120,61300,74870,85770
47-4011,AR,800,0.65,57710,39450,46280,52700,66560,81340
47-4011,AZ,3330,1.09,78380,55310,62320,73440,86760,105980
47-4011,CA,13420,0.78,103850,56220,76160,101290,128530,161550
47-4011,CO,3700,1.36,83300,54290,65740,79950,98280,121740
47-4011,CT,1430,0.9,97580,65140,79140,98670,115100,129830
47-4011,DC,370,0.56,93030,68120,76130,86200,109920,131810
47-4011,DE,570,1.25,72940,52350,61970,72700,81400,95690
47-4011,FL,13860,1.48,71350,45460,54080,68170,83390,100280
47-4011,GA,4510,0.98,70960,46070,54620,65980,80340,100450
47-4011,HI,710,1.19,79900,53590,66720,79320,94570,99600
47-4011,IA,1140,0.77,71050,47470,60720,71630,82150,90380
47-4011,ID,1000,1.23,71410,48840,56680,63570,83600,102000
47-4011,IL,2560,0.44,80320,47600,59660,78340,100030,119650
47-4011,IN,2110,0.7,67530,44540,50740,62850,79490,94350
47-4011,KS,840,0.62,68210,48170,56290,63150,78720,91420
47-4011,KY,1380,0.73,66580,37140,46410,60200,79550,97670
47-4011,LA,1440,0.79,71070,47450,59670,68260,81460,95400
47-4011,MA,4290,1.25,86940,50330,65730,83200,104030,123400
47-4011,MD,2780,1.07,79670,53610,63530,76640,94160,110250
47-4011,ME,710,1.17,75140,48340,61490,74670,81410,102500
47-4011,MI,3090,0.74,71550,47100,60680,71040,82510,95980
47-4011,MN,1390,0.5,90440,61610,78030,88670,100890,112420
47-4011,MO,1640,0.59,65140,46980,52040,62970,76210,87690
47-4011,MS,800,0.72,55760,35600,42660,50250,65350,76400
47-4011,MT,290,0.6,75210,49840,61110,75700,84240,100850
47-4011,NC,6490,1.39,69070,46840,56030,66080,79430,95220
47-4011,ND,180,0.44,78490,55150,66370,78570,89660,100390
47-4011,NE,570,0.59,67100,45910,51880,65000,79540,90880
47-4011,NH,420,0.65,68820,45070,55680,65640,80160,88610
47-4011,NJ,5950,1.47,86370,48880,63520,81760,104690,126400
47-4011,NM,800,0.97,70180,48350,58700,65420,79230,94870
47-4011,NV,1780,1.22,78320,55510,61730,75290,97730,105490
47-4011,NY,11160,1.22,86600,51540,61920,79460,103960,134430
47-4011,OH,3490,0.67,74770,50440,62150,74490,82830,100290
47-4011,OK,2090,1.29,63610,41410,46330,59280,76400,94850
47-4011,OR,1780,0.96,87080,60970,72300,84510,102760,115910
47-4011,PA,5320,0.93,69540,48610,57860,65870,78830,93790
47-4011,RI,270,0.57,80850,57950,63520,77420,96670,110940
47-4011,SC,2500,1.15,60040,36140,45370,58840,74060,84860
47-4011,SD,200,0.46,67260,47670,53480,64940,78410,89050
47-4011,TN,2500,0.81,61410,38670,48430,59870,73320,84600
47-4011,TX,18230,1.37,69810,43220,50560,64810,80370,105160
47-4011,UT,1240,0.76,73580,48690,60070,74130,84240,99630
47-4011,VA,6550,1.69,76220,50090,60870,75660,88340,104480
47-4011,VT,120,0.41,70850,49350,60320,66580,82180,92110
47-4011,WA,3090,0.92,93070,63840,77480,96140,105300,121700
47-4011,WI,1270,0.46,75490,47290,58450,75610,87980,101240
47-4011,WV,540,0.81,68180,34090,47100,64000,91520,92930
47-4011,WY,370,1.38,61510,35920,42970,61870,79140,93470
49-2011,AK,170,1.22,51600,35170,38480,46680,59550,75670
49-2011,AL,930,1.05,44960,34820,37410,39970,50920,62630
49-2011,AR,560,1.01,45120,34580,37020,45970,49140,57550
49-2011,AZ,1000,0.73,51010,36670,44720,49620,57130,63470
49-2011,CA,7250,0.94,57370,38660,44260,58280,65000,75570
49-2011,CO,880,0.73,53750,38840,42630,49650,63250,74460
49-2011,CT,380,0.53,62420,39420,46190,61190,79350,93830
49-2011,DE,250,1.23,51450,36990,42820,51550,60630,66560
49-2011,FL,3470,0.83,47510,35990,38260,45690,55980,61970
49-2011,GA,2330,1.13,47010,34080,37600,45390,56520,62780
49-2011,HI,110,0.43,55890,39650,43260,49270,59040,101640
49-2011,IA,420,0.63,48880,34460,37480,47330,60210,66650
49-2011,ID,180,0.5,40850,31980,34450,39190,47690,53750
49-2011,IL,3260,1.27,47710,33350,37560,44860,55340,63100
49-2011,IN,2140,1.58,46940,31790,37680,46170,56650,62160
49-2011,KS,570,0.93,47640,34770,37150,44290,56420,61370
49-2011,KY,1440,1.71,47970,36300,37240,47070,56360,61970
49-2011,LA,900,1.11,52050,28900,37970,50150,60910,77340
49-2011,MA,1350,0.88,57900,39900,47020,57270,69290,75500
49-2011,MD,960,0.83,55750,38280,46680,54120,61580,74240
49-2011,ME,290,1.08,53360,38530,45640,49610,64010,73860
49-2011,MI,1660,0.9,50950,35710,38120,47570,58630,76040
49-2011,MN,1720,1.38,54790,37330,43460,50540,64550,78660
49-2011,MO,1090,0.88,46410,35090,37560,44080,50710,59480
49-2011,MS,490,1,45190,29390,36330,42920,54150,61590
49-2011,MT,160,0.76,49180,34140,39970,48820,57930,62730
49-2011,NC,3160,1.51,47900,34950,38590,46890,53280,63600
49-2011,ND,160,0.91,56440,37460,43180,58720,64580,74570
49-2011,NE,640,1.48,49870,36920,40110,46890,58150,72170
49-2011,NH,260,0.89,55720,38380,45310,60570,62060,64780
49-2011,NJ,2190,1.21,57310,37800,45770,57330,65330,77460
49-2011,NM,330,0.89,43830,33290,36490,43330,48230,56650
49-2011,NV,410,0.63,47070,29830,36160,38430,62770,70210
49-2011,NY,3240,0.79,57750,38560,44650,57290,67870,78360
49-2011,OH,2040,0.87,51840,36210,38230,47740,62690,78110
49-2011,OK,780,1.08,51310,36260,39520,51880,58310,68370
49-2011,OR,1050,1.26,49890,36990,39970,46950,54290,71630
49-2011,PA,2390,0.94,49870,35040,38370,47920,58790,69070
49-2011,RI,70,0.32,51850,37650,44290,49700,59710,71250
49-2011,SC,680,0.7,44940,35770,37050,39060,50290,62410
49-2011,SD,300,1.54,58290,37770,50470,59700,63440,76110
49-2011,TN,1110,0.81,46660,35700,36780,42330,53480,62530
49-2011,TX,7140,1.2,46460,35010,38070,45480,51660,60280
49-2011,UT,570,0.77,48510,32840,37810,41810,58460,71510
49-2011,VA,1530,0.88,48850,36080,37880,44750,57050,68480
49-2011,VT,80,0.66,53450,42890,50260,53610,58330,60790
49-2011,WA,2010,1.34,54620,39090,44980,49050,61430,74830
49-2011,WI,1010,0.81,51970,36210,38900,47690,58980,72340
49-2011,WV,370,1.24,44250,30780,36400,38720,52620,61480
49-2011,WY,70,0.56,47290,35690,38700,47480,49290,64840
49-2022,AK,520,1.75,84980,56150,61610,95850,101720,103280
49-2022,AL,3200,1.67,63900,43750,50790,59770,78670,91790
49-2022,AR,1320,1.11,52720,34620,41370,49740,61070,68580
49-2022,AZ,3320,1.13,66570,38580,41600,72710,84750,93720
49-2022,CA,14040,0.85,81340,56410,65480,76630,97400,113240
49-2022,CO,3180,1.22,72840,51030,62760,76410,82840,88660
49-2022,CT,1910,1.24,72910,47380,60120,75200,80880,99460
49-2022,DC,300,0.47,80600,51710,58830,73130,99270,131140
49-2022,DE,440,1,68730,49530,59040,66670,79270,85200
49-2022,FL,11820,1.31,63020,45910,49520,61030,72140,92550
49-2022,GA,6640,1.5,70330,41900,55060,64900,91910,96960
49-2022,HI,760,1.34,76040,51530,58350,79250,86940,96970
49-2022,IA,1780,1.26,66270,45600,49830,65710,80130,83620
49-2022,ID,1080,1.39,64950,41630,48200,62440,81610,83990
49-2022,IL,5760,1.04,67380,42700,49930,64630,77530,100140
49-2022,IN,2050,0.71,61250,46020,49180,61030,73110,77120
49-2022,KS,1480,1.13,59760,44140,47830,58690,64680,80960
49-2022,KY,2210,1.22,61880,38870,46840,59700,75400,88320
49-2022,LA,3060,1.74,74620,50930,59710,80210,91370,94800
49-2022,MA,2890,0.88,74350,39610,60920,76500,93190,106400
49-2022,MD,2520,1.01,68800,44120,49680,63050,87100,99230
49-2022,ME,400,0.68,64720,48780,49550,61720,73850,91310
49-2022,MI,3940,0.99,64150,44650,49540,61700,76780,85090
49-2022,MN,1900,0.71,71020,45040,60520,75150,82750,89630
49-2022,MO,2260,0.85,59910,36590,46050,57610,69160,86790
49-2022,MS,1500,1.42,64960,38330,49050,61250,90910,91610
49-2022,MT,630,1.35,71880,50450,60880,73970,81240,92410
49-2022,NC,3540,0.79,67920,48400,52130,63970,81250,94480
49-2022,ND,470,1.2,82790,58280,62820,90890,97560,103150
49-2022,NE,1430,1.55,61420,41290,46550,60520,76850,82950
49-2022,NH,550,0.89,83040,61960,78700,85240,93660,96610
49-2022,NJ,2690,0.69,80230,51590,63700,78000,97490,104770
49-2022,NM,1100,1.4,65740,43550,47340,63600,82140,85690
49-2022,NV,890,0.63,64040,46060,48400,62800,76080,78820
49-2022,NY,6240,0.71,72850,48220,53290,67710,89390,102180
49-2022,OH,3560,0.71,66980,43680,51290,61680,79750,99550
49-2022,OK,1660,1.07,55890,37020,45330,50350,62910,77040
49-2022,OR,1710,0.96,74960,47750,60790,75270,84540,103380
49-2022,PA,5220,0.95,68520,41510,47650,64960,78260,97800
49-2022,RI,150,0.34,74100,57300,61390,66960,88560,95950
49-2022,SC,2130,1.02,65900,43900,50110,61480,84400,92910
49-2022,SD,520,1.25,64950,42630,49220,62000,82420,88000
49-2022,TN,2480,0.83,65620,45880,51220,61220,80400,92780
49-2022,TX,13440,1.05,61330,39140,48460,59370,71170,89120
49-2022,UT,2160,1.37,68010,47110,49450,65650,83220,89180
49-2022,VA,3310,0.89,64360,44030,49570,61340,77570,90290
49-2022,VT,310,1.12,75800,49910,61170,81800,88360,90820
49-2022,WA,3210,1,76930,50200,62640,77610,83270,101630
49-2022,WI,2120,0.79,63780,48780,53540,60770,73330,81960
49-2022,WV,820,1.29,66950,41970,48420,63560,79830,96960
49-2022,WY,310,1.22,63390,46860,51360,60250,81500,83480
49-3011,AK,1470,5.07,89990,54530,77620,91150,104810,122880
49-3011,AL,4310,2.29,79500,48350,67190,82260,94970,98440
49-3011,AR,720,0.62,64030,39900,51210,65420,76400,78690
49-3011,AZ,5670,1.97,76810,48290,60370,75300,86990,121480
49-3011,CA,12590,0.78,86110,53860,68390,86100,99650,116690
49-3011,CO,2690,1.05,90620,60960,75270,82080,103300,130160
49-3011,CT,1430,0.95,96200,60390,78010,96830,118710,127050
49-3011,DE,240,0.56,88450,63280,74610,83550,99900,116370
49-3011,FL,14850,1.68,79880,45500,59660,76940,97430,130190
49-3011,GA,6720,1.55,80370,47240,58870,75640,98300,133250
49-3011,HI,1150,2.07,91830,62570,78830,90830,104470,130560
49-3011,IA,330,0.24,63880,33740,43720,69890,80510,93130
49-3011,ID,600,0.78,67600,44840,48810,61250,81830,98260
49-3011,IL,3370,0.62,88650,46460,57720,81680,126500,130950
49-3011,IN,1500,0.53,66000,36980,50810,63400,77670,90060
49-3011,KS,1440,1.13,75720,50630,63680,80270,82720,98070
49-3011,KY,1680,0.94,81330,45210,61420,67920,94920,156910
49-3011,LA,1150,0.67,80420,47840,65190,79780,91020,107830
49-3011,MA,1410,0.44,96210,75180,82930,93040,99290,133400
49-3011,MD,1070,0.44,94270,65960,77280,100500,103900,121100
49-3011,ME,190,0.33,75560,57000,61350,67890,82780,118500
49-3011,MI,3380,0.87,76090,48180,59990,74900,82230,118100
49-3011,MN,2390,0.91,90160,52100,63530,81980,131840,133020
49-3011,MO,1700,0.65,70700,45620,59900,71470,81110,97160
49-3011,MS,1360,1.32,71030,47650,60010,74880,84370,88340
49-3011,MT,310,0.69,71970,47100,59150,64170,82240,97200
49-3011,NC,4700,1.07,79320,50970,62720,76980,93670,112050
49-3011,ND,200,0.53,76970,52100,62440,77740,87210,99170
49-3011,NE,410,0.45,67910,47440,52800,64020,75440,98020
49-3011,NH,190,0.32,80520,59560,69200,79610,91620,99910
49-3011,NJ,1900,0.5,110880,72760,82670,105370,130960,133790
49-3011,NM,860,1.11,81630,49690,73390,84440,96740,99020
49-3011,NV,2570,1.87,91000,61010,77850,94890,103470,113290
49-3011,NY,4300,0.5,137860,63380,78380,102800,240310,240310
49-3011,OH,2840,0.58,86880,51490,66140,80570,97540,132850
49-3011,OK,8550,5.64,78570,51130,61130,74390,107700,108770
49-3011,OR,1080,0.62,86840,59330,66530,82850,97740,135770
49-3011,PA,2080,0.39,86080,48560,64890,78000,101260,136510
49-3011,RI,120,0.28,70790,31200,49740,70720,87820,96530
49-3011,SC,1660,0.81,70460,45230,59360,75160,81980,84600
49-3011,SD,150,0.36,75360,51160,63900,75750,83080,89360
49-3011,TN,4670,1.6,90060,52900,60420,81040,95140,167410
49-3011,TX,16850,1.35,85480,48600,69130,84440,99490,122180
49-3011,UT,2080,1.35,74900,46210,60510,70160,80390,104550
49-3011,VA,2260,0.62,86570,58150,74700,82200,96520,125170
49-3011,VT,160,0.61,77390,55610,62550,76370,86930,98810
49-3011,WA,4480,1.42,94040,58450,75280,98980,107370,117740
49-3011,WI,1270,0.49,74310,44520,57780,73930,85060,99850
49-3011,WV,590,0.95,53580,35220,35370,45470,70950,78710
49-3011,WY,340,1.36,62540,35460,46390,56680,72950,99540
49-3023,AK,1420,0.96,65620,44060,49340,60840,79560,94600
49-3023,AL,9040,0.94,51020,31030,37050,45640,61560,79230
49-3023,AR,7310,1.24,48420,30320,35760,44160,57910,75600
49-3023,AZ,16400,1.12,55680,34660,37760,49570,65360,79330
49-3023,CA,65420,0.79,65470,38180,46580,64980,77060,95280
49-3023,CO,12300,0.94,63980,39550,46170,61280,78300,93830
49-3023,CT,6960,0.91,60160,38430,45410,60220,74500,79930
49-3023,DC,310,0.1,67910,46230,56530,68660,78770,89960
49-3023,DE,1910,0.87,58500,36700,45830,58410,71750,82280
49-3023,FL,49930,1.11,53740,31970,37040,48260,62990,79180
49-3023,GA,22070,1,56600,33580,37740,49060,65530,84360
49-3023,HI,2710,0.95,56180,36360,39520,52160,67160,79090
49-3023,IA,7610,1.08,55310,36100,39340,50510,67200,77400
49-3023,ID,5030,1.3,53990,34570,39590,48420,62660,77710
49-3023,IL,29510,1.07,56680,34190,38310,49170,73640,91200
49-3023,IN,16480,1.14,53710,35800,38500,49360,62710,78580
49-3023,KS,6240,0.96,52760,31970,38150,47790,63000,77340
49-3023,KY,11140,1.23,47990,30210,35980,44890,59990,73910
49-3023,LA,8620,0.98,50650,30230,36900,46400,62060,77790
49-3023,MA,12710,0.77,62960,38370,45560,60760,78560,95090
49-3023,MD,14230,1.14,59380,35940,40500,57520,76340,84420
49-3023,ME,3390,1.17,55200,38420,46040,52040,61970,74650
49-3023,MI,22280,1.12,56490,36110,43680,54120,67100,79060
49-3023,MN,11980,0.9,59300,38310,46620,58390,73250,83180
49-3023,MO,17210,1.29,53950,34950,38420,49160,63240,76870
49-3023,MS,7410,1.41,45650,28650,32630,37820,55000,74000
49-3023,MT,2900,1.25,59310,38170,47230,58740,72270,78460
49-3023,NC,26510,1.18,53510,31500,36600,48200,63170,79610
49-3023,ND,2140,1.1,58000,37610,43330,57360,63560,83860
49-3023,NE,4560,0.98,55430,36770,42580,50560,62710,79990
49-3023,NH,4840,1.56,60690,38310,46600,59020,73010,82250
49-3023,NJ,17640,0.91,58830,33500,40030,56610,75410,91210
49-3023,NM,5080,1.29,51790,30390,36500,47300,63050,77850
49-3023,NV,7420,1.06,56090,33500,38870,48290,73790,81180
49-3023,NY,32020,0.73,59110,35470,45550,54120,73320,91490
49-3023,OH,22640,0.9,54590,34110,37200,48710,63840,79690
49-3023,OK,8870,1.15,52080,29410,36110,46560,64260,81480
49-3023,OR,6990,0.78,63210,39590,47780,58520,77780,92090
49-3023,PA,29400,1.07,54340,35600,40010,49800,62780,77630
49-3023,RI,2530,1.11,54310,31860,37930,51770,62400,80780
49-3023,SC,13420,1.29,52420,31200,37430,48100,63610,78030
49-3023,SD,2010,0.97,55660,38670,44790,51160,61610,80500
49-3023,TN,16210,1.09,54590,34820,38300,50290,63790,79930
49-3023,TX,69750,1.09,52980,29360,36650,48310,62270,81720
49-3023,UT,9350,1.19,51690,30460,37140,46570,62400,77320
49-3023,VA,17880,0.96,61600,36540,45080,59330,76540,92570
49-3023,VT,1610,1.17,58030,40500,47700,51630,62570,78690
49-3023,WA,12930,0.8,62460,39470,45740,57270,76960,95620
49-3023,WI,12270,0.92,56900,36590,44550,54350,69570,78140
49-3023,WV,4490,1.41,44080,28270,35130,37660,49740,65520
49-3023,WY,1560,1.22,55300,34200,41480,51330,64500,79470
49-3031,AK,860,1.41,74580,52000,62450,75580,83210,98610
49-3031,AL,6130,1.55,54120,37470,45940,50470,61030,75660
49-3031,AR,4090,1.68,54250,38620,46090,52330,60940,69260
49-3031,AZ,5140,0.85,63820,45460,51080,61680,74310,84350
49-3031,CA,20940,0.62,72690,47180,60110,73950,84740,96730
49-3031,CO,4600,0.86,71010,47450,59300,70480,79780,96450
49-3031,CT,2860,0.9,70200,45260,60300,67300,81160,97220
49-3031,DC,110,0.08,69880,49930,59450,65200,75980,93040
49-3031,DE,670,0.74,65730,49250,54260,63590,74380,82650
49-3031,FL,14900,0.8,62750,44300,49720,60490,73900,79210
49-3031,GA,10910,1.2,64230,45890,51510,61370,75340,85260
49-3031,HI,690,0.59,76730,54330,62850,80080,85040,100540
49-3031,IA,4140,1.42,60900,43710,48770,59680,71570,80080
49-3031,ID,1930,1.21,60110,45960,48740,59230,69370,77800
49-3031,IL,11320,1,69220,44760,53640,64340,80640,97670
49-3031,IN,8840,1.48,61200,44160,49270,60610,70810,79730
49-3031,KS,3300,1.23,61260,43610,48870,59460,71430,81000
49-3031,KY,3890,1.04,57370,38250,46560,55480,63740,80500
49-3031,LA,3270,0.91,58930,38900,46800,58680,69100,79160
49-3031,MA,4870,0.72,73640,49400,59920,73270,84410,99460
49-3031,MD,3030,0.59,73300,50010,60920,74790,84180,97800
49-3031,ME,1380,1.15,62230,45760,51070,60850,72850,79450
49-3031,MI,9020,1.1,62140,45240,51280,61420,67460,81010
49-3031,MN,7300,1.33,69320,49810,59480,66840,78600,90520
49-3031,MO,6780,1.24,60750,41170,48070,59360,69000,82480
49-3031,MS,3140,1.45,56670,37390,44120,54360,65400,82020
49-3031,MT,1230,1.29,60940,44880,51650,59990,71180,77700
49-3031,NC,11070,1.2,57910,39890,48040,57490,64770,76240
49-3031,ND,1790,2.23,68600,46790,58080,66110,81100,91520
49-3031,NE,2720,1.43,59790,44010,49430,59140,65200,79400
49-3031,NH,1040,0.82,72860,52730,60440,71390,82700,99590
49-3031,NJ,8160,1.02,70860,49140,59740,72340,79850,94150
49-3031,NM,1740,1.07,59650,37860,47560,55910,66900,83260
49-3031,NV,1990,0.69,71370,48770,58240,68410,80950,97720
49-3031,NY,13230,0.73,70740,48360,58420,70100,86450,90090
49-3031,OH,14240,1.38,61190,44860,50700,60470,69290,78120
49-3031,OK,3970,1.25,55650,37250,46310,55340,62580,76130
49-3031,OR,3770,1.03,67270,47690,57580,63970,76840,90700
49-3031,PA,12630,1.12,62680,45910,51060,61740,73000,80440
49-3031,RI,350,0.38,69320,51020,60620,67270,77590,85420
49-3031,SC,3360,0.78,59050,41440,48510,59330,65690,76670
49-3031,SD,1340,1.57,59480,45500,49570,58120,65200,78810
49-3031,TN,5720,0.94,60590,40450,48680,59190,71610,80580
49-3031,TX,29870,1.14,60530,40930,47520,58810,70400,81660
49-3031,UT,2690,0.83,64930,46970,57450,64350,74930,83140
49-3031,VA,8070,1.05,61590,45250,50840,61090,70460,79150
49-3031,VT,550,0.98,63890,46380,49930,59390,75960,84060
49-3031,WA,7410,1.12,78790,54720,63700,77900,92880,102800
49-3031,WI,6750,1.23,64150,45250,52040,62450,74800,82210
49-3031,WV,1040,0.8,52690,35350,37670,46610,62430,78460
49-3031,WY,1100,2.1,63740,45140,54050,61580,73950,80400
49-3041,AL,680,1.32,53610,35930,44100,50000,63260,76780
49-3041,AR,790,2.5,53360,30970,41620,49030,62060,76420
49-3041,AZ,700,0.89,59050,32580,36240,53630,76940,98590
49-3041,CA,4730,1.07,59990,38560,45650,53790,76090,83200
49-3041,CO,270,0.39,56710,31200,42630,55400,66810,83190
49-3041,CT,70,0.17,58170,42430,49030,58690,64530,77900
49-3041,DE,70,0.63,62150,44460,52500,61850,76040,78510
49-3041,FL,800,0.33,49820,35100,40000,48360,56940,68040
49-3041,GA,570,0.48,55400,38030,45190,50170,63950,79330
49-3041,HI,40,0.26,55510,46840,49990,49990,63310,69950
49-3041,IA,2210,5.83,61270,44190,49270,59860,74770,77880
49-3041,ID,680,3.25,58750,42200,47400,59600,64100,78330
49-3041,IL,1770,1.19,62300,40420,48680,59430,73690,85270
49-3041,IN,1200,1.54,59590,39120,46080,60460,71290,78020
49-3041,KS,2130,6.09,53050,34550,45460,50290,61990,70340
49-3041,KY,800,1.65,50620,28070,35680,48970,60410,76490
49-3041,LA,320,0.69,54530,36430,44160,48330,63280,77430
49-3041,MD,,**,62460,46320,51140,60360,70680,75980
49-3041,ME,130,0.82,60990,41630,54380,58880,63310,85550
49-3041,MI,980,0.91,53670,38170,41580,50870,64010,73990
49-3041,MN,1620,2.26,56330,37810,46570,58040,63080,76950
49-3041,MO,960,1.35,55030,37470,45810,51330,62260,73850
49-3041,MS,520,1.82,50290,36870,42180,49030,60090,63850
49-3041,MT,400,3.18,61350,41630,48770,61710,74760,81240
49-3041,NC,300,0.25,57900,37150,41630,50750,73010,93240
49-3041,ND,770,7.4,67410,48120,57660,63030,80050,90260
49-3041,NE,1770,7.09,53190,36390,42980,49810,61960,77340
49-3041,NH,70,0.43,54630,44760,47810,50360,64320,68410
49-3041,NJ,260,0.25,63730,48090,56580,62300,70990,78660
49-3041,NM,120,0.59,53570,36750,44200,49920,63390,75810
49-3041,NV,70,0.18,63540,49380,50230,65250,74100,91170
49-3041,NY,650,0.28,56040,43670,47460,56550,62030,73680
49-3041,OH,1300,0.96,55310,30430,47280,53400,61970,78980
49-3041,OK,380,0.92,56820,40670,47950,58860,64380,74540
49-3041,OR,660,1.38,63870,45520,50840,60830,74780,85740
49-3041,PA,990,0.67,51900,35250,46340,51310,59990,64500
49-3041,SC,260,0.46,50510,35050,40090,46640,61430,72180
49-3041,SD,820,7.35,63550,46750,51170,62140,77020,79880
49-3041,TN,1030,1.28,51990,36090,39520,47830,60740,74880
49-3041,TX,2200,0.64,57930,36530,46310,57150,65130,78700
49-3041,UT,190,0.46,58200,34730,47570,56070,73620,82980
49-3041,VA,460,0.46,48630,36030,39660,47700,56160,61900
49-3041,VT,130,1.76,56990,45950,49740,58750,60410,73590
49-3041,WA,1120,1.3,63580,46090,48600,61370,76730,87360
49-3041,WI,1560,2.18,57280,38660,48500,58870,67080,74800
49-3041,WV,60,0.33,45670,31760,32500,46240,50530,62530
49-3041,WY,90,1.33,60740,38650,50010,60880,74980,82020
49-9021,AK,610,0.72,80150,48580,58700,77430,102170,105140
49-9021,AL,8260,1.48,51320,36510,40340,48370,60020,65690
49-9021,AR,4960,1.44,51150,37040,42830,48110,59760,69290
49-9021,AZ,10860,1.27,60900,37950,47170,59400,73810,80160
49-9021,CA,35130,0.73,75370,46950,58280,72560,90780,109060
49-9021,CO,8940,1.18,71330,48220,58050,65200,82010,103640
49-9021,CT,3800,0.85,73590,45280,60360,76610,86650,100160
49-9021,DC,400,0.21,84920,49940,77730,84390,101940,108240
49-9021,DE,1730,1.35,66140,45000,53060,62320,76740,97600
49-9021,FL,39160,1.5,57310,38370,46830,56670,63620,78210
49-9021,GA,12290,0.95,57080,36990,46250,56390,66180,79130
49-9021,HI,1300,0.79,67070,43120,55630,65450,77190,99430
49-9021,IA,3840,0.93,63120,43040,48540,60680,75950,86280
49-9021,ID,4550,2.02,60010,38660,47250,56240,67030,80780
49-9021,IL,9740,0.61,77570,46690,60200,77410,96030,117550
49-9021,IN,8530,1.01,65110,40460,48530,60430,79220,97800
49-9021,KS,3770,0.99,61470,43660,49030,60460,72830,83500
49-9021,KY,5100,0.97,58870,38790,47780,58620,67540,80020
49-9021,LA,5380,1.05,56880,36950,44980,58650,65990,78210
49-9021,MA,8200,0.86,77760,50820,61070,77300,95070,102410
49-9021,MD,8560,1.18,73820,46180,56280,70020,95790,106740
49-9021,ME,2250,1.33,65300,47090,57240,63170,76920,82090
49-9021,MI,12590,1.09,64490,40210,48040,60850,77780,95290
49-9021,MN,4200,0.54,73990,48220,58860,76350,87190,100030
49-9021,MO,7220,0.93,62410,39180,47040,59950,74610,88760
49-9021,MS,2700,0.88,53020,36160,39630,48680,61390,76240
49-9021,MT,1230,0.91,62260,41900,48150,60850,75790,81230
49-9021,NC,15230,1.17,57400,37780,46830,57260,64310,77160
49-9021,ND,970,0.85,70010,46610,56770,74490,78920,94060
49-9021,NE,3020,1.12,61050,43540,47760,59850,74160,81110
49-9021,NH,2560,1.42,71490,47520,59540,73850,80090,97140
49-9021,NJ,10330,0.92,77580,48020,56700,74450,96910,116550
49-9021,NM,1950,0.85,55330,37380,45160,50270,62900,75770
49-9021,NV,4170,1.02,63350,41040,48390,60510,76590,89750
49-9021,NY,24430,0.96,74760,48560,59720,74430,88130,100680
49-9021,OH,14150,0.97,66000,38630,48410,62510,78190,98310
49-9021,OK,5650,1.25,57640,36050,44190,57560,72110,79660
49-9021,OR,3980,0.77,68430,46990,56340,62940,78890,94520
49-9021,PA,15880,0.99,64880,45970,50840,62400,74620,89440
49-9021,RI,1450,1.1,69780,38100,48760,67370,81610,104080
49-9021,SC,6920,1.14,56460,39170,46560,56610,62990,75530
49-9021,SD,1610,1.34,61100,48420,51480,61390,65940,75190
49-9021,TN,9740,1.13,57810,38540,46990,55490,65590,81590
49-9021,TX,34730,0.94,59130,38100,46800,57760,69860,81860
49-9021,UT,5580,1.22,60000,37570,47320,58730,71960,80500
49-9021,VA,14690,1.36,61190,39760,47910,59730,73440,83420
49-9021,VT,970,1.22,67070,50280,58800,62150,75140,93110
49-9021,WA,7370,0.79,78860,48810,60170,75660,93970,120360
49-9021,WI,6630,0.86,67410,45930,50840,61710,79100,98070
49-9021,WV,1690,0.91,51700,36160,38400,48850,60790,72640
49-9021,WY,690,0.93,55760,37840,44550,54700,60550,79050
49-9041,AK,860,0.93,80250,47360,61900,77390,95160,109160
49-9041,AL,17850,2.99,64300,42940,49180,61920,77380,91840
49-9041,AR,6270,1.7,61020,39180,48370,59760,72340,81020
49-9041,AZ,5020,0.55,74230,51240,59660,74790,82140,100810
49-9041,CA,26830,0.52,76060,47880,59360,74400,90500,107700
49-9041,CO,7260,0.89,75240,50470,61170,75600,83990,101590
49-9041,CT,2360,0.49,72230,47310,56780,69950,83140,101490
49-9041,DC,200,0.1,83870,54310,71370,87670,97080,106200
49-9041,DE,890,0.65,71830,49410,60220,67320,82570,102610
49-9041,FL,17120,0.61,62690,43470,47800,60650,74400,84000
49-9041,GA,14230,1.03,63930,44730,50200,61130,75360,83890
49-9041,HI,910,0.52,82700,50960,61560,77330,96830,117520
49-9041,IA,6050,1.37,66440,47770,57550,64400,76040,82780
49-9041,ID,2750,1.13,65270,47270,50590,62860,75140,90580
49-9041,IL,12100,0.7,76250,49230,61120,76200,91880,102590
49-9041,IN,14960,1.65,67220,47860,57950,63950,76740,87300
49-9041,KS,7700,1.89,69200,45910,57960,65830,83540,90640
49-9041,KY,11540,2.04,66000,46050,56940,64560,76730,85320
49-9041,LA,7410,1.35,62800,37790,47470,60260,74690,88490
49-9041,MA,6130,0.6,72660,49230,58220,72840,84690,98350
49-9041,MD,2880,0.37,71280,47620,59750,71870,80620,96450
49-9041,ME,1190,0.66,71380,51160,59880,72310,79220,94060
49-9041,MI,17310,1.39,67240,47080,57310,64250,77310,91270
49-9041,MN,6510,0.78,72830,52040,60940,71960,82110,97600
49-9041,MO,5420,0.65,70000,45190,57200,67390,78380,104110
49-9041,MS,4460,1.36,61510,38880,48880,57760,74890,86930
49-9041,MT,820,0.57,72910,48730,58570,67250,85900,105930
49-9041,NC,15720,1.13,63540,43550,49650,62430,74420,81970
49-9041,ND,2560,2.11,72140,51210,60400,65990,79170,104350
49-9041,NE,2880,1,66000,49130,57550,64110,75670,83320
49-9041,NH,1950,1.01,67280,46630,54960,64150,76740,91850
49-9041,NJ,8380,0.69,74420,48680,60590,74760,86180,99440
49-9041,NM,2780,1.13,63550,41290,48990,60670,75460,84480
49-9041,NV,2240,0.51,75900,59450,64710,77750,79920,96150
49-9041,NY,12740,0.47,72990,47820,59680,69740,82070,101360
49-9041,OH,21950,1.4,67900,47580,58740,65130,76790,91540
49-9041,OK,6250,1.29,65480,46210,50550,61540,76000,90700
49-9041,OR,7070,1.27,76810,53290,62260,75670,86250,99470
49-9041,PA,22160,1.29,66700,47510,58570,63840,75640,84620
49-9041,RI,1070,0.76,65870,48970,56170,64770,77910,82980
49-9041,SC,9890,1.52,64280,45060,50960,62330,76190,83050
49-9041,SD,1230,0.95,62610,48510,52160,61560,68560,77680
49-9041,TN,12850,1.39,66880,45530,55540,65010,78210,88610
49-9041,TX,56950,1.43,65940,41580,49230,61930,77720,95770
49-9041,UT,4040,0.82,71920,47870,59250,70720,81710,102800
49-9041,VA,9470,0.82,67320,46060,53780,64020,79150,92210
49-9041,VT,700,0.81,67380,50170,58000,63180,74760,86210
49-9041,WA,10710,1.07,79580,49450,61750,77220,97490,112410
49-9041,WI,13870,1.67,68760,49360,59270,66620,77800,88790
49-9041,WV,3150,1.59,65130,44860,47780,61710,79810,93730
49-9041,WY,2010,2.53,81310,50960,60640,78320,105210,114830
49-9043,AK,40,0.32,69420,49720,50870,61290,77400,103760
49-9043,AL,420,0.51,60380,46680,49260,60560,70310,77510
49-9043,AR,770,1.53,55500,41410,45210,53250,62370,73750
49-9043,AZ,440,0.35,60410,43710,47630,56130,67610,80940
49-9043,CA,4130,0.59,68780,46000,53160,67840,78820,93440
49-9043,CO,740,0.67,65930,47880,57580,64010,76620,85980
49-9043,CT,410,0.63,65740,43610,49290,63250,79910,99500
49-9043,DC,80,0.29,59170,47270,52150,62520,62520,62550
49-9043,FL,2830,0.74,57270,40370,47240,51900,61670,83670
49-9043,GA,2900,1.54,59530,38950,45670,57730,72790,81990
49-9043,IA,900,1.49,66110,49640,58660,64760,79340,79340
49-9043,ID,170,0.51,61730,43190,49210,56250,67210,84370
49-9043,IL,560,0.24,62910,43190,46580,59300,75420,92060
49-9043,IN,1780,1.44,54990,44230,48550,48760,61530,72550
49-9043,KS,1040,1.88,60860,45040,49540,60160,70370,78500
49-9043,KY,2920,3.78,96450,48980,60230,76710,157260,162460
49-9043,LA,1410,1.89,66410,40930,49920,62640,83130,92510
49-9043,MA,320,0.23,56930,41400,45110,55000,63310,77930
49-9043,MD,1870,1.76,58510,40020,46380,59570,66790,77730
49-9043,ME,490,1.98,56110,45930,46280,52300,63060,70200
49-9043,MI,1640,0.96,59760,41400,47920,59590,69660,78890
49-9043,MN,730,0.64,63220,44000,54790,63020,72100,82030
49-9043,MO,2180,1.92,67440,48070,57100,63720,77150,84430
49-9043,MS,450,1,54290,36120,42120,54380,64470,72820
49-9043,NC,4750,2.49,61050,42540,50040,60580,68150,78230
49-9043,NE,650,1.64,60090,44140,51800,61190,65330,77320
49-9043,NH,130,0.48,70470,45870,59420,77070,83890,83890
49-9043,NJ,310,0.19,57010,38800,48090,57920,60820,72480
49-9043,NM,,**,47480,36240,36240,36240,58350,73580
49-9043,NV,750,1.25,72140,45350,53280,75500,91730,92950
49-9043,NY,2760,0.74,73480,47880,56490,67610,81620,104360
49-9043,OH,2330,1.09,60060,38330,45890,59280,72510,85400
49-9043,OK,1530,2.32,57980,38740,45570,58970,68210,76530
49-9043,OR,430,0.57,62230,43210,48420,57440,68090,88920
49-9043,PA,1260,0.54,67930,45740,54170,61080,77140,98840
49-9043,RI,110,0.57,69060,45470,60310,72040,83660,83780
49-9043,SC,960,1.08,64340,46760,53030,64910,76320,79060
49-9043,SD,50,0.29,47040,32460,36950,45240,51690,60530
49-9043,TN,800,0.63,63720,43510,52000,64790,72010,83480
49-9043,TX,8800,1.62,62790,38440,46710,59280,73120,90650
49-9043,UT,1180,1.76,61280,42580,49920,60850,70550,79700
49-9043,VA,1420,0.9,67390,46570,53790,65500,80660,95300
49-9043,WA,700,0.51,70460,51690,58610,62970,82430,94420
49-9043,WI,420,0.37,64160,46150,56850,64310,75720,79740
49-9043,WV,790,2.91,59880,38370,48590,60020,68760,88750
49-9043,WY,280,2.61,88540,60740,81720,84620,111020,112010
49-9044,AK,300,3.6,74840,54270,62210,76940,85960,92350
49-9044,AL,1400,2.56,61940,45300,52040,61410,70050,76070
49-9044,AR,1140,3.36,55730,36640,43750,56310,62450,76140
49-9044,AZ,450,0.53,63360,39560,49130,57380,78090,108050
49-9044,CA,2230,0.47,84220,49340,61310,77950,109190,127890
49-9044,CO,200,0.26,74690,51000,67340,81440,83600,94420
49-9044,CT,110,0.24,71160,39120,49960,76810,79000,95970
49-9044,DE,90,0.69,67170,40280,50590,58770,77120,110830
49-9044,FL,530,0.21,63040,45700,52220,62000,68270,88820
49-9044,GA,1780,1.41,63300,46450,56240,62760,74610,78980
49-9044,IA,690,1.71,64500,47050,55980,62220,75290,79710
49-9044,ID,410,1.85,66260,57000,61320,64710,74570,77460
49-9044,IL,2160,1.37,70530,44490,49620,66640,85150,105940
49-9044,IN,1760,2.12,75640,48600,60510,77140,91410,95960
49-9044,KS,840,2.24,73180,44880,49970,79690,91380,97340
49-9044,KY,1220,2.34,68730,48210,58390,70610,81170,86640
49-9044,LA,1080,2.15,67450,48300,58200,66080,76780,82450
49-9044,MA,,**,67380,57870,62200,65220,74530,78610
49-9044,MD,160,0.23,66090,50660,51160,59220,79180,81890
49-9044,ME,350,2.08,68990,51030,61620,68220,77650,87130
49-9044,MI,2900,2.54,82820,58680,74610,89190,92300,97460
49-9044,MN,480,0.63,76670,58500,65430,78570,86020,92640
49-9044,MO,830,1.09,71140,48880,53010,66480,91780,93950
49-9044,MS,1280,4.23,55630,41250,45850,58280,62780,71560
49-9044,MT,70,0.52,59740,52120,52120,60050,62120,73890
49-9044,NC,700,0.55,63590,46920,56150,62990,72680,76690
49-9044,ND,170,1.5,64840,50810,59800,60750,68690,82590
49-9044,NE,590,2.22,60080,47480,49530,60320,67330,74510
49-9044,NH,80,0.46,77970,62320,67840,76190,87420,87430
49-9044,NJ,340,0.3,101150,61830,73840,107540,126320,145320
49-9044,NM,60,0.27,92390,82000,87360,90230,101650,102250
49-9044,NV,150,0.37,70100,58910,60020,63040,74950,92430
49-9044,NY,1000,0.4,78510,58750,65380,79560,90830,97200
49-9044,OH,1930,1.34,71780,51880,59860,73220,83280,91760
49-9044,OK,510,1.15,55960,50790,50790,50950,60760,72150
49-9044,OR,460,0.89,74390,45470,61350,70700,88660,110450
49-9044,PA,1700,1.08,70990,48740,58780,64410,78720,101760
49-9044,SC,950,1.59,61080,40060,48680,61700,71860,83260
49-9044,SD,240,2.05,61230,50790,52250,61820,64090,74600
49-9044,TN,1060,1.25,60670,45100,49960,61810,69490,75880
49-9044,TX,3540,0.97,63840,38510,48560,62630,75670,92490
49-9044,UT,220,0.48,64650,47430,60370,63040,70310,84210
49-9044,VA,690,0.65,56020,42730,45760,51430,62070,82010
49-9044,VT,60,0.7,68700,50680,62800,64180,74900,79320
49-9044,WA,1020,1.11,85580,61350,67910,76490,103550,129370
49-9044,WI,1220,1.6,77280,57530,62610,82630,90730,93280
49-9044,WV,330,1.8,65110,49120,58800,67270,68570,82910
49-9044,WY,130,1.82,66070,45320,51530,62780,84270,84270
49-9051,AK,490,1.78,92220,52040,61140,92470,120790,139750
49-9051,AL,2730,1.53,82460,44150,63020,92030,102160,105400
49-9051,AR,1510,1.37,83100,51150,63440,81450,107900,115120
49-9051,AZ,3360,1.23,83210,48760,57800,75420,100330,124300
49-9051,CA,8930,0.58,125270,77350,98680,129040,156380,167090
49-9051,CO,2370,0.98,97770,59170,74450,103980,121200,131360
49-9051,CT,940,0.66,107700,46960,90740,126850,131180,135730
49-9051,DC,150,0.25,104050,67750,84170,101240,132200,132900
49-9051,DE,330,0.82,91660,48570,76000,97180,106590,119790
49-9051,FL,6420,0.77,84900,50690,63810,86870,103680,109300
49-9051,GA,4960,1.2,81890,50440,61140,80080,100770,116900
49-9051,HI,600,1.13,118110,81120,99170,134340,135510,144170
49-9051,IA,1390,1.06,92740,65310,79860,100200,103490,109980
49-9051,ID,860,1.19,113480,75770,99040,125410,128090,131140
49-9051,IL,3090,0.6,107820,72820,101620,108120,126440,129230
49-9051,IN,2540,0.94,91190,53290,73060,102040,109570,116720
49-9051,KS,1610,1.33,92150,50510,71460,101620,111690,122970
49-9051,KY,2930,1.74,75710,47770,59170,77020,95020,102400
49-9051,LA,2520,1.55,77570,46200,53410,76410,100390,117990
49-9051,MA,2350,0.77,108040,81470,94370,110210,126040,127620
49-9051,MD,1830,0.79,97450,62160,78930,106090,116030,124750
49-9051,ME,1160,2.15,86320,52190,63440,83090,103640,121950
49-9051,MI,2800,0.75,103680,65480,85050,106890,125050,131570
49-9051,MN,2190,0.88,101860,78390,90730,104180,115740,122110
49-9051,MO,3440,1.39,89580,59900,75040,96360,102610,115740
49-9051,MS,2290,2.34,71580,45620,50480,75890,91530,98200
49-9051,MT,680,1.58,103000,73220,87090,110320,118820,125010
49-9051,NC,5650,1.36,77570,48180,60490,77270,100310,105430
49-9051,ND,740,2.04,99510,61020,82880,105870,114820,121990
49-9051,NE,1490,1.72,87800,52930,71810,92150,108570,118040
49-9051,NH,560,0.97,100240,67030,78670,102170,120600,126870
49-9051,NJ,1310,0.36,109390,81470,99860,121580,123740,126350
49-9051,NM,1020,1.39,74530,46640,58980,76470,96000,105590
49-9051,NV,920,0.71,96380,65000,65250,96560,125720,134930
49-9051,NY,5840,0.72,108030,58740,82560,121280,134320,141160
49-9051,OH,4260,0.91,88330,58840,73510,93150,104200,111760
49-9051,OK,3290,2.29,78360,48630,60300,76010,98060,117020
49-9051,OR,1640,0.99,123490,77330,106530,131090,139920,153860
49-9051,PA,4150,0.81,101970,64550,92030,106230,117940,122510
49-9051,RI,120,0.27,103110,72710,77920,104620,122640,125200
49-9051,SC,2690,1.38,75390,48890,60200,76870,95430,102860
49-9051,SD,740,1.91,94900,63840,87490,97310,103280,118530
49-9051,TN,3900,1.41,82970,58240,66190,83660,96980,105000
49-9051,TX,17280,1.46,78670,46760,60150,78940,99110,107550
49-9051,UT,1030,0.7,93200,49380,64530,101220,121260,124180
49-9051,VA,2920,0.84,78430,49520,60740,76590,100460,106860
49-9051,VT,270,1.05,108630,89450,96920,108520,121020,125680
49-9051,WA,2340,0.78,122100,80640,107620,133060,136850,147810
49-9051,WI,2520,1.02,96350,58330,82150,105820,112150,119850
49-9051,WV,1260,2.14,85000,47760,64450,83810,107260,115350
49-9051,WY,670,2.83,88790,49820,62560,93860,108690,119810
49-9052,AK,390,1.93,87330,58530,71740,97450,100420,108140
49-9052,AL,1530,1.15,63910,46320,49070,60890,75080,90530
49-9052,AR,1690,2.06,65460,36160,46140,60840,91260,99150
49-9052,AZ,790,0.39,59510,39730,49280,58600,64870,80410
49-9052,CA,8810,0.77,91490,60260,81130,97980,102540,106230
49-9052,CO,1630,0.9,69290,46490,51420,66020,84710,93930
49-9052,CT,500,0.47,93760,76960,81650,97140,100950,117740
49-9052,DC,500,1.13,87950,47330,80070,97600,98740,99120
49-9052,DE,310,1.02,79780,38370,60610,93850,98140,98580
49-9052,FL,5760,0.92,61600,37510,48690,61740,74380,80620
49-9052,GA,3530,1.15,61430,41040,47670,58760,73960,80960
49-9052,HI,680,1.73,84650,60630,67510,79880,97210,119240
49-9052,IA,820,0.83,63270,40410,47740,60890,73920,85760
49-9052,ID,300,0.55,57290,45070,50770,56340,59780,77170
49-9052,IL,2460,0.64,70890,33810,49310,70700,94320,100140
49-9052,IN,1580,0.79,60040,41600,48060,58920,74350,80440
49-9052,KS,530,0.58,67620,38840,51370,63560,79310,100400
49-9052,KY,1870,1.49,65330,42450,49930,64010,76750,91420
49-9052,LA,960,0.79,56420,38070,44740,48770,64870,91920
49-9052,MA,2230,0.97,91700,56640,78800,103410,106610,108790
49-9052,MD,2400,1.38,80050,51160,62450,82380,96150,102290
49-9052,ME,680,1.69,86940,65170,80330,92120,95370,97390
49-9052,MI,2780,1,69350,47440,59120,74360,79330,84450
49-9052,MN,1130,0.61,71920,49580,58830,73710,88560,96020
49-9052,MO,2710,1.47,63530,43050,48290,59080,79170,96050
49-9052,MS,700,0.95,54100,30760,35500,49360,65960,79680
49-9052,MT,530,1.66,69920,48110,58190,75720,78260,94680
49-9052,NC,2610,0.84,59560,38630,46880,56680,73650,81490
49-9052,ND,300,1.11,67770,45460,46900,59280,94300,96440
49-9052,NE,390,0.6,57950,41420,46540,50070,63320,80780
49-9052,NH,540,1.25,82520,58210,65380,86370,96870,100960
49-9052,NJ,2540,0.94,95220,58690,95400,102090,103650,115000
49-9052,NM,350,0.64,59840,40280,48450,58130,72980,78330
49-9052,NV,730,0.75,70480,46600,53290,72230,92390,96110
49-9052,NY,8530,1.4,89320,50470,65590,100960,109220,120090
49-9052,OH,3920,1.12,66310,47110,51110,62860,77170,91550
49-9052,OK,1410,1.32,58180,35230,38390,48900,76730,96050
49-9052,OR,920,0.74,62930,44900,54320,60330,74670,83370
49-9052,PA,3890,1.02,77730,46280,55630,81020,97940,100200
49-9052,RI,490,1.54,97780,81260,96250,103810,104270,105930
49-9052,SC,1310,0.9,60820,39230,48380,59790,74920,81710
49-9052,SD,590,2.06,53090,35370,39140,49560,63260,74800
49-9052,TN,2620,1.27,63580,45720,49720,63510,73950,83820
49-9052,TX,9700,1.1,75270,46540,58930,75740,96050,102500
49-9052,UT,800,0.73,59500,41630,45860,60090,73150,78120
49-9052,VA,4120,1.59,75990,45220,57310,79090,96830,102470
49-9052,VT,310,1.61,64840,50070,51450,61970,78630,85170
49-9052,WA,1510,0.68,75420,49320,58570,76070,95800,103360
49-9052,WI,950,0.51,65970,47710,50440,63560,76010,91080
49-9052,WV,1270,2.88,81750,60640,71820,89690,92120,93340
49-9052,WY,160,0.89,62750,38580,45000,63660,74230,91240
49-9071,AK,4590,1.43,63330,38260,46940,60270,75400,90900
49-9071,AL,16660,0.8,45670,29070,36120,43630,53580,63810
49-9071,AR,12410,0.97,45130,29140,34670,43400,52500,63130
49-9071,AZ,39000,1.22,51940,35810,39520,47620,60630,76360
49-9071,CA,143060,0.8,60050,38810,46330,57000,71220,82710
49-9071,CO,22960,0.81,55380,38700,45600,51280,62710,76150
49-9071,CT,11700,0.7,59160,38460,45530,57620,71150,82090
49-9071,DC,4860,0.7,63420,42100,49240,60310,76210,84390
49-9071,DE,3310,0.69,54560,36510,43400,50150,62160,78380
49-9071,FL,111530,1.14,48750,34200,37840,46060,56530,67680
49-9071,GA,48430,1.01,50590,33920,39150,47680,60010,72480
49-9071,HI,8030,1.3,59290,37930,46880,57960,72460,80620
49-9071,IA,16500,1.08,54140,36570,44110,52160,62430,74490
49-9071,ID,8200,0.97,52680,35830,40810,48190,60790,75870
49-9071,IL,66600,1.11,57650,36120,44000,56720,68680,80740
49-9071,IN,34480,1.1,53280,35170,41630,49890,61980,75720
49-9071,KS,12730,0.9,49330,33570,39350,47210,57640,66830
49-9071,KY,22190,1.13,50340,30470,37220,46810,60840,75740
49-9071,LA,21490,1.13,48020,28110,35350,43960,57590,75880
49-9071,MA,29830,0.83,58930,38750,46910,58320,69500,80190
49-9071,MD,23730,0.87,54540,36890,44020,51490,62450,75740
49-9071,ME,5820,0.92,52990,37440,43470,49430,60280,75570
49-9071,MI,39490,0.91,50380,35050,39420,47580,59490,70570
49-9071,MN,29660,1.02,59080,38630,47430,59200,69770,79040
49-9071,MO,31180,1.08,52210,34050,39910,48370,61440,75620
49-9071,MS,14550,1.27,46490,28570,35050,44350,56110,70110
49-9071,MT,5420,1.08,49710,34790,38470,46870,58280,72300
49-9071,NC,43440,0.89,50460,33630,38970,47910,59560,70640
49-9071,ND,3300,0.78,51890,36280,41720,49840,59650,68450
49-9071,NE,9850,0.98,52560,36240,44420,50700,60730,69210
49-9071,NH,5780,0.86,55100,37620,45550,52830,62640,74910
49-9071,NJ,37350,0.89,57750,37500,45600,54810,66700,81190
49-9071,NM,9320,1.09,48660,30920,36840,45760,56870,71380
49-9071,NV,16520,1.08,56450,36170,43750,52360,70100,80600
49-9071,NY,119650,1.26,58980,37010,45590,57790,69650,83570
49-9071,OH,64770,1.19,54760,35320,44030,53420,63760,76270
49-9071,OK,18670,1.11,45870,29380,35240,42750,54360,65940
49-9071,OR,16160,0.83,56390,38630,45700,54350,63560,78480
49-9071,PA,55590,0.93,52760,34960,41570,49290,61780,75220
49-9071,RI,4500,0.91,54310,36920,45090,50900,62030,75900
49-9071,SC,28020,1.24,50870,32950,38700,47880,60970,74530
49-9071,SD,3450,0.77,49790,37340,42660,48100,56700,62720
49-9071,TN,35790,1.11,49570,33810,38250,47240,59040,68990
49-9071,TX,140580,1.02,49700,30950,37670,46670,59180,74220
49-9071,UT,16090,0.94,54010,35520,42340,50450,63090,77060
49-9071,VA,34540,0.85,53350,34640,39530,49470,61990,77260
49-9071,VT,2610,0.87,56930,42180,47880,55510,62400,74940
49-9071,WA,32450,0.93,61430,41760,48250,59160,72330,83930
49-9071,WI,30880,1.07,55230,35870,45590,55810,63920,75910
49-9071,WV,8060,1.17,44160,28170,32520,38890,51210,68240
49-9071,WY,3920,1.42,52910,31070,38510,47900,61780,80100
49-9094,AK,80,2.56,66550,44050,49500,58390,80810,114440
49-9094,AL,200,1,43730,29690,37190,43340,48430,57880
49-9094,AR,100,0.83,38730,28360,29040,35770,46540,59120
49-9094,AZ,260,0.83,49170,37120,38480,44460,56120,73220
49-9094,CA,2060,1.17,67180,47020,49910,61010,80530,93030
49-9094,CO,380,1.37,50460,35530,43160,47500,55410,70840
49-9094,CT,120,0.73,69750,45520,56870,69280,78690,98620
49-9094,DC,,**,78310,60000,72400,76740,85870,104500
49-9094,DE,50,1.03,65090,45710,47600,63640,86910,93450
49-9094,FL,1440,1.49,56110,36060,39960,49120,62770,77830
49-9094,GA,330,0.7,52940,26900,40210,54050,67030,75530
49-9094,HI,50,0.87,56080,30720,30720,64490,73790,82280
49-9094,IA,120,0.79,49210,34030,37870,46360,57730,68970
49-9094,ID,150,1.77,44230,29140,36890,43460,47110,57860
49-9094,IL,430,0.74,57810,35960,37460,58110,65570,88790
49-9094,IN,250,0.81,47430,28900,37190,47640,57070,61610
49-9094,KS,110,0.78,52550,37010,42770,52930,59990,70740
49-9094,KY,120,0.63,52950,40410,45980,51120,60540,65060
49-9094,LA,190,1.02,51740,24460,39350,46550,60080,76740
49-9094,MA,300,0.85,67510,49230,54640,59420,82680,100340
49-9094,MD,270,1.02,62050,47720,52100,60330,69440,81290
49-9094,ME,140,2.24,54560,43010,45750,52670,61350,66390
49-9094,MI,230,0.53,51540,27100,38050,54120,63860,72370
49-9094,MN,220,0.78,58230,40040,47290,59070,64380,74740
49-9094,MO,220,0.77,55580,31870,46050,50140,60880,81220
49-9094,MS,80,0.72,43400,30440,35840,42940,49050,63310
49-9094,MT,110,2.23,55920,39730,45590,56200,65730,74990
49-9094,NC,480,1.01,45950,29020,33270,45900,58180,71040
49-9094,ND,70,1.6,47470,37700,37810,44310,51460,67010
49-9094,NE,50,0.55,50090,34110,45190,49070,55690,69620
49-9094,NH,40,0.54,52360,31970,39400,56510,60170,72500
49-9094,NJ,480,1.15,59420,46220,47400,57000,69550,79770
49-9094,NM,140,1.68,43980,28670,29740,41920,49750,62540
49-9094,NV,170,1.16,52010,37630,46680,47450,57890,67700
49-9094,NY,960,1.02,62420,36950,46840,61830,69240,88890
49-9094,OH,400,0.74,48080,34560,38270,47760,59700,65000
49-9094,OK,180,1.08,43340,27740,31700,38680,50450,62600
49-9094,OR,250,1.33,59010,38480,47420,50450,62400,75130
49-9094,PA,530,0.91,57280,35980,45900,52160,71470,82380
49-9094,RI,80,1.68,61550,41600,52040,57360,73910,86030
49-9094,SC,140,0.65,51230,25570,37800,46560,68910,79910
49-9094,TN,340,1.08,53430,34630,39760,50250,64990,72330
49-9094,TX,1420,1.04,42200,18230,36320,43860,50070,59280
49-9094,UT,180,1.07,54610,34770,47740,55520,61370,74320
49-9094,VA,430,1.09,56140,34870,46320,53590,65690,76200
49-9094,WA,380,1.12,59580,46240,48320,58010,67890,79580
49-9094,WI,130,0.47,52970,37960,42820,48360,61170,74310
49-9094,WV,50,0.77,63930,31970,46100,56690,87080,98160
49-9098,AK,550,2.73,45510,31970,36230,45740,49710,61800
49-9098,AL,1710,1.32,35560,22420,28950,36140,41290,47840
49-9098,AR,1140,1.43,34550,23450,28150,33630,37440,43710
49-9098,AZ,1770,0.89,47030,35390,38610,45560,49240,62810
49-9098,CA,9050,0.81,46360,35900,38290,44670,49430,59770
49-9098,CO,1190,0.67,46530,37090,38580,45610,50740,58640
49-9098,CT,1050,1.01,49220,34010,37410,44370,50470,82480
49-9098,DC,110,0.25,61800,36720,43640,54860,83540,97570
49-9098,DE,360,1.19,43220,31970,36610,40530,49220,57640
49-9098,FL,5520,0.9,40200,31660,35190,38710,44760,49130
49-9098,GA,3100,1.03,38600,22560,29560,36640,46260,56350
49-9098,HI,660,1.71,48160,35620,41390,46320,56020,61580
49-9098,IA,990,1.03,40410,27040,34030,38690,45790,54330
49-9098,ID,430,0.81,40650,26880,31930,39250,49520,51800
49-9098,IL,1750,0.47,43040,31200,34880,39730,48420,58280
49-9098,IN,1160,0.59,38040,22600,29710,37470,45630,53180
49-9098,KS,440,0.5,36210,21730,30510,37430,42150,46370
49-9098,KY,900,0.73,38880,29140,33580,37000,43870,51480
49-9098,LA,3910,3.29,36780,22170,30310,36160,43100,48910
49-9098,MA,1290,0.58,44370,34320,37250,42200,50070,53860
49-9098,MD,1770,1.05,43580,34350,36910,41630,47670,55670
49-9098,ME,280,0.71,42160,35040,36210,39520,48070,51810
49-9098,MI,2180,0.81,43490,31220,36880,43630,49880,57000
49-9098,MN,1110,0.61,45600,32760,38620,44950,50840,59690
49-9098,MO,670,0.37,41330,29260,33900,37110,46070,56730
49-9098,MS,960,1.34,36020,23070,31640,35440,40670,47140
49-9098,MT,400,1.27,40300,31300,33190,39430,43970,51830
49-9098,NC,4400,1.45,39500,29320,34180,38700,45490,48960
49-9098,ND,100,0.36,41380,27040,32250,44710,47740,57920
49-9098,NE,350,0.55,36720,28080,31840,35480,39830,48720
49-9098,NH,560,1.34,45820,37450,40670,45760,48360,58750
49-9098,NJ,3050,1.16,43210,33900,37200,41230,45760,55450
49-9098,NM,770,1.44,39260,29260,34110,36950,43160,51000
49-9098,NV,1030,1.08,40190,28880,35480,36610,45760,49940
49-9098,NY,5310,0.89,48930,37440,41600,43870,54100,66360
49-9098,OH,1550,0.46,41620,29490,34930,39980,47250,55390
49-9098,OK,1820,1.74,35270,19460,28770,35530,44800,47510
49-9098,OR,1330,1.1,44530,31220,36740,43300,49290,59530
49-9098,PA,2540,0.68,41280,26940,34200,41500,47280,55580
49-9098,RI,140,0.47,44760,33900,36470,45240,49760,53050
49-9098,SC,2160,1.52,39970,28080,33850,38480,47000,53510
49-9098,TN,2540,1.26,40620,29850,34970,38490,45060,56830
49-9098,TX,16610,1.92,37840,24100,31640,37000,44000,49640
49-9098,UT,410,0.39,43400,31200,35030,44210,49560,60280
49-9098,VA,3100,1.23,41790,30410,34750,38890,47820,56660
49-9098,VT,90,0.47,41820,30430,34640,42630,49920,52450
49-9098,WA,1110,0.51,51130,36670,40670,46080,56900,78690
49-9098,WI,1640,0.91,41230,28080,34520,41600,47300,52720
49-9098,WV,340,0.78,42120,26090,34320,39030,49400,63250
49-9098,WY,160,0.92,34370,15450,20810,31260,39520,61410
51-1011,AK,1110,0.79,82100,42220,51930,77960,107150,128010
51-1011,AL,20670,2.26,76100,45340,57300,73060,93770,111540
51-1011,AR,11000,1.95,69930,43180,50950,63090,78400,106600
51-1011,AZ,8720,0.62,77690,48860,59490,75330,90790,104900
51-1011,CA,48550,0.62,82000,47530,59400,76840,98900,125440
51-1011,CO,9580,0.77,84740,50890,61570,78890,100780,127960
51-1011,CT,9150,1.25,85810,49660,62890,83150,103500,123060
51-1011,DC,350,0.11,87500,52670,58050,80030,108830,139690
51-1011,DE,1450,0.69,84350,54120,63110,79100,101530,123100
51-1011,FL,27710,0.64,71290,44140,50660,63950,82640,105400
51-1011,GA,26190,1.24,73260,45680,56350,69170,85090,102960
51-1011,HI,1500,0.55,79250,46640,52810,71990,100620,125620
51-1011,IA,10130,1.5,74190,48210,60460,74750,83130,100000
51-1011,ID,3900,1.05,73890,48020,57430,70890,82880,102900
51-1011,IL,29640,1.12,76340,47280,59130,75200,91270,103410
51-1011,IN,26870,1.94,74450,48110,59350,73950,84140,101540
51-1011,KS,7980,1.28,76420,49290,60320,74480,85590,104450
51-1011,KY,13820,1.6,74710,45560,58930,72490,89100,104810
51-1011,LA,9350,1.12,87340,46670,59420,77520,107400,147440
51-1011,MA,12390,0.79,83140,52530,64090,79920,98940,114800
51-1011,MD,6100,0.51,82370,47270,59450,78520,101290,124330
51-1011,ME,2970,1.07,78290,48340,60570,78970,93160,106130
51-1011,MI,26650,1.4,73570,47330,57410,72170,82900,101770
51-1011,MN,13380,1.05,80340,56660,64090,78550,93340,104080
51-1011,MO,15430,1.21,73400,46230,56990,73210,91410,99020
51-1011,MS,8230,1.63,73980,44990,54110,68720,84620,107060
51-1011,MT,1860,0.84,73880,45820,54080,68760,88820,108800
51-1011,NC,22240,1.04,72480,45960,56790,69640,83180,101030
51-1011,ND,1650,0.89,80420,52450,60690,76350,89310,129200
51-1011,NE,6040,1.36,73780,48870,60210,72200,82520,100770
51-1011,NH,3000,1.01,83350,52800,64160,79310,98090,118100
51-1011,NJ,15040,0.81,84850,48560,62740,81110,100190,124370
51-1011,NM,2520,0.67,74660,41600,49390,64640,93300,126870
51-1011,NV,3600,0.54,73190,45200,52880,68270,86590,104360
51-1011,NY,20830,0.5,82260,50400,61970,78580,97850,118680
51-1011,OH,31980,1.33,73300,48320,59090,72160,82250,99960
51-1011,OK,9570,1.29,74690,44450,54750,70000,88710,114520
51-1011,OR,8180,0.96,75270,49790,58960,73580,87740,102190
51-1011,PA,28900,1.1,75250,47640,59820,74990,84950,102390
51-1011,RI,2660,1.22,85280,48080,62920,81650,103540,133180
51-1011,SC,14570,1.46,78250,49720,62040,77500,92070,103440
51-1011,SD,1930,0.97,73610,55120,62220,73040,82010,94760
51-1011,TN,18960,1.33,71330,44070,53320,65310,81950,103710
51-1011,TX,58930,0.97,74590,43360,51990,70140,90160,115230
51-1011,UT,9040,1.2,74620,47620,57590,71220,84780,106720
51-1011,VA,13530,0.76,76310,45210,57970,74150,93410,108780
51-1011,VT,1000,0.76,75640,50080,59750,75540,86820,100560
51-1011,WA,14500,0.94,84000,55020,63510,79310,98690,122830
51-1011,WI,25500,2,75510,50690,60790,74840,84230,101750
51-1011,WV,3120,1.03,75160,45970,54450,68990,90180,118510
51-1011,WY,1470,1.21,95100,48710,64690,90390,125840,142980
51-2011,AL,950,2.06,62480,49800,54230,58990,66070,85660
51-2011,AR,780,2.73,47480,35340,39730,46290,46620,59170
51-2011,AZ,1210,1.7,72750,58690,62470,73930,80800,85970
51-2011,CA,2930,0.74,69050,48120,60130,63640,78380,94280
51-2011,CO,160,0.25,66020,37030,45860,70870,77390,89630
51-2011,CT,500,1.35,86010,48540,75200,78630,106810,120750
51-2011,FL,1280,0.59,68310,47040,51150,64580,78890,98290
51-2011,GA,2950,2.76,71840,47300,59070,72550,89460,95230
51-2011,ID,40,0.23,52620,44400,47670,50100,55860,60620
51-2011,KS,9710,30.86,67300,52630,59670,59850,77440,77440
51-2011,MI,360,0.37,49430,35920,35990,47230,55210,78020
51-2011,MO,460,0.71,66540,48800,58600,58600,83410,95800
51-2011,NC,670,0.62,55700,47240,48210,51930,58590,70060
51-2011,NE,220,0.99,70980,53470,64530,64530,80990,101480
51-2011,NY,280,0.13,50920,36120,44890,49620,59340,61110
51-2011,OK,400,1.08,53820,37790,40870,49070,61110,74510
51-2011,OR,560,1.31,67820,46010,49630,58050,98130,98130
51-2011,PA,740,0.56,83400,45000,62950,81680,112300,112300
51-2011,TN,130,0.18,61210,33130,52870,66390,68030,78420
51-2011,TX,3010,0.98,71490,43500,59400,76640,86520,100450
51-2011,UT,550,1.44,54280,35700,40750,51130,60700,75440
51-2011,WA,4280,5.51,100540,63110,98880,110470,110470,110470
51-2011,WV,140,0.89,,,,,,
51-2028,AL,4960,1.48,39830,29260,31190,38180,44190,51190
51-2028,AR,1500,0.72,44520,32470,35530,46200,51140,55080
51-2028,AZ,4650,0.9,48280,35420,38640,46110,56420,64420
51-2028,CA,37660,1.3,52850,37580,40920,48080,60480,74990
51-2028,CO,4300,0.94,50930,38470,43920,47660,58050,67450
51-2028,CT,3580,1.33,47810,35520,37280,45080,52680,63020
51-2028,DE,610,0.79,49740,33060,36860,47880,56440,66450
51-2028,FL,9100,0.58,42790,30470,36170,39090,48250,59410
51-2028,GA,6190,0.8,46020,34790,37490,43410,51870,62520
51-2028,IA,4000,1.62,47270,38290,41560,44880,51770,61360
51-2028,ID,1430,1.05,45690,30240,35850,39980,47630,63690
51-2028,IL,13550,1.4,45270,31940,35880,42470,48550,61640
51-2028,IN,8220,1.62,43460,35630,37720,42810,46800,56550
51-2028,KS,3110,1.36,43720,32700,37370,43520,47740,57450
51-2028,KY,2020,0.64,47320,34790,39930,47220,49850,59650
51-2028,LA,380,0.12,40960,30700,34610,37930,46460,48990
51-2028,MA,11580,2,49620,38370,41710,47130,52220,63060
51-2028,MD,1050,0.24,51700,37610,41050,47720,59370,73180
51-2028,ME,580,0.57,48060,37860,39780,47240,51320,60480
51-2028,MI,7270,1.04,48140,35590,38100,44350,50800,63610
51-2028,MN,6750,1.44,48500,38080,42810,47720,54370,61000
51-2028,MO,3120,0.67,49300,33710,38150,46770,57880,75930
51-2028,MS,1620,0.88,43080,28750,34070,43270,48420,59280
51-2028,MT,190,0.23,49030,38020,46530,47730,52000,57860
51-2028,NC,6780,0.86,44380,29600,37650,45080,48290,59180
51-2028,ND,450,0.66,43590,35760,35760,42790,49790,51850
51-2028,NE,810,0.5,44940,35600,38440,46810,47400,52560
51-2028,NH,2930,2.7,50720,40340,45860,49020,55760,62080
51-2028,NJ,6300,0.93,48830,34570,37970,45800,58120,66000
51-2028,NM,540,0.39,41210,29260,31790,37210,44280,58280
51-2028,NV,1470,0.6,43110,31200,35640,37110,47250,59260
51-2028,NY,12700,0.83,47640,36240,38480,45400,51590,63400
51-2028,OH,10670,1.21,46010,35840,38530,46970,49000,58210
51-2028,OK,2840,1.05,43330,30220,36450,41020,47590,58530
51-2028,OR,3530,1.13,49320,39110,44790,47640,53330,60270
51-2028,PA,13440,1.4,45430,35770,38310,45600,49760,57260
51-2028,RI,820,1.03,43030,34490,34490,37550,49390,57090
51-2028,SC,4670,1.27,46240,35360,40280,46210,49140,57430
51-2028,SD,980,1.35,44310,37220,40090,43180,47860,51870
51-2028,TN,1980,0.38,46720,33350,36650,42230,50340,71510
51-2028,TX,15440,0.69,46070,32610,37330,44410,50370,62170
51-2028,UT,2220,0.81,47550,35090,39740,46940,52840,63900
51-2028,VA,4930,0.76,45500,35870,37400,44660,49820,60660
51-2028,VT,460,0.95,49910,38420,41560,48830,56370,58460
51-2028,WA,6160,1.09,60700,41090,47260,52480,63810,103730
51-2028,WI,8700,1.86,45970,34470,38360,45470,48750,60560
51-2028,WV,560,0.5,39570,32480,36760,40260,40880,42790
51-2028,WY,120,0.27,44970,39610,40030,45520,46020,47870
51-2041,AK,70,0.62,62740,51020,52270,63420,67580,81190
51-2041,AL,2130,3,52450,38180,46080,52220,60780,66820
51-2041,AR,640,1.46,44400,32230,37250,41260,52450,56990
51-2041,AZ,940,0.86,49570,39430,44770,48150,49940,60970
51-2041,CA,3420,0.56,58160,45140,46730,57590,65000,76110
51-2041,CO,330,0.35,53160,45930,47230,51120,57780,63770
51-2041,CT,500,0.87,59530,41740,48370,58760,71250,75200
51-2041,DE,110,0.66,48710,31720,38120,46940,60430,71160
51-2041,FL,2950,0.88,46900,35310,37380,46880,51190,59760
51-2041,GA,560,0.34,53130,37630,44040,50010,61010,69330
51-2041,HI,60,0.29,48970,35760,36690,43750,59550,69570
51-2041,IA,650,1.23,53360,40080,46620,51360,59990,65850
51-2041,ID,320,1.11,58010,36330,44990,58140,67530,81990
51-2041,IL,1910,0.93,55050,36960,45450,55380,61780,72480
51-2041,IN,3870,3.59,57600,40680,47130,60180,68560,68580
51-2041,KS,620,1.28,48410,38280,38760,47840,57140,60830
51-2041,KY,450,0.67,54020,44360,48490,55250,55250,63020
51-2041,LA,2520,3.86,48650,22400,38050,49120,58510,65630
51-2041,MA,690,0.56,64790,47430,48910,62040,77730,85260
51-2041,MD,620,0.67,53240,37310,44360,50110,61930,74500
51-2041,ME,770,3.58,62410,49350,57120,64760,64760,75790
51-2041,MI,1270,0.85,51830,37960,42860,47950,60220,67580
51-2041,MN,640,0.65,55080,39860,47960,56210,60460,75990
51-2041,MO,550,0.56,53980,38810,44350,53610,62730,67180
51-2041,MS,700,1.78,44460,30300,35200,42550,50690,59740
51-2041,NC,1070,0.64,50670,35480,39790,48990,59560,68790
51-2041,ND,140,1,55360,48480,52840,54430,57260,61900
51-2041,NE,580,1.67,50530,39710,42620,48820,56760,68720
51-2041,NH,100,0.45,57500,45140,51270,53920,64430,72800
51-2041,NJ,1540,1.07,55790,44520,48920,55650,59750,73330
51-2041,NM,240,0.82,51310,37440,45760,48700,59780,60320
51-2041,NV,150,0.29,51800,31680,35900,39570,68120,85240
51-2041,NY,2040,0.62,55970,41400,46300,55080,61560,73350
51-2041,OH,1090,0.58,51700,38230,45310,52300,58520,61440
51-2041,OK,710,1.24,51680,38990,41890,50380,59030,65770
51-2041,OR,560,0.85,64210,44560,49370,62220,78810,83440
51-2041,PA,1690,0.83,54010,41870,47670,51640,58890,67860
51-2041,SC,1020,1.31,49320,41110,42680,46910,55230,61200
51-2041,SD,180,1.2,50680,33280,40870,50800,59270,61530
51-2041,TN,2260,2.05,51950,38760,45560,50460,58250,64350
51-2041,TX,4440,0.94,51240,36470,42420,48490,58740,70950
51-2041,UT,780,1.34,51960,35780,43140,48130,60610,70270
51-2041,VA,1220,0.88,58170,43510,47230,53940,65240,79870
51-2041,WA,1050,0.88,66540,47240,54820,61850,76970,85800
51-2041,WI,1810,1.83,55090,40670,48000,56310,59860,66050
51-2041,WV,180,0.75,50300,37790,45760,46880,55370,65560
51-2041,WY,60,0.62,56670,31200,38340,51740,74500,95760
51-3011,AK,430,0.88,44070,34550,37520,39710,48570,64110
51-3011,AL,1880,0.59,33440,20940,27830,34030,38720,44600
51-3011,AR,2400,1.21,31560,24670,28570,30380,33390,37810
51-3011,AZ,4000,0.81,40010,34700,36210,37700,43520,48040
51-3011,CA,30020,1.08,44130,36510,38040,43120,47500,54960
51-3011,CO,4680,1.07,43240,32820,37100,40650,48280,56570
51-3011,CT,3670,1.43,39250,34010,34540,36460,41990,47930
51-3011,DC,1270,1.19,45380,38720,38990,44040,47600,51430
51-3011,DE,290,0.39,41500,31200,33590,36730,46650,60320
51-3011,FL,12320,0.82,36680,28780,30490,35870,39690,45330
51-3011,GA,7350,0.99,34540,22550,28580,35010,38650,46380
51-3011,HI,1580,1.65,48390,32220,37840,46710,58180,66080
51-3011,IA,2150,0.91,37180,22920,28920,37210,42850,49610
51-3011,ID,2230,1.71,33790,21100,23660,34060,38600,46110
51-3011,IL,12420,1.34,38960,31200,34680,37030,44260,47290
51-3011,IN,3600,0.74,36050,22880,28790,36150,41360,47360
51-3011,KS,1370,0.63,34920,27410,29900,34300,38030,45740
51-3011,KY,1630,0.54,34760,24440,28170,33890,39470,47810
51-3011,LA,2450,0.83,29780,21930,23540,28020,35690,40780
51-3011,MA,6070,1.1,41280,35080,36520,38130,45400,47750
51-3011,MD,2740,0.65,40120,32220,34930,37040,44660,51150
51-3011,ME,1380,1.42,39030,32210,34550,37390,43410,46490
51-3011,MI,7290,1.09,36950,28860,30830,35830,39320,47130
51-3011,MN,2660,0.59,42120,31110,36840,40210,47220,52970
51-3011,MO,4190,0.94,35920,29060,30330,35130,37630,46470
51-3011,MS,1300,0.73,30040,20910,22290,28920,35450,40390
51-3011,MT,990,1.28,38140,26080,31420,37200,42950,50670
51-3011,NC,9320,1.24,33750,19690,27780,34510,37770,45800
51-3011,ND,830,1.27,38400,29640,35260,36900,43840,46500
51-3011,NE,1030,0.66,37080,28970,30380,35280,43520,47930
51-3011,NH,880,0.85,41210,31760,36510,39500,45810,49230
51-3011,NJ,8110,1.25,40660,32220,34710,36960,45950,55280
51-3011,NM,1540,1.16,35660,29630,31300,34850,36740,44560
51-3011,NV,2040,0.87,41950,28540,34110,39540,47970,56060
51-3011,NY,15130,1.03,42010,34670,36150,38660,45450,53960
51-3011,OH,8890,1.05,34430,24160,28300,34560,37640,46320
51-3011,OK,1980,0.76,31320,22570,27060,31460,36350,37700
51-3011,OR,4160,1.39,41520,33120,35610,39500,45480,51870
51-3011,PA,10380,1.13,37090,25430,29530,36360,43890,50470
51-3011,RI,560,0.74,42010,32470,36400,38140,45780,58360
51-3011,SC,2940,0.84,34980,25340,29240,35460,39120,45330
51-3011,SD,330,0.47,39050,28880,33870,38340,44130,50360
51-3011,TN,5200,1.04,34530,22380,23960,34440,40880,46400
51-3011,TX,16710,0.78,33830,24430,28190,33790,37380,44020
51-3011,UT,3190,1.21,36790,26070,30270,36670,39370,47000
51-3011,VA,7820,1.25,35960,28140,30270,34430,38590,46620
51-3011,VT,580,1.26,42830,33260,36370,39980,48460,55430
51-3011,WA,6270,1.16,46720,36390,38890,46140,51420,60670
51-3011,WI,4930,1.1,38740,29640,33830,37310,45080,48030
51-3011,WV,750,0.71,31130,22170,23070,28480,36490,44720
51-3011,WY,240,0.57,40930,30620,36190,40000,47160,48040
51-3021,AK,230,0.8,51900,35810,41210,50450,57600,71460
51-3021,AL,2350,1.27,37130,26430,30230,36500,43680,47960
51-3021,AR,1290,1.13,34860,24920,29050,34380,39560,45100
51-3021,AZ,2130,0.75,45420,35010,37770,45780,50510,54990
51-3021,CA,18700,1.17,46820,35470,37160,44290,57140,61010
51-3021,CO,2200,0.87,47050,33970,38780,47490,53360,59210
51-3021,CT,1210,0.82,45920,36090,36870,44570,50690,60830
51-3021,DC,150,0.25,49360,38140,39450,48760,59030,63360
51-3021,DE,250,0.59,47830,35870,40820,47040,53820,58290
51-3021,FL,10590,1.22,41720,29640,36160,42790,47260,49160
51-3021,GA,4420,1.03,39320,28790,33630,38540,46170,48190
51-3021,HI,500,0.91,50960,35020,41160,50080,59160,69530
51-3021,IA,4480,3.27,38450,30200,34630,37750,43180,46510
51-3021,ID,1480,1.97,40610,29570,35470,38030,46800,50370
51-3021,IL,7710,1.44,41980,33630,36240,39240,47110,52220
51-3021,IN,1850,0.66,43050,31510,36400,42440,48810,56770
51-3021,KS,1200,0.95,39320,28330,31190,37320,45570,52800
51-3021,KY,1670,0.95,35390,22890,28350,35430,41640,47690
51-3021,LA,2240,1.32,36940,25120,28600,36790,43600,48240
51-3021,MA,1480,0.46,49210,38370,41740,48430,53340,62120
51-3021,MD,1500,0.62,44150,31200,35060,44130,49550,59030
51-3021,ME,830,1.48,42380,34780,35240,38250,48400,57670
51-3021,MI,4230,1.09,41010,29900,32540,39350,48370,50740
51-3021,MN,1590,0.61,44890,34790,36990,43930,50860,59540
51-3021,MO,2160,0.84,40810,29280,30340,37860,48950,55320
51-3021,MS,1160,1.13,32860,22060,25700,29700,37510,46340
51-3021,MT,740,1.65,42690,29760,36430,41600,47720,56720
51-3021,NC,3120,0.72,39570,28510,34460,38240,45160,50080
51-3021,ND,470,1.25,40850,22390,36130,40080,47330,57160
51-3021,NE,1380,1.53,39880,28600,31390,37630,47180,49840
51-3021,NH,530,0.88,48100,38690,44610,47740,50970,57510
51-3021,NJ,4610,1.23,45610,32220,35540,38540,57360,65940
51-3021,NM,810,1.05,40260,29170,33750,36640,47220,49930
51-3021,NV,1560,1.15,42670,29070,34320,40290,51850,54190
51-3021,NY,4540,0.53,49210,35980,37840,47080,58260,66580
51-3021,OH,5640,1.16,38880,26940,28970,37630,47040,50090
51-3021,OK,1810,1.21,35070,26180,29320,35070,37860,46340
51-3021,OR,1540,0.89,49610,37220,45310,49360,55500,60150
51-3021,PA,3540,0.67,41780,29000,34790,38340,48480,58130
51-3021,RI,260,0.58,46380,34690,35660,45210,53730,59900
51-3021,SC,2380,1.18,40620,31150,36980,39790,45800,47980
51-3021,SD,520,1.3,41060,33830,34970,37310,46470,56060
51-3021,TN,2650,0.92,39550,26520,35070,39960,45560,47710
51-3021,TX,11260,0.91,38360,23760,28530,37400,46450,55160
51-3021,UT,1500,0.99,42480,32060,36360,43440,45460,53470
51-3021,VA,2630,0.73,41650,31290,36180,39770,45540,55810
51-3021,VT,370,1.38,45140,35160,36670,45580,48600,59070
51-3021,WA,2660,0.85,52570,37560,45230,51670,60920,63440
51-3021,WI,3510,1.36,44210,33170,37300,45980,49130,56210
51-3021,WV,600,0.98,33250,23240,28760,33570,36880,44550
51-3021,WY,210,0.87,45150,36630,38130,44820,49860,59450
51-4031,AK,80,0.21,51270,43770,45160,49010,58320,62470
51-4031,AL,6000,2.58,43760,34660,37850,43830,48000,54760
51-4031,AR,3020,2.11,44480,32800,37140,45580,51160,56860
51-4031,AZ,1100,0.31,47680,37540,39780,46610,51240,62680
51-4031,CA,7710,0.38,51620,37090,43710,48450,58450,68500
51-4031,CO,1400,0.44,55080,41690,45840,50790,59830,71800
51-4031,CT,2030,1.08,48190,37110,38440,46280,53920,64770
51-4031,DE,240,0.45,44700,38260,39860,41640,48380,57860
51-4031,FL,2740,0.25,41940,33180,36180,39440,46670,50630
51-4031,GA,5260,0.98,47040,35400,38690,45080,50730,63740
51-4031,IA,2030,1.18,47960,36550,40120,48240,52730,57490
51-4031,ID,720,0.77,42920,36240,37650,39580,46200,50540
51-4031,IL,8060,1.2,51740,36960,41670,48990,59030,73270
51-4031,IN,9680,2.75,49900,36960,40630,46980,56350,73840
51-4031,KS,1900,1.2,48770,36360,39520,46840,53670,63150
51-4031,KY,7290,3.31,48770,34920,39300,45760,60230,66280
51-4031,LA,760,0.36,44990,35730,37660,40870,48900,60960
51-4031,MA,2590,0.65,49360,37460,39570,45760,57460,64160
51-4031,MD,270,0.09,47280,35470,39420,47320,50780,57360
51-4031,ME,180,0.25,52050,38290,47130,51820,60440,64800
51-4031,MI,22060,4.55,51880,36130,38580,46120,66130,76720
51-4031,MN,6130,1.89,50850,34670,42850,49770,60130,64700
51-4031,MO,3240,1,50680,36310,39500,48310,60170,69500
51-4031,MS,1700,1.33,44140,32000,36220,40650,48990,63180
51-4031,MT,130,0.23,49330,37270,45280,48490,51680,59860
51-4031,NC,3940,0.72,45980,35180,37390,43400,50090,62120
51-4031,ND,230,0.49,51620,43680,47230,48400,56670,65980
51-4031,NE,1320,1.17,49090,36160,39520,48690,58020,60850
51-4031,NH,600,0.8,48150,37580,41950,48110,52430,61450
51-4031,NJ,1950,0.41,47670,36700,40130,45680,51800,60950
51-4031,NM,220,0.23,40630,33430,36400,39430,45580,46720
51-4031,NV,580,0.34,46710,33790,40540,47690,50420,55430
51-4031,NY,3340,0.31,50330,36510,39800,46930,57070,71770
51-4031,OH,13350,2.18,46370,35560,38360,45230,50640,60770
51-4031,OK,2480,1.32,44240,31230,36260,40930,49870,64750
51-4031,OR,1180,0.55,55390,44490,48070,53680,59550,66210
51-4031,PA,8890,1.33,49670,35380,40710,47860,58780,62590
51-4031,RI,470,0.85,50870,37850,43550,48170,59780,62280
51-4031,SC,4100,1.62,45540,34000,39230,44420,49290,62410
51-4031,SD,490,0.97,47740,36840,41900,46060,53330,59950
51-4031,TN,5380,1.49,43980,35620,37580,44780,48310,53300
51-4031,TX,13290,0.86,43580,34340,36940,42720,47460,57370
51-4031,UT,1050,0.55,48760,37420,44030,46670,50960,62430
51-4031,VA,1790,0.39,48270,36550,41380,47300,52890,60680
51-4031,VT,70,0.21,46870,38110,39640,43560,51950,56160
51-4031,WA,1750,0.45,55150,41440,46280,51160,60890,71550
51-4031,WI,7960,2.46,50500,38290,43930,49270,58560,62580
51-4031,WV,290,0.38,45130,30700,35410,43070,57570,57570
51-4031,WY,60,0.19,48060,40160,45520,46890,51870,57370
51-4041,AK,120,0.2,81160,50900,63360,77670,96640,105540
51-4041,AL,5170,1.33,57860,37770,46340,55560,66190,79380
51-4041,AR,2150,0.89,55180,37760,45280,51140,61380,78400
51-4041,AZ,4330,0.72,59750,40290,48890,61080,66460,76610
51-4041,CA,18950,0.56,61380,37440,46360,57190,74210,88280
51-4041,CO,2800,0.53,62650,44650,49170,60200,74110,84510
51-4041,CT,5240,1.67,64030,43900,49900,62130,76040,82630
51-4041,DC,160,0.12,73260,56570,56570,72900,72900,98850
51-4041,DE,310,0.34,65400,41710,48310,62650,75500,95660
51-4041,FL,8400,0.46,57590,39870,47300,57140,63860,76220
51-4041,GA,6090,0.68,55690,37060,43480,52610,64180,77420
51-4041,HI,260,0.22,81610,55950,63380,84410,92750,106970
51-4041,IA,2880,1,56960,44500,49190,57540,61530,71160
51-4041,ID,1070,0.68,59480,38450,47630,58810,71070,81920
51-4041,IL,16520,1.47,58920,38390,46380,58520,65620,78290
51-4041,IN,14320,2.42,56590,39400,47870,57800,62440,73500
51-4041,KS,3870,1.46,54780,38240,45050,51220,61450,74920
51-4041,KY,6040,1.64,59560,39070,48560,58660,71530,78020
51-4041,LA,4640,1.3,62830,39930,49030,61110,75170,84930
51-4041,MA,7080,1.05,69390,47910,57690,67270,78640,93330
51-4041,MD,1380,0.27,61420,42950,47530,59810,74290,81880
51-4041,ME,1780,1.5,60910,45760,50090,59160,72640,78380
51-4041,MI,20350,2.5,55240,38370,46260,52360,62300,75330
51-4041,MN,12500,2.29,62310,46550,50320,61140,74650,80380
51-4041,MO,8380,1.55,61340,44120,48880,58710,72540,84150
51-4041,MS,1920,0.89,55600,34570,43270,55550,63330,76670
51-4041,MT,630,0.67,61530,37940,48030,60920,68760,81810
51-4041,NC,8330,0.91,54880,37110,45300,55230,62680,75570
51-4041,ND,560,0.71,63830,47810,49300,61820,74670,80030
51-4041,NE,1810,0.96,59090,39770,45600,55860,67430,88130
51-4041,NH,1620,1.29,62150,44720,49840,61500,71980,84080
51-4041,NJ,3210,0.41,66720,46170,51110,63190,79330,90740
51-4041,NM,690,0.43,60960,39250,46300,59440,72690,90170
51-4041,NV,900,0.31,56270,39420,46090,53050,62830,77290
51-4041,NY,9400,0.53,61910,40560,48040,60920,74180,84440
51-4041,OH,17110,1.67,56670,38070,46460,57940,64050,76530
51-4041,OK,4230,1.34,53450,36380,45670,51120,62050,70870
51-4041,OR,2760,0.76,65590,47040,52930,63820,76070,86580
51-4041,PA,12380,1.11,57080,39620,47410,57810,63700,77090
51-4041,RI,860,0.93,60230,39720,49320,57760,71820,82400
51-4041,SC,3790,0.89,57030,38270,46970,57970,65290,75650
51-4041,SD,830,0.98,51860,39280,46280,50890,58750,60840
51-4041,TN,8270,1.37,53180,37560,43200,49600,61220,70430
51-4041,TX,21700,0.84,60270,38600,47630,59180,69800,83070
51-4041,UT,3810,1.19,61800,43160,49920,61280,74390,80110
51-4041,VA,5660,0.75,62770,45120,49900,61290,71470,86380
51-4041,VT,220,0.4,62800,40670,47650,62680,78260,95690
51-4041,WA,6880,1.05,71510,48360,58760,66160,80340,101110
51-4041,WI,12700,2.34,57860,40600,48430,59110,63350,76280
51-4041,WV,1700,1.31,51190,37300,39180,47350,59910,71980
51-4041,WY,290,0.55,64880,37430,47090,63070,78990,91650
51-4121,AK,790,0.9,80100,49660,61280,80840,98500,109940
51-4121,AL,12450,2.2,51120,36710,40080,48490,60120,66820
51-4121,AR,6150,1.76,50020,37380,42950,47970,55280,62830
51-4121,AZ,7270,0.84,59040,39970,48000,55600,65660,81280
51-4121,CA,26060,0.53,61120,44520,48480,58060,70400,81940
51-4121,CO,4970,0.65,60410,44100,47860,58590,69540,79700
51-4121,CT,1790,0.39,66800,43590,49240,64880,81590,87980
51-4121,DC,280,0.15,61620,48400,50110,60180,75580,75580
51-4121,DE,600,0.46,58470,45550,49830,57270,61630,75560
51-4121,FL,16420,0.62,54030,39200,46460,50640,60600,70390
51-4121,GA,13130,1,51520,38030,44150,48430,58240,65160
51-4121,HI,520,0.31,77430,50000,63030,79000,90830,100220
51-4121,IA,9270,2.22,55580,45590,48250,55090,60200,65250
51-4121,ID,3300,1.44,54290,40370,46120,50530,59350,70790
51-4121,IL,16260,1,55930,38890,46500,51320,61520,76730
51-4121,IN,13280,1.55,54220,38410,45620,49730,60710,74880
51-4121,KS,6370,1.66,52780,37790,45210,49410,59200,66680
51-4121,KY,6630,1.24,53710,39300,46380,51470,59900,69010
51-4121,LA,13690,2.64,63750,42810,50680,62250,77310,81750
51-4121,MA,2830,0.29,65050,47720,53680,62570,74050,83430
51-4121,MD,2850,0.39,64410,40590,48150,60310,77810,95280
51-4121,ME,1690,0.99,61930,47230,51800,62220,69130,76220
51-4121,MI,13330,1.13,53820,39090,46520,49990,59190,70200
51-4121,MN,9270,1.17,60360,45690,50960,60280,65410,75710
51-4121,MO,10600,1.35,55470,38200,45930,51950,61660,78150
51-4121,MS,6460,2.08,52930,36800,41000,51100,63440,64440
51-4121,MT,1530,1.12,58680,43720,47590,55610,63520,81470
51-4121,NC,11750,0.89,53720,38540,45400,50590,60870,71240
51-4121,ND,2590,2.26,64880,46660,54660,62000,72560,83290
51-4121,NE,4200,1.53,55290,43850,47830,52220,61810,66900
51-4121,NH,1110,0.61,62900,47540,50620,62360,74420,80290
51-4121,NJ,3730,0.33,62500,43290,49870,59440,71060,81760
51-4121,NM,2390,1.03,63720,36860,44750,59840,82550,92760
51-4121,NV,1600,0.39,64590,44530,48700,61520,76670,95050
51-4121,NY,8310,0.32,62810,43840,49050,59140,71960,87110
51-4121,OH,20330,1.37,53370,38990,45750,50340,59510,70510
51-4121,OK,9960,2.18,52860,37860,44920,49720,60790,70640
51-4121,OR,5240,1,60390,46070,49690,59450,66570,79230
51-4121,PA,17850,1.1,56300,40510,47240,52900,61920,74870
51-4121,RI,2300,1.71,58180,35560,50580,50580,68260,81000
51-4121,SC,7380,1.2,52120,38720,45230,49980,58370,64510
51-4121,SD,3250,2.66,51980,38100,45710,49440,59360,63380
51-4121,TN,12510,1.43,50450,37840,41600,48040,57450,64200
51-4121,TX,52000,1.38,56940,38380,45750,53340,64770,80240
51-4121,UT,4440,0.96,59640,43850,48580,58380,66870,79520
51-4121,VA,10100,0.92,60410,42520,49020,59180,65400,79630
51-4121,VT,340,0.42,60210,45650,51190,60890,65490,74870
51-4121,WA,7720,0.81,66340,47980,54740,63020,73650,86250
51-4121,WI,15320,1.95,57920,47060,50320,58410,62220,70720
51-4121,WV,2100,1.12,53350,36700,39900,48810,60170,73780
51-4121,WY,1850,2.46,67990,47220,56380,63820,78890,89610
51-5112,AK,170,0.57,47750,30660,42370,46460,50250,65440
51-5112,AL,2160,1.1,38700,24260,29760,36670,45110,55830
51-5112,AR,1760,1.46,47640,28540,37960,46470,58240,64060
51-5112,AZ,2400,0.8,44830,35800,38420,42950,48530,60700
51-5112,CA,12320,0.73,48370,36580,38530,46110,54870,63910
51-5112,CO,1830,0.69,49120,37400,40520,47860,52250,63270
51-5112,CT,1610,1.02,48880,36080,37750,45670,59110,64880
51-5112,DC,350,0.54,104930,48840,71530,116630,130850,138590
51-5112,DE,210,0.48,45140,35160,36200,44600,48940,59530
51-5112,FL,7060,0.77,42840,30490,35560,41180,47000,60130
51-5112,GA,4220,0.93,43300,28860,35180,41520,48980,60690
51-5112,HI,350,0.6,46610,29120,37940,45390,53980,64700
51-5112,IA,2070,1.43,42860,30130,34610,40790,48240,59190
51-5112,ID,610,0.77,40810,30240,35460,38650,46090,56510
51-5112,IL,9550,1.69,48590,31450,36470,46260,59170,66250
51-5112,IN,4820,1.62,46860,34820,37680,45230,50380,61330
51-5112,KS,2640,1.98,42350,27980,35120,41890,47540,58410
51-5112,KY,2470,1.33,49510,34920,41340,48000,59140,63720
51-5112,LA,870,0.48,40130,26580,31400,37650,46920,58090
51-5112,MA,2110,0.62,55430,39430,44550,53050,64230,75310
51-5112,MD,1250,0.49,50180,35690,38700,47840,59650,64160
51-5112,ME,300,0.5,48770,37710,41270,47430,57620,62150
51-5112,MI,5110,1.25,46230,31190,37860,45280,50370,63220
51-5112,MN,4960,1.81,52390,36950,41530,48560,61490,73670
51-5112,MO,3460,1.27,47560,32560,37720,46130,54890,66640
51-5112,MS,670,0.62,42380,25920,30000,38400,52180,60010
51-5112,MT,300,0.63,42660,31200,34250,42220,47810,57990
51-5112,NC,3910,0.85,45840,29600,36910,45630,53670,62010
51-5112,ND,270,0.67,41960,30700,32340,37850,49100,57100
51-5112,NE,2140,2.25,44860,36670,39900,42070,48400,59190
51-5112,NH,680,1.07,50280,34790,39000,48410,59520,69780
51-5112,NJ,4180,1.05,55600,37900,43650,50430,63950,77550
51-5112,NM,250,0.31,41400,30440,33760,37110,48200,58230
51-5112,NV,1360,0.94,46020,36300,36300,43500,50740,62800
51-5112,NY,6700,0.75,50990,34910,38970,47860,58630,69880
51-5112,OH,7500,1.46,46210,32430,37190,45760,56180,60600
51-5112,OK,1140,0.72,38200,26700,29710,36760,46350,50440
51-5112,OR,1330,0.73,50200,37270,40620,48760,58390,63510
51-5112,PA,7150,1.27,47940,34850,38080,47010,56350,63690
51-5112,RI,510,1.11,50680,40360,44930,45380,59010,71780
51-5112,SC,2100,0.98,42850,29490,36640,40470,47640,59010
51-5112,SD,460,1.08,46110,33980,35810,44930,51990,63800
51-5112,TN,3510,1.16,43810,30870,36370,43160,49200,58310
51-5112,TX,9110,0.7,45430,29540,35880,42550,49080,61160
51-5112,UT,1970,1.22,43830,31200,35290,41030,47750,61200
51-5112,VA,3210,0.84,45650,30530,36040,44020,54240,64020
51-5112,VT,190,0.67,49950,37040,44350,46460,58980,70990
51-5112,WA,2310,0.7,53310,39660,46120,49800,60130,70030
51-5112,WI,8120,2.97,50220,36980,40080,47330,59770,65260
51-5112,WV,470,0.72,42710,25780,33560,41200,49260,65220
51-5112,WY,90,0.36,41890,27750,30980,40760,52710,60570
53-2011,AK,1350,6.21,249460,59130,185430,232140,369150,369150
53-2011,AL,360,0.26,155520,108890,126440,136990,165340,176620
53-2011,AR,250,0.29,152980,124990,130750,168970,168970,170960
53-2011,AZ,2200,1.02,236550,96380,163570,227870,293730,344080
53-2011,CA,10670,0.88,310190,179270,208070,353900,390260,427660
53-2011,CO,5830,3.05,290850,189150,197310,307490,371190,377860
53-2011,CT,80,0.07,282160,94130,142630,199870,530080,530080
53-2011,FL,7760,1.17,254420,121240,169730,225020,344360,356680
53-2011,GA,8770,2.69,476310,187570,211400,618090,618090,642610
53-2011,IA,100,0.1,144660,64100,86570,131730,168510,201080
53-2011,ID,330,0.57,361180,120740,216750,507640,507910,507910
53-2011,IL,6460,1.59,316140,166620,204790,293490,420280,421610
53-2011,IN,,**,200950,83680,83680,171260,338390,338390
53-2011,KS,80,0.08,163070,85860,128520,143580,165340,205580
53-2011,KY,6260,4.7,302340,182780,214120,350950,398760,407760
53-2011,LA,150,0.11,144220,74700,93530,120740,173750,251190
53-2011,MA,2240,0.93,,,,,,
53-2011,ME,40,0.09,195680,96630,127830,147930,266310,354100
53-2011,MI,,**,330480,181880,215440,428570,428570,428570
53-2011,MN,2960,1.51,256750,128070,210510,211470,337920,353410
53-2011,MO,120,0.06,110610,60920,60920,97680,143580,172330
53-2011,MS,360,0.46,151890,112420,132850,143580,164430,177110
53-2011,NC,2240,0.68,148500,97700,99180,151540,199660,206700
53-2011,NE,60,0.09,156450,59400,106630,131650,172330,233970
53-2011,NH,50,0.1,151790,74130,74950,99280,150760,321250
53-2011,NM,50,0.08,141570,117080,131830,136990,156640,172330
53-2011,NV,2160,2.09,204470,90890,131020,192460,293240,293240
53-2011,NY,6900,1.07,298260,101390,170510,255240,475690,475690
53-2011,OH,1550,0.42,222540,100300,138590,204170,320410,406110
53-2011,OK,180,0.16,144000,119230,129460,133680,160990,184790
53-2011,OR,750,0.57,209040,100260,103640,173190,220310,424850
53-2011,PA,2270,0.56,172500,88090,91780,164990,211940,369300
53-2011,RI,40,0.13,186560,93300,124270,164880,199910,286150
53-2011,SC,110,0.07,150970,97070,128070,143580,169690,227550
53-2011,TN,110,0.05,142700,109760,124450,143580,164360,172390
53-2011,TX,10930,1.17,275710,92370,184750,215150,417070,456570
53-2011,UT,1880,1.62,214140,108270,140620,174590,197630,433330
53-2011,WA,3450,1.46,298560,140780,202420,229900,396810,529820
53-2011,WY,80,0.44,,,,,,
53-2012,AK,1000,10.07,107070,49610,80170,100120,128760,163410
53-2012,AL,780,1.2,108580,57030,86500,101420,133520,163100
53-2012,AR,460,1.15,95380,43290,60250,94410,102880,171500
53-2012,AZ,1540,1.55,119320,64290,93620,103060,133110,201660
53-2012,CA,4900,0.88,202040,63890,85020,165590,278940,500170
53-2012,CO,1240,1.4,152820,59780,98050,139680,210470,269630
53-2012,CT,460,0.89,231650,86840,172500,232160,315450,321270
53-2012,DE,220,1.49,160700,83180,124180,163600,198380,264590
53-2012,FL,6340,2.09,145320,62590,98460,121890,202340,229110
53-2012,GA,1020,0.68,147610,53010,102090,145100,173870,247410
53-2012,HI,350,1.84,120320,58470,65670,113030,148550,214630
53-2012,IA,300,0.62,124640,77790,91550,101800,159040,199340
53-2012,ID,310,1.19,131800,64300,82760,109620,174750,209320
53-2012,IL,1170,0.63,157600,51890,64370,126100,200440,376830
53-2012,IN,960,0.97,125910,63250,88730,104160,144990,221260
53-2012,KS,680,1.53,111540,49060,59850,105440,135150,175820
53-2012,KY,800,1.3,168100,83130,91570,129990,193940,355390
53-2012,LA,910,1.54,109200,46990,63270,95940,135950,169410
53-2012,MA,160,0.14,,,,,,
53-2012,MD,360,0.42,138530,58070,81620,131210,173790,229430
53-2012,ME,100,0.49,139890,73310,95790,117560,217110,252760
53-2012,MI,1390,1.03,127700,58280,82160,126670,156940,205900
53-2012,MN,910,1.01,123240,42670,60610,98630,164150,261800
53-2012,MO,670,0.75,119400,50790,66850,102990,165990,212000
53-2012,MS,240,0.67,120670,71050,88100,103640,131650,215010
53-2012,MT,330,2.13,128170,73440,87190,103690,131360,226770
53-2012,NC,1520,1,138680,61050,79670,127310,175900,243090
53-2012,ND,370,2.81,157900,65630,92870,133010,234990,237050
53-2012,NE,290,0.94,103300,53710,57240,104780,130290,167450
53-2012,NH,440,2.09,,,,,,
53-2012,NJ,670,0.51,215210,52560,121730,226710,321550,326930
53-2012,NM,370,1.39,114690,34680,71970,97920,131240,219010
53-2012,NV,1100,2.32,125470,51350,62590,105340,175770,211260
53-2012,NY,1070,0.36,184580,63080,103390,177430,257810,297680
53-2012,OH,2680,1.58,145490,60300,82440,150330,211620,219140
53-2012,OK,540,1.04,136510,75880,95990,126180,164370,220610
53-2012,OR,670,1.11,144320,50960,80100,120760,163810,307900
53-2012,PA,530,0.29,151950,74610,96780,134030,200910,263290
53-2012,RI,80,0.52,131970,51360,66180,98820,166380,273060
53-2012,SC,290,0.41,108640,49720,77710,105740,127170,164920
53-2012,SD,320,2.31,94070,51590,59420,83710,113430,157840
53-2012,TN,1030,1.03,126190,54740,82770,117480,169920,204650
53-2012,TX,4120,0.96,152090,68460,101090,137960,196400,259990
53-2012,UT,540,1.02,115970,60060,80480,99610,134080,175000
53-2012,VA,1130,0.89,124590,55310,80160,104890,156660,228970
53-2012,VT,40,0.4,130790,56820,65090,137810,191690,233150
53-2012,WA,890,0.82,149860,70420,84540,117730,200480,314200
53-2012,WI,1090,1.21,156970,66390,91750,129860,257050,269990
53-2012,WV,40,0.2,119040,64450,76810,105950,150990,174170
53-2012,WY,190,2.17,106190,59990,96110,102990,117100,140320
53-2021,AK,490,10.35,130420,66800,94760,123950,168830,191690
53-2021,AL,240,0.79,117540,79420,100310,114960,138050,159640
53-2021,AR,80,0.44,108570,76360,99800,109760,127920,134430
53-2021,AZ,380,0.81,140340,86630,112030,136800,170870,195980
53-2021,CA,2290,0.87,156910,80960,115810,160080,207670,225680
53-2021,CO,740,1.77,158790,76310,108990,177380,204150,213950
53-2021,CT,,**,141920,95180,119430,140940,172640,175090
53-2021,DC,820,8.08,96410,47760,47760,47760,174860,196310
53-2021,FL,1950,1.35,144140,86660,107990,147530,178420,195960
53-2021,GA,970,1.37,164700,90940,126570,178420,198120,217590
53-2021,HI,210,2.26,151040,92580,115290,158700,186280,205000
53-2021,IA,120,0.55,91670,54930,76980,90790,105610,121720
53-2021,IL,990,1.12,164200,83990,117500,181560,209440,225680
53-2021,IN,630,1.36,145010,81000,106100,158810,180290,200640
53-2021,KS,430,2.04,149440,82060,119370,159700,181330,199160
53-2021,KY,230,0.79,121910,66150,97840,127800,151240,168650
53-2021,LA,230,0.84,106280,75130,87150,99810,123660,149700
53-2021,MA,120,0.22,132750,82150,89890,125060,171010,202070
53-2021,MD,70,0.18,136220,96600,118350,131290,164920,169920
53-2021,ME,70,0.77,93400,46550,54500,107270,122350,135910
53-2021,MI,360,0.56,134670,80430,99610,118930,178590,205380
53-2021,MN,680,1.6,162920,88940,120940,176840,200510,218190
53-2021,MO,260,0.61,125950,90940,105440,122200,145140,166610
53-2021,MS,160,0.92,93850,64380,79700,88110,113300,127170
53-2021,MT,60,0.85,98700,75130,83030,101380,108680,127980
53-2021,NC,410,0.57,136490,88690,104640,129230,169520,191530
53-2021,ND,100,1.69,106930,58470,81720,107990,133660,147410
53-2021,NE,70,0.46,113210,83030,94910,111710,127630,147990
53-2021,NJ,190,0.3,139660,88460,102730,132230,179400,209730
53-2021,NM,350,2.78,140280,77400,120120,148550,170660,187790
53-2021,NV,210,0.93,143990,80600,112110,140920,182250,200160
53-2021,NY,1150,0.82,154660,74320,106200,144960,216570,225680
53-2021,OK,270,1.08,125280,78340,98680,123220,150260,169980
53-2021,PA,460,0.53,143180,81490,100210,132350,190360,225680
53-2021,RI,50,0.64,120870,61710,100440,126300,150180,150180
53-2021,SC,190,0.57,110990,71680,92980,112030,132600,142830
53-2021,TN,590,1.24,149020,98300,120000,157330,178630,198790
53-2021,TX,2060,1.01,156370,90420,107990,170080,202590,222230
53-2021,UT,360,1.44,147710,75360,140130,158310,169520,186180
53-2021,VA,1120,1.88,175740,94330,140480,191820,214360,225680
53-2021,VT,30,0.68,109830,90500,101840,109140,114480,139810
53-2021,WA,620,1.2,154320,91600,112150,162570,191030,209270
53-2021,WY,40,0.89,97300,75130,82310,93580,114940,132000
53-3031,AK,1270,1.48,48120,35800,42990,48420,54080,61760
53-3031,AL,4310,0.77,40560,24310,27410,39190,49390,61100
53-3031,AR,3170,0.92,41250,24260,32950,39820,48360,59050
53-3031,AZ,10550,1.24,40790,30580,31200,38440,46290,55420
53-3031,CA,34480,0.72,48220,34320,38180,45600,54040,63280
53-3031,CO,10790,1.43,44790,30800,35910,43420,49040,57960
53-3031,CT,3730,0.84,42400,34010,34200,36730,47390,60600
53-3031,DC,1020,0.55,45430,36400,36400,41600,57650,57650
53-3031,DE,,**,34510,31200,31200,31200,31270,45270
53-3031,FL,24380,0.93,38840,27040,27100,36260,46830,57080
53-3031,GA,19150,1.49,41860,24400,31210,40040,50110,60020
53-3031,HI,920,0.56,39590,29120,29120,31270,50180,62720
53-3031,IA,4400,1.07,45260,22670,28420,47120,59010,64760
53-3031,ID,2090,0.93,35420,20980,26500,35770,45660,49090
53-3031,IL,13680,0.85,43840,31200,31200,38960,48570,65680
53-3031,IN,12040,1.43,38240,21360,24140,36250,47740,59020
53-3031,KS,1950,0.51,41560,20540,34760,43180,48080,56440
53-3031,KY,6140,1.17,38330,20800,24960,37030,47300,58920
53-3031,LA,3200,0.63,34840,17770,20320,36290,46700,55150
53-3031,MA,3830,0.4,48280,33890,37430,46870,59160,67140
53-3031,MD,11940,1.64,41850,31770,31770,38500,49030,58520
53-3031,ME,2160,1.28,42440,30470,30710,39900,49480,59040
53-3031,MI,15490,1.34,41420,25960,28410,39610,50140,58730
53-3031,MN,9750,1.26,40810,23850,29450,32980,52250,63040
53-3031,MO,7590,0.98,41260,28600,30000,40200,47000,57920
53-3031,MS,2550,0.83,37200,23300,30120,35480,44710,49470
53-3031,MT,2100,1.56,35780,22060,22800,27580,48460,58690
53-3031,NC,14530,1.12,37960,18260,21550,36540,48970,60390
53-3031,ND,1740,1.54,42180,19550,28400,38610,59710,62320
53-3031,NE,2590,0.96,40300,28080,29840,34950,46910,59350
53-3031,NH,1990,1.1,40230,18260,27750,41520,50920,59220
53-3031,NJ,9720,0.86,46210,32220,35630,44720,54870,60360
53-3031,NM,2970,1.3,36420,24960,25450,29770,45610,57960
53-3031,NV,4310,1.06,35830,24960,25020,31760,42900,51550
53-3031,NY,18990,0.74,45250,33210,33890,42730,51210,62390
53-3031,OH,20430,1.4,37890,22490,24900,35720,47340,59370
53-3031,OK,5110,1.14,32450,17050,21890,29120,43360,54330
53-3031,OR,5210,1.01,43440,30580,32830,41080,49920,61530
53-3031,PA,15100,0.95,37540,18520,21890,37330,48220,59590
53-3031,RI,1260,0.96,43060,31200,31200,34230,49550,65280
53-3031,SC,6430,1.06,29510,17040,18130,22240,39200,48380
53-3031,SD,1050,0.87,46950,28960,33810,45050,57210,64540
53-3031,TN,9620,1.12,39810,20800,35730,42220,45090,51610
53-3031,TX,40950,1.11,37820,18290,23000,35850,48520,60020
53-3031,UT,3050,0.67,34210,20390,20910,26590,48620,57150
53-3031,VA,10780,1,40770,26470,31050,37180,47750,58530
53-3031,VT,510,0.64,48210,33090,39610,46300,56920,65800
53-3031,WA,5890,0.63,47580,34650,35120,41570,56460,69580
53-3031,WI,10020,1.29,34310,20860,21630,27560,46980,57850
53-3031,WV,2540,1.38,35580,18760,21180,28790,45540,58410
53-3031,WY,1140,1.55,30290,16500,17110,26940,44370,48300
53-3032,AK,3420,0.79,69520,48080,60500,70100,78060,90610
53-3032,AL,36650,1.31,56230,38240,44640,52120,64870,77620
53-3032,AR,32220,1.86,57390,36770,44650,51550,69700,81110
53-3032,AZ,40150,0.93,58870,42580,47550,58080,65580,76550
53-3032,CA,205090,0.85,62020,41830,48740,60230,72330,81960
53-3032,CO,25350,0.67,63650,47010,53490,61500,70220,80570
53-3032,CT,15740,0.7,61980,47160,51590,60490,69970,77360
53-3032,DC,830,0.09,67710,51500,58850,64170,74440,84000
53-3032,DE,9040,1.41,57380,46850,53570,57590,58900,69770
53-3032,FL,112920,0.86,54850,37700,45500,50640,62380,74330
53-3032,GA,74840,1.15,57780,38150,45700,57050,68780,77900
53-3032,HI,4070,0.49,60850,47480,52520,59820,64910,74530
53-3032,IA,35040,1.69,60070,42390,48350,58070,64190,77910
53-3032,ID,15920,1.4,59160,43360,48150,58770,64260,77120
53-3032,IL,84200,1.04,62430,39710,48550,60320,75600,86300
53-3032,IN,59090,1.39,60950,42060,49390,60290,72260,79000
53-3032,KS,24220,1.27,60480,43760,48430,58920,71080,78910
53-3032,KY,31760,1.2,59870,38670,47810,56340,70020,85630
53-3032,LA,28540,1.11,51930,36710,44330,49320,58780,68740
53-3032,MA,30890,0.64,63570,47080,56320,63030,72150,78480
53-3032,MD,29150,0.8,60590,43670,49640,59360,69270,79130
53-3032,ME,9980,1.18,55980,40810,48020,57050,62210,71100
53-3032,MI,60800,1.04,56370,40280,47600,57180,62060,73980
53-3032,MN,38770,0.99,63630,45910,50730,61990,73700,81830
53-3032,MO,47760,1.23,56830,37860,46140,54550,63400,77510
53-3032,MS,24160,1.57,55910,35710,43520,51820,63630,79550
53-3032,MT,7830,1.15,59180,46040,50620,58870,63660,74120
53-3032,NC,62400,0.95,55810,39400,46320,51530,62640,76360
53-3032,ND,11870,2.08,63330,47990,52310,60910,67110,83330
53-3032,NE,23160,1.7,60070,40150,47020,58390,75830,81790
53-3032,NH,6960,0.77,60600,47370,52380,60280,65140,74200
53-3032,NJ,47980,0.84,66770,47950,57400,63570,76450,90310
53-3032,NM,11820,1.02,53100,38540,46370,50500,60320,65990
53-3032,NV,15010,0.73,65010,45860,52420,62290,75890,83090
53-3032,NY,63700,0.5,65780,47880,55550,62050,74040,88100
53-3032,OH,83060,1.13,60660,43670,49260,59800,71260,77650
53-3032,OK,27840,1.23,57670,37420,45710,54410,70950,80330
53-3032,OR,23970,0.92,64080,47700,54870,61980,72870,81220
53-3032,PA,87550,1.09,59640,43560,49570,58580,65830,78330
53-3032,RI,3620,0.55,59660,45600,50330,60190,64250,75120
53-3032,SC,34170,1.12,55680,39330,46290,51130,62660,77070
53-3032,SD,6470,1.07,58550,41590,48370,58690,64480,78610
53-3032,TN,64890,1.49,60440,39960,47740,58620,73420,83280
53-3032,TX,209680,1.12,57990,38150,46680,56290,64820,79400
53-3032,UT,25060,1.09,60900,44320,50340,60620,68460,76360
53-3032,VA,48750,0.89,57770,38180,46880,56860,63200,77040
53-3032,VT,3560,0.88,61100,48900,52120,60830,64900,74700
53-3032,WA,40530,0.86,68230,50010,59450,64760,75530,87500
53-3032,WI,53330,1.37,58890,44920,49400,58610,63870,76380
53-3032,WV,12190,1.31,52440,36350,43330,49480,58720,72230
53-3032,WY,6050,1.63,63180,45860,50450,60310,73000,84670
53-3033,AK,1790,0.87,62940,37210,48620,57190,82740,96300
53-3033,AL,13980,1.05,43930,27100,31390,38490,48030,78240
53-3033,AR,9340,1.13,43670,27100,30770,37080,48040,72880
53-3033,AZ,18400,0.9,50900,34660,39400,45140,53240,92590
53-3033,CA,111950,0.97,53310,36750,42160,46790,56840,93280
53-3033,CO,15810,0.87,52270,37230,43190,48410,56040,82220
53-3033,CT,10720,1,49430,34010,37310,44500,52910,74420
53-3033,DC,540,0.12,51920,37890,45930,49330,57160,69400
53-3033,DE,4200,1.37,46480,31200,34620,43990,48050,65150
53-3033,FL,67390,1.07,44580,29880,37200,41810,46880,62330
53-3033,GA,26050,0.84,48290,28020,35880,44050,53340,82790
53-3033,HI,3690,0.93,51340,34740,37930,45930,58740,85100
53-3033,IA,9680,0.98,46700,29600,37090,42750,47500,92460
53-3033,ID,7120,1.31,50700,31950,38230,44370,57320,95830
53-3033,IL,47190,1.22,53300,33130,39820,47380,60290,91360
53-3033,IN,19880,0.98,49150,29330,37090,44560,51110,92080
53-3033,KS,9140,1.01,45930,27410,36710,43730,47690,70620
53-3033,KY,15630,1.24,48880,26780,33510,43230,57950,84040
53-3033,LA,14300,1.17,44940,25330,30880,39440,50840,76360
53-3033,MA,23350,1.02,51410,34700,40860,48110,56930,75340
53-3033,MD,18420,1.05,52930,33710,38350,48150,62010,80700
53-3033,ME,3120,0.77,49820,31310,34190,44550,56130,93670
53-3033,MI,26160,0.94,46720,29470,35570,43000,48440,83460
53-3033,MN,17360,0.93,52860,31490,39760,48880,60530,90340
53-3033,MO,16210,0.87,50300,29370,36570,45500,57410,93710
53-3033,MS,7030,0.96,46940,25880,31120,38140,52120,90840
53-3033,MT,2960,0.91,50550,33470,37070,46420,55570,93770
53-3033,NC,31810,1.02,42660,26490,32750,39910,46700,61340
53-3033,ND,1950,0.72,51940,33750,37950,47950,56160,92440
53-3033,NE,4210,0.65,48720,29710,37270,44120,49440,92370
53-3033,NH,4670,1.08,48040,30640,38730,46260,53540,63770
53-3033,NJ,33900,1.25,49810,34750,41000,46820,53250,71070
53-3033,NM,4220,0.77,43090,30590,34740,42360,47140,58320
53-3033,NV,9520,0.97,47610,31270,38440,43760,51130,69690
53-3033,NY,56490,0.92,50330,34070,39390,46330,55240,72890
53-3033,OH,35130,1,44230,27460,33710,42600,46260,63740
53-3033,OK,10020,0.93,45250,24960,30690,39840,49080,91780
53-3033,OR,11120,0.89,51440,36680,42360,47150,54040,73070
53-3033,PA,42380,1.1,47870,27560,35140,44120,54630,82170
53-3033,RI,3110,0.98,49580,31200,35820,45660,53680,72810
53-3033,SC,11950,0.82,41510,23500,29830,37680,47370,62870
53-3033,SD,4820,1.67,44100,27520,34230,43240,48720,59400
53-3033,TN,33710,1.63,49120,29190,38150,45050,54110,83480
53-3033,TX,78540,0.88,46950,28120,34800,42500,50170,91280
53-3033,UT,9930,0.9,47920,33970,39710,45860,48170,64670
53-3033,VA,25170,0.97,45390,28740,35180,42450,47710,63770
53-3033,VT,2050,1.07,48430,30720,34980,45090,56290,65130
53-3033,WA,23290,1.04,53520,37890,44920,49070,57350,74080
53-3033,WI,19140,1.03,48570,30340,38220,45670,52690,72860
53-3033,WV,3330,0.75,46530,23950,28200,38860,52530,93790
53-3033,WY,1450,0.81,46620,27530,33910,43780,51840,94640
53-4011,AL,590,1.3,70290,39290,56580,77600,78740,87380
53-4011,AR,620,2.19,75780,65050,66450,78930,78930,78930
53-4011,AZ,490,0.7,91490,81810,89840,89840,93260,93260
53-4011,CA,1570,0.4,75600,52260,74370,77070,79940,79940
53-4011,CO,480,0.77,92960,57730,76670,89360,99800,125830
53-4011,DE,290,2.73,,,,,,
53-4011,FL,350,0.16,93850,80070,80290,92310,94020,94560
53-4011,IA,1000,2.98,86180,74770,74850,89970,92170,95710
53-4011,IL,2340,1.79,102480,76190,84470,93320,97280,152420
53-4011,IN,1030,1.49,90740,62830,83150,92790,94240,129020
53-4011,KS,1020,3.31,72180,60660,69290,75190,75190,78300
53-4011,KY,540,1.25,83310,61820,77590,77620,96810,98080
53-4011,LA,700,1.69,64920,47180,63890,64200,70970,73630
53-4011,MA,640,0.82,118340,84340,108790,108790,119030,168600
53-4011,MN,990,1.56,88730,79780,85620,93700,93830,93830
53-4011,MO,1110,1.76,78270,78750,78820,78820,79040,79040
53-4011,MS,300,1.19,125980,59790,60640,96710,174440,211440
53-4011,MT,470,4.31,95640,80460,90220,90220,90370,126950
53-4011,NC,340,0.32,61880,59580,61160,61190,61190,70240
53-4011,NH,30,0.23,66920,49430,60510,70670,72400,77110
53-4011,NJ,830,0.9,88640,85930,86550,86550,86680,107060
53-4011,NM,440,2.36,86590,83960,83960,88330,91610,92880
53-4011,NY,1510,0.72,98720,61110,93590,109220,110280,110280
53-4011,OH,200,0.17,66350,63110,63120,63280,63320,77130
53-4011,OK,260,0.72,93560,60640,84280,91970,100290,127380
53-4011,OR,580,1.37,76640,67440,71490,79130,82490,83630
53-4011,PA,1430,1.1,79680,60250,81440,82460,82550,100870
53-4011,SC,380,0.77,83100,58350,83210,89290,89290,89290
53-4011,SD,150,1.57,70010,62730,69180,69180,69200,81640
53-4011,TN,700,1,85470,66060,80660,81410,81900,91490
53-4011,TX,3780,1.25,73530,58700,65340,79000,79310,79310
53-4011,VA,790,0.89,85310,62490,82020,90780,90940,90940
53-4011,WA,1120,1.47,76070,59610,59910,73750,91140,91140
53-4011,WI,220,0.35,77030,61780,72640,84550,84560,84600
53-4011,WV,340,2.23,67970,62880,64380,64400,74840,90080
53-4011,WY,,**,84680,63440,78910,78910,105080,105080
53-5021,AK,710,9.16,94450,42360,60750,88230,121700,149370
53-5021,AL,350,0.7,80400,30650,45500,68920,102410,123860
53-5021,AZ,40,0.05,69200,35700,46640,58700,76720,119450
53-5021,CA,2420,0.56,129580,56060,73630,110090,132310,348100
53-5021,CT,380,0.96,95590,48380,72030,75810,114190,151800
53-5021,DE,50,0.41,79840,44480,55190,73280,100220,127790
53-5021,FL,5040,2.14,84720,36240,53250,76040,102540,136120
53-5021,GA,220,0.19,84640,38640,44010,77090,101280,121570
53-5021,HI,700,4.73,79360,47550,52980,72960,102750,115100
53-5021,IA,80,0.21,91380,46220,62190,97700,105670,121760
53-5021,IL,900,0.62,83930,48210,59830,69600,104330,125050
53-5021,IN,1010,1.34,114900,59220,63700,92000,130380,212820
53-5021,KY,1060,2.23,,,,,,
53-5021,LA,6830,14.89,119980,60480,79830,117160,132620,206860
53-5021,MA,650,0.75,85830,50960,62160,77950,101940,127720
53-5021,MD,450,0.69,143980,54920,98450,138950,179520,222280
53-5021,ME,360,2.37,74300,47640,56330,72770,80750,104240
53-5021,MI,640,0.61,62290,33280,37950,53590,79440,98420
53-5021,MN,110,0.16,88660,37770,57020,80920,111700,134680
53-5021,MO,420,0.6,88920,31960,45710,83670,114230,158510
53-5021,MS,570,2.08,111940,47030,75270,104220,137860,186020
53-5021,NC,490,0.42,79180,43040,57870,69170,95840,105880
53-5021,NH,70,0.44,89750,47530,66780,75870,102250,165110
53-5021,NJ,510,0.5,99540,50420,59860,90310,130130,156790
53-5021,NY,1930,0.84,108420,54850,79410,104800,129250,165360
53-5021,OH,420,0.32,64010,37530,38660,56070,77790,99090
53-5021,OK,30,0.08,87230,55440,76660,79110,97800,111570
53-5021,OR,350,0.75,97140,52880,62770,97050,128000,138000
53-5021,PA,580,0.41,82220,36710,38580,61420,105650,127060
53-5021,RI,250,2.09,85220,39360,56200,76790,103290,163510
53-5021,SC,520,0.96,70300,27600,43780,57660,106710,123840
53-5021,TN,940,1.2,132020,60270,76420,132710,165700,215470
53-5021,TX,3400,1.02,112180,64850,70780,111390,145560,170800
53-5021,UT,,**,53670,38160,46890,50010,52150,62880
53-5021,VA,2270,2.33,92850,54560,66460,87610,120460,132160
53-5021,VT,40,0.52,76590,31800,45210,64020,112670,120140
53-5021,WA,1560,1.86,103890,57350,75470,103730,129040,153330
53-5021,WI,170,0.25,85140,36360,64100,74390,103980,132080
53-5021,WV,110,0.69,87950,39250,61610,85290,102940,120320
53-6051,AK,170,3.28,122000,81540,100190,123120,146950,164260
53-6051,AL,670,2.01,100700,69150,101440,108140,108140,112530
53-6051,AR,120,0.56,80870,35460,54380,85130,107370,119180
53-6051,AZ,830,1.63,73380,34800,38700,62250,92680,132270
53-6051,CA,1790,0.62,88500,40790,55660,83000,114850,144460
53-6051,CO,460,1.01,90010,37470,52340,81820,127270,148820
53-6051,CT,330,1.22,96300,66910,77290,91520,121600,126820
53-6051,DC,150,1.35,106370,56820,79210,89960,132620,185220
53-6051,DE,90,1.23,,,,,,
53-6051,FL,1630,1.04,100840,54300,67800,101470,134600,141460
53-6051,GA,880,1.15,92300,40460,61620,95030,117620,141150
53-6051,HI,150,1.51,104440,51960,65980,108270,138670,151670
53-6051,IA,60,0.26,113620,54250,89340,116850,150630,159730
53-6051,ID,170,1.25,84980,39800,43600,54330,128670,156640
53-6051,IL,1130,1.18,69780,36500,39920,47990,93950,129600
53-6051,IN,250,0.49,83380,36430,53990,80330,107330,134720
53-6051,KS,210,0.92,87200,39850,47220,103380,106780,132830
53-6051,KY,260,0.82,85350,42130,53670,83970,112400,136990
53-6051,LA,130,0.42,81140,29160,46920,77460,105370,136990
53-6051,MA,,**,77420,39010,41420,79650,105870,113760
53-6051,MD,250,0.58,102860,55930,71990,100700,124590,150030
53-6051,ME,90,0.92,83920,42420,49630,63750,119350,159830
53-6051,MI,540,0.78,65260,33440,33500,35890,88710,139390
53-6051,MN,310,0.67,89890,35050,35050,92860,140880,151850
53-6051,MO,380,0.83,81340,44370,54110,64690,108830,136970
53-6051,MT,180,2.29,75830,37860,53690,62810,97880,124850
53-6051,NC,380,0.48,88120,35220,65310,84470,110630,136970
53-6051,ND,60,0.9,104020,68500,79440,106330,122930,136990
53-6051,NE,200,1.25,,,,,,
53-6051,NJ,930,1.37,65330,37010,45010,49250,80190,105680
53-6051,NM,230,1.69,69420,33360,50070,63690,88310,113460
53-6051,NV,430,1.75,70360,44670,46800,50060,91710,119100
53-6051,NY,3720,2.44,91220,66620,93420,93420,93420,97840
53-6051,OH,430,0.5,88950,37700,58320,77010,121040,143040
53-6051,OK,470,1.73,113280,107370,109990,111070,111070,139840
53-6051,OR,250,0.8,90390,48840,67170,78110,113550,140030
53-6051,PA,340,0.35,97150,55030,61550,81550,131810,161470
53-6051,SC,440,1.22,84170,67920,80490,80490,90080,100420
53-6051,SD,100,1.37,77050,47340,48980,70080,92900,141130
53-6051,TN,420,0.82,78420,40410,40410,78430,97450,135220
53-6051,TX,2290,1.03,101160,43020,74500,101440,129570,149430
53-6051,UT,210,0.78,78150,41970,49750,64480,100420,140470
53-6051,VA,330,0.5,83420,47540,58620,68610,100680,142480
53-6051,WA,490,0.87,114460,70270,81520,104250,147430,167420
53-6051,WI,120,0.26,88820,69050,69110,75260,101940,134670
53-6051,WV,90,0.77,74120,44490,50200,58670,97850,128670
53-7051,AK,410,0.25,55310,37650,40800,54190,65880,72720
53-7051,AL,15360,1.46,45540,33290,37320,44880,51000,60750
53-7051,AR,10850,1.67,44290,33890,37200,43780,49780,57260
53-7051,AZ,12340,0.76,49820,38560,44130,48110,54550,62940
53-7051,CA,89620,0.99,50360,38650,43210,47770,58360,63330
53-7051,CO,8570,0.6,53190,40560,45970,50570,60530,65630
53-7051,CT,3780,0.45,50940,38790,44160,47190,57530,71860
53-7051,DC,,**,76770,57050,70710,83720,83720,83720
53-7051,DE,5230,2.17,53480,38210,44030,60350,60350,60350
53-7051,FL,38400,0.78,49740,37050,40260,48370,58090,62960
53-7051,GA,50260,2.06,45070,36690,37990,43210,48040,59860
53-7051,HI,880,0.28,64460,41140,44430,53640,66350,118140
53-7051,IA,7770,1,48870,38640,43460,47590,52950,61000
53-7051,ID,2560,0.6,48020,36400,42250,46600,54400,59840
53-7051,IL,29450,0.97,49550,37990,42850,47720,57550,63140
53-7051,IN,23090,1.45,47600,37250,40500,45650,51330,61630
53-7051,KS,7700,1.08,47980,37910,43650,47430,50380,58640
53-7051,KY,11270,1.13,49630,35540,38820,46630,59470,70840
53-7051,LA,7680,0.8,48790,35980,40880,48950,57490,61230
53-7051,MA,8390,0.46,48190,39850,44270,46850,49470,57410
53-7051,MD,13740,1,48330,39320,42670,45630,51390,61040
53-7051,ME,2900,0.91,51710,40440,44480,47730,61280,64490
53-7051,MI,23470,1.07,48860,37200,39320,45220,54110,71150
53-7051,MN,7110,0.48,53070,39940,44550,49740,59690,73870
53-7051,MO,11470,0.78,47970,36240,39230,45190,55860,64620
53-7051,MS,9640,1.66,42860,32390,37030,43420,46770,51260
53-7051,MT,910,0.36,50140,36450,41700,48060,56600,64970
53-7051,NC,26830,1.09,43960,35940,38080,43420,47510,56000
53-7051,ND,930,0.44,50920,40720,45040,49260,56310,62700
53-7051,NE,5020,0.98,47090,37020,40520,46730,50350,59100
53-7051,NH,1450,0.43,53490,40600,46050,54460,61660,62750
53-7051,NJ,21790,1.02,49290,36680,39600,46100,56480,65820
53-7051,NM,2620,0.6,53290,35900,39840,62150,62150,65090
53-7051,NV,7300,0.94,49070,37560,39900,45230,56100,66950
53-7051,NY,18420,0.38,52860,38330,44000,49030,59700,73630
53-7051,OH,42360,1.53,49800,37960,42530,46450,58840,63660
53-7051,OK,7850,0.92,45950,35400,37750,44700,50900,60120
53-7051,OR,8560,0.87,52160,40410,47040,50760,58920,63150
53-7051,PA,42110,1.39,49760,38160,43090,47730,57650,62510
53-7051,RI,780,0.31,47410,38960,39350,45010,54620,58330
53-7051,SC,14210,1.24,45010,35780,38440,43680,47590,56980
53-7051,SD,1940,0.85,48730,37780,43320,47410,54770,61080
53-7051,TN,20070,1.23,43860,35520,37740,42100,47660,54660
53-7051,TX,88780,1.27,45400,34300,37720,45450,49590,59780
53-7051,UT,6830,0.79,51920,38270,44340,49040,57860,65760
53-7051,VA,19320,0.94,48810,37250,42470,46920,54420,62260
53-7051,VT,950,0.63,49410,39040,43780,47380,55080,61290
53-7051,WA,18750,1.06,52360,41600,46460,49910,56760,62920
53-7051,WI,12150,0.83,50110,38960,44130,47720,58270,62940
53-7051,WV,1400,0.4,42360,28700,36210,41670,48040,54920
53-7051,WY,790,0.57,57810,38220,46020,59820,64590,74160
53-7062,AK,4250,0.69,50550,34790,39000,44510,54860,75280
53-7062,AL,36140,0.9,37480,26850,30700,36670,44170,47910
53-7062,AR,21430,0.87,36730,28090,30280,35920,41750,45920
53-7062,AZ,71090,1.16,44190,34620,37280,44290,48170,57810
53-7062,CA,355500,1.03,45590,36060,37890,44710,48950,57700
53-7062,CO,31140,0.57,45860,36730,39610,45370,48770,57180
53-7062,CT,23970,0.74,44320,35440,37810,43640,48060,54490
53-7062,DC,1200,0.09,49250,37550,40200,45740,52000,62390
53-7062,DE,5220,0.57,39740,31200,34920,37320,44960,47920
53-7062,FL,164400,0.87,40260,29960,34710,38160,45390,48870
53-7062,GA,137580,1.48,40450,30100,34970,38480,46100,50770
53-7062,HI,9490,0.8,47640,34090,37830,44120,50630,61110
53-7062,IA,30890,1.04,43520,32790,37420,43490,48390,53620
53-7062,ID,15610,0.96,40810,29550,35160,39900,45400,49250
53-7062,IL,195390,1.69,42960,31780,35890,40550,47560,55840
53-7062,IN,103200,1.7,41850,31040,36390,41340,46910,52590
53-7062,KS,23270,0.85,41310,30830,35580,40250,46300,51030
53-7062,KY,57930,1.53,41960,30890,35510,42770,46830,49750
53-7062,LA,43730,1.19,35720,24150,29350,35340,41870,46890
53-7062,MA,34700,0.5,45760,36470,38920,44920,49190,58270
53-7062,MD,47710,0.91,42990,34280,36960,41600,45760,55710
53-7062,ME,6120,0.5,43040,32550,36690,42640,46720,55230
53-7062,MI,79410,0.95,41230,30220,35730,38860,46390,52080
53-7062,MN,54480,0.97,46920,35750,39110,46280,52070,61140
53-7062,MO,43050,0.77,41190,30380,35080,39080,45730,52520
53-7062,MS,30750,1.39,37170,27740,30830,36400,43750,47280
53-7062,MT,3870,0.4,42680,32400,36610,43840,46670,53160
53-7062,NC,116720,1.24,39390,30010,35030,38230,44470,47590
53-7062,ND,9990,1.23,45910,34940,38470,45690,49580,59020
53-7062,NE,13870,0.71,42850,33320,37440,42910,46610,53160
53-7062,NH,8340,0.64,42530,33960,36770,42110,46570,53560
53-7062,NJ,97230,1.2,42540,33350,35910,39540,46770,55940
53-7062,NM,10200,0.62,38990,28510,31790,37230,43800,50620
53-7062,NV,40850,1.39,43190,33380,37010,39350,45820,56690
53-7062,NY,100950,0.55,46200,35360,38450,44630,49200,59330
53-7062,OH,108830,1.03,41000,30650,35770,39460,45230,50760
53-7062,OK,38210,1.18,37790,28840,32250,36990,41420,47600
53-7062,OR,27720,0.74,45740,34820,37840,44750,49300,58010
53-7062,PA,131050,1.14,43130,32240,36620,42480,47690,56280
53-7062,RI,6760,0.71,43710,31700,36050,41690,48250,58690
53-7062,SC,56700,1.3,39140,29830,34760,37530,44480,48230
53-7062,SD,3820,0.44,41290,31340,35200,38980,46380,50420
53-7062,TN,105870,1.7,40020,30230,35550,38160,44920,48420
53-7062,TX,216970,0.81,39400,29250,33280,37540,45200,50140
53-7062,UT,29670,0.9,42720,33360,36880,42370,47060,54790
53-7062,VA,58000,0.74,42330,31050,35870,39380,47210,53700
53-7062,VT,3060,0.53,40930,30350,35480,39390,46370,49170
53-7062,WA,49450,0.73,47680,37350,40300,46190,51230,60280
53-7062,WI,70520,1.26,44080,33260,37510,44610,48500,57360
53-7062,WV,11300,0.85,38490,27270,31150,36990,44540,50240
53-7062,WY,2700,0.51,41360,31130,35670,38330,46230,53270
